#pragma ctrlchar 0x5e
#pragma pack false
#pragma semicolon false
#pragma tabsize 8
#file mix_system.sma
#line 1










#line 12
















#file F:\SV GAMELAND\server\cstrike\addons\amxmodx\scripting\include\amxmodx.inc
#line 1









#line 14

#file F:\SV GAMELAND\server\cstrike\addons\amxmodx\scripting\include\core.inc
#line 1







#line 12









native heapspace();










native funcidx(const name[]);






native numargs();









native getarg(arg, index = 0);









native setarg(arg, index = 0, value);










native tolower(c);










native toupper(c);








native swapchars(c);








native random(max);









native min(value1, value2);









native max(value1, value2);











native clamp(value, min = cellmin, max = cellmax);









native power(value, exponent);












native sqroot(value);










native time(&hour = 0, &minute = 0, &second = 0);










native date(&year = 0, &month = 0, &day = 0);













native tickcount(&granularity = 0);








stock abs(x)
{
	return x > 0 ? x : -x;
}
#file F:\SV GAMELAND\server\cstrike\addons\amxmodx\scripting\include\amxmodx.inc
#file F:\SV GAMELAND\server\cstrike\addons\amxmodx\scripting\include\float.inc
#line 1










#line 15

#pragma rational Float




enum floatround_method {
	floatround_round = 0,
	floatround_floor,
	floatround_ceil,
	floatround_tozero
};




enum anglemode {
	radian = 0,
	degrees,
	grades
};








native Float:float(value);








native Float:floatstr(const string[]);








native Float:floatfract(Float:value);












native floatround(Float:value, floatround_method:method=floatround_round);











native floatcmp(Float:fOne, Float:fTwo);










native Float:floatsqroot(Float:value);









native Float:floatpower(Float:value, Float:exponent);










native Float:floatlog(Float:value, Float:base=10.0);












native Float:floatsin(Float:value, anglemode:mode=radian);












native Float:floatcos(Float:value, anglemode:mode=radian);












native Float:floattan(Float:value, anglemode:mode=radian);












native Float:floatsinh(Float:angle, anglemode:mode=radian);












native Float:floatcosh(Float:angle, anglemode:mode=radian);












native Float:floattanh(Float:angle, anglemode:mode=radian);








native Float:floatabs(Float:value);














native Float:floatatan(Float:angle, {anglemode,_}:radix);











native Float:floatacos(Float:angle, {anglemode,_}:radix);











native Float:floatasin(Float:angle, {anglemode,_}:radix);













native Float:floatatan2(Float:x, Float:y, {anglemode,_}:radix);




native Float:floatmul(Float:oper1, Float:oper2);


native Float:floatdiv(Float:dividend, Float:divisor);


native Float:floatadd(Float:dividend, Float:divisor);


native Float:floatsub(Float:oper1, Float:oper2);


native Float:operator*(Float:oper1, Float:oper2) = floatmul;
native Float:operator/(Float:oper1, Float:oper2) = floatdiv;
native Float:operator+(Float:oper1, Float:oper2) = floatadd;
native Float:operator-(Float:oper1, Float:oper2) = floatsub;

stock Float:operator++(Float:oper)
	return oper+1.0;

stock Float:operator--(Float:oper)
	return oper-1.0;

stock Float:operator-(Float:oper)
    return oper^Float:cellmin;                                     

stock Float:operator*(Float:oper1, oper2)
	return floatmul(oper1, float(oper2));                         

stock Float:operator/(Float:oper1, oper2)
	return floatdiv(oper1, float(oper2));

stock Float:operator/(oper1, Float:oper2)
	return floatdiv(float(oper1), oper2);

stock Float:operator+(Float:oper1, oper2)
	return floatadd(oper1, float(oper2));                         

stock Float:operator-(Float:oper1, oper2)
	return floatsub(oper1, float(oper2));

stock Float:operator-(oper1, Float:oper2)
	return floatsub(float(oper1), oper2);

stock bool:operator==(Float:oper1, Float:oper2)
	return floatcmp(oper1, oper2) == 0;

stock bool:operator==(Float:oper1, oper2)
	return floatcmp(oper1, float(oper2)) == 0;                          

stock bool:operator!=(Float:oper1, Float:oper2)
	return floatcmp(oper1, oper2) != 0;

stock bool:operator!=(Float:oper1, oper2)
	return floatcmp(oper1, float(oper2)) != 0;                          

stock bool:operator>(Float:oper1, Float:oper2)
	return floatcmp(oper1, oper2) > 0;

stock bool:operator>(Float:oper1, oper2)
	return floatcmp(oper1, float(oper2)) > 0;

stock bool:operator>(oper1, Float:oper2)
	return floatcmp(float(oper1), oper2) > 0;

stock bool:operator>=(Float:oper1, Float:oper2)
	return floatcmp(oper1, oper2) >= 0;

stock bool:operator>=(Float:oper1, oper2)
	return floatcmp(oper1, float(oper2)) >= 0;

stock bool:operator>=(oper1, Float:oper2)
	return floatcmp(float(oper1), oper2) >= 0;

stock bool:operator<(Float:oper1, Float:oper2)
	return floatcmp(oper1, oper2) < 0;

stock bool:operator<(Float:oper1, oper2)
	return floatcmp(oper1, float(oper2)) < 0;

stock bool:operator<(oper1, Float:oper2)
	return floatcmp(float(oper1), oper2) < 0;

stock bool:operator<=(Float:oper1, Float:oper2)
	return floatcmp(oper1, oper2) <= 0;

stock bool:operator<=(Float:oper1, oper2)
	return floatcmp(oper1, float(oper2)) <= 0;

stock bool:operator<=(oper1, Float:oper2)
	return floatcmp(float(oper1), oper2) <= 0;

stock bool:operator!(Float:oper)
	return (_:oper & ((-1)/2)) == 0;                                                                     

forward operator%(Float:oper1, Float:oper2);
forward operator%(Float:oper1, oper2);
forward operator%(oper1, Float:oper2);










stock Float:floatmin(Float:ValueA, Float:ValueB)
{
	if (ValueA<=ValueB)
	{
		return ValueA;
	}

	return ValueB;
}









stock Float:floatmax(Float:ValueA, Float:ValueB)
{
	if (ValueA>=ValueB)
	{
		return ValueA;
	}

	return ValueB;
}










stock Float:floatclamp(Float:Value, Float:MinValue, Float:MaxValue)
{
	if (Value<=MinValue)
	{
		return MinValue;
	}
	if (Value>=MaxValue)
	{
		return MaxValue;
	}

	return Value;
}#file F:\SV GAMELAND\server\cstrike\addons\amxmodx\scripting\include\amxmodx.inc
#file F:\SV GAMELAND\server\cstrike\addons\amxmodx\scripting\include\amxconst.inc
#line 1









#line 14

#file F:\SV GAMELAND\server\cstrike\addons\amxmodx\scripting\include\amxmodx_version.inc
#line 1

#line 6

#line 18

stock const AMXX_VERSION_STR[] = "1.9.0.5303";

#file F:\SV GAMELAND\server\cstrike\addons\amxmodx\scripting\include\amxconst.inc
#line 16














#line 31









#line 41




public stock const MaxClients; 




public stock const NULL_STRING[1];




public stock const Float:NULL_VECTOR[3];




#line 61




#line 66




#line 71




#line 76




#line 81




#line 86




#line 91




#line 96




#line 101








#line 134




#line 144








#line 155




#line 176




#line 190








#line 207




#line 215




#line 222




#line 227




#line 235








#line 253




#line 259








enum
{
	print_notify = 1,
	print_console,
	print_chat,
	print_center,
	print_radio                              
};




enum
{
	print_team_default = 0,
	print_team_grey = -1,
	print_team_red = -2,
	print_team_blue = -3,
};




enum
{
	engprint_console = 0,
	engprint_center,
	engprint_chat,
};












enum
{
	kRenderNormal = 0,               
	kRenderTransColor,                          
	kRenderTransTexture,                          
	kRenderGlow,                                                  
	kRenderTransAlpha,                                  
	kRenderTransAdd,                        
};




enum
{
	kRenderFxNone = 0,
	kRenderFxPulseSlow,
	kRenderFxPulseFast,
	kRenderFxPulseSlowWide,
	kRenderFxPulseFastWide,
	kRenderFxFadeSlow,
	kRenderFxFadeFast,
	kRenderFxSolidSlow,
	kRenderFxSolidFast,
	kRenderFxStrobeSlow,
	kRenderFxStrobeFast,
	kRenderFxStrobeFaster,
	kRenderFxFlickerSlow,
	kRenderFxFlickerFast,
	kRenderFxNoDissipation,
	kRenderFxDistort,                                                
	kRenderFxHologram,                                                
	kRenderFxDeadPlayer,                                            
	kRenderFxExplode,                                     
	kRenderFxGlowShell,                            
	kRenderFxClampMinScale,                                                                   
	kRenderFxLightMultiplier,                                                                                                  
};








enum
{
	force_exactfile = 0,                                                             
	force_model_samebounds,                                                                       
	force_model_specifybounds,                                                                         
};




enum
{
	module_none = 0,
	module_query,
	module_badload,
	module_loaded,
	module_noinfo,
	module_noquery,
	module_noattach,
	module_old,
};




#line 387




#line 392




#line 403




#line 418




#line 423








#line 435




#line 444








enum LibType
{
	LibType_Library,
	LibType_Class
};




enum AdminProp
{
	AdminProp_Auth = 0,
	AdminProp_Password,
	AdminProp_Access,
	AdminProp_Flags
};





enum HashType
{
	Hash_Crc32 = 0,  
	Hash_Md5,        
	Hash_Sha1,       
	Hash_Sha256,     

	Hash_Sha3_224,   
	Hash_Sha3_256,   
	Hash_Sha3_384,   
	Hash_Sha3_512,   

	Hash_Keccak_224, 
	Hash_Keccak_256, 
	Hash_Keccak_384, 
	Hash_Keccak_512  
};




enum SetTaskFlags (<<= 1)
{
	SetTask_Once = 0,          
	SetTask_RepeatTimes = 1,   
	SetTask_Repeat,            
	SetTask_AfterMapStart,     
	SetTask_BeforeMapChange    
};




enum RegisterEventFlags (<<= 1)
{
	RegisterEvent_None = 0,        
	RegisterEvent_Global = 1,      
	RegisterEvent_Single,          
	RegisterEvent_OnceForMultiple, 
	RegisterEvent_OnlyDead,        
	RegisterEvent_OnlyAlive,       
	RegisterEvent_OnlyHuman,       
	RegisterEvent_OnlyBots         
};




enum GetPlayersFlags (<<= 1)
{
	GetPlayers_None = 0,           
	GetPlayers_ExcludeDead = 1,    
	GetPlayers_ExcludeAlive,       
	GetPlayers_ExcludeBots,        
	GetPlayers_ExcludeHuman,       
	GetPlayers_MatchTeam,          
	GetPlayers_MatchNameSubstring, 
	GetPlayers_CaseInsensitive,    
	GetPlayers_ExcludeHLTV,        
	GetPlayers_IncludeConnecting   
};




enum FindPlayerFlags (<<= 1)
{
	FindPlayer_None = 0,           
	FindPlayer_MatchName = 1,      
	FindPlayer_MatchNameSubstring, 
	FindPlayer_MatchAuthId,        
	FindPlayer_MatchIP,            
	FindPlayer_MatchTeam,          
	FindPlayer_ExcludeDead,        
	FindPlayer_ExcludeAlive,       
	FindPlayer_ExcludeBots,        
	FindPlayer_ExcludeHuman,       
	FindPlayer_LastMatched,        
	FindPlayer_MatchUserId,        
	FindPlayer_CaseInsensitive,    
	FindPlayer_IncludeConnecting   
}




enum
{
	STATSX_KILLS = 0,
	STATSX_DEATHS,
	STATSX_HEADSHOTS,
	STATSX_TEAMKILLS,
	STATSX_SHOTS,
	STATSX_HITS,
	STATSX_DAMAGE,
	STATSX_RANK,
	STATSX_MAX_STATS
}




enum
{
	Origin_Client = 0,      
	Origin_Eyes,            
	Origin_AimEndClient,    
	Origin_AimEndEyes,      
	Origin_CS_LastBullet    
}

#file F:\SV GAMELAND\server\cstrike\addons\amxmodx\scripting\include\cstrike_const.inc
#line 1













#line 18




#line 58

const CSW_ALL_WEAPONS      = (~(1<<31));
const CSW_ALL_PISTOLS      = (1<<1  | 1<<10 | 1<<11 | 1<<16 | 1<<17 | 1<<26);
const CSW_ALL_SHOTGUNS     = (1<<21    | 1<<5);
const CSW_ALL_SMGS         = (1<<7 | 1<<12 | 1<<19 | 1<<23  | 1<<30);
const CSW_ALL_RIFLES       = (1<<8   | 1<<14 | 1<<15   | 1<<22 | 1<<28 | 1<<27);
const CSW_ALL_SNIPERRIFLES = (1<<3 | 1<<18   | 1<<24   | 1<<13);
const CSW_ALL_MACHINEGUNS  = (1<<20);
const CSW_ALL_GRENADES     = (1<<4 | 1<<9 | 1<<25);
const CSW_ALL_ARMORS       = (1<<31 | 1<<32);
const CSW_ALL_GUNS         = (CSW_ALL_PISTOLS | CSW_ALL_SHOTGUNS | CSW_ALL_SMGS | CSW_ALL_RIFLES | CSW_ALL_SNIPERRIFLES | CSW_ALL_MACHINEGUNS);










enum CsInternalModel
{
	CS_NORESET     = -1,
	CS_DONTCHANGE  = 0,
	CS_UNASSIGNED  = 0,
	CS_CT_URBAN    = 1,
	CS_T_TERROR    = 2,
	CS_T_LEET      = 3,
	CS_T_ARCTIC    = 4,
	CS_CT_GSG9     = 5,
	CS_CT_GIGN     = 6,
	CS_CT_SAS      = 7,
	CS_T_GUERILLA  = 8,
	CS_CT_VIP      = 9,
	CZ_T_MILITIA   = 10,
	CZ_CT_SPETSNAZ = 11,
};




enum CsTeams
{
	CS_TEAM_UNASSIGNED = 0,
	CS_TEAM_T          = 1,
	CS_TEAM_CT         = 2,
	CS_TEAM_SPECTATOR  = 3,
};








enum CsArmorType
{
	CS_ARMOR_NONE     = 0,  
	CS_ARMOR_KEVLAR   = 1,  
	CS_ARMOR_VESTHELM = 2,  
};




#line 130




enum
{
	CS_RESET_ZOOM = 0,      
	CS_SET_NO_ZOOM,         
	CS_SET_FIRST_ZOOM,      
	CS_SET_SECOND_ZOOM,     
	CS_SET_AUGSG552_ZOOM,   
};








#line 191

#line 202




#line 211




#line 235




#line 242




enum CsPlayerAnim
{
	CS_PLAYER_IDLE          = 0,
	CS_PLAYER_WALK          = 1,
	CS_PLAYER_JUMP          = 2,
	CS_PLAYER_SUPERJUMP     = 3,
	CS_PLAYER_DIE           = 4,
	CS_PLAYER_ATTACK1       = 5,
	CS_PLAYER_ATTACK2       = 6,
	CS_PLAYER_FLINCH        = 7,
	CS_PLAYER_LARGE_FLINCH  = 8,
	CS_PLAYER_RELOAD        = 9,
	CS_PLAYER_HOLDBOMB      = 10,
};




enum CsMenu
{
	CS_Menu_OFF              = 0,
	CS_Menu_ChooseTeam       = 1,
	CS_Menu_IGChooseTeam     = 2,
	CS_Menu_ChooseAppearance = 3,
	CS_Menu_Buy              = 4,
	CS_Menu_BuyPistol        = 5,
	CS_Menu_BuyRifle         = 6,
	CS_Menu_BuyMachineGun    = 7,
	CS_Menu_BuyShotgun       = 8,
	CS_Menu_BuySubMachineGun = 9,
	CS_Menu_BuyItem          = 10,
	CS_Menu_Radio1           = 11,
	CS_Menu_Radio2           = 12,
	CS_Menu_Radio3           = 13,
	CS_Menu_ClientBuy        = 14,
};




enum CsJoinState
{
	CS_STATE_JOINED           = 0,
	CS_STATE_SHOW_LTEXT       = 1,
	CS_STATE_READING_LTEXT    = 2,
	CS_STATE_SHOW_TEAM_SELECT = 3,
	CS_STATE_PICKING_TEAM     = 4,
	CS_STATE_GET_INTO_GAME    = 5,
};




enum CsThrowDirection
{
	CS_THROW_NONE                = 0,
	CS_THROW_FORWARD             = 1,
	CS_THROW_BACKWARD            = 2,
	CS_THROW_HITVEL              = 3,
	CS_THROW_BOMB                = 4,
	CS_THROW_GRENADE             = 5,
	CS_THROW_HITVEL_MINUS_AIRVEL = 6,
};








#line 320




#line 326




#line 331




#line 338




enum CsStatusBar
{
	CS_SBAR_ID_TARGETTYPE   = 1,
	CS_SBAR_ID_TARGETNAME   = 2,
	CS_SBAR_ID_TARGETHEALTH = 3,
};








#line 361




enum CsWeaponClassType
{
	CS_WEAPONCLASS_NONE          = 0,
	CS_WEAPONCLASS_KNIFE         = 1,
	CS_WEAPONCLASS_PISTOL        = 2,
	CS_WEAPONCLASS_GRENADE       = 3,
	CS_WEAPONCLASS_SUBMACHINEGUN = 4,
	CS_WEAPONCLASS_SHOTGUN       = 5,
	CS_WEAPONCLASS_MACHINEGUN    = 6,
	CS_WEAPONCLASS_RIFLE         = 7,
	CS_WEAPONCLASS_SNIPERRIFLE   = 8,
};




enum CsAutoBuyClassType
{
	CS_AUTOBUYCLASS_PRIMARY     = (1<<0),
	CS_AUTOBUYCLASS_SECONDARY   = (1<<1),
	CS_AUTOBUYCLASS_AMMO        = (1<<2),
	CS_AUTOBUYCLASS_ARMOR       = (1<<3),
	CS_AUTOBUYCLASS_DEFUSER     = (1<<4),
	CS_AUTOBUYCLASS_PISTOL      = (1<<5),
	CS_AUTOBUYCLASS_SMG         = (1<<6),
	CS_AUTOBUYCLASS_RIFLE       = (1<<7),
	CS_AUTOBUYCLASS_SNIPERRIFLE = (1<<8),
	CS_AUTOBUYCLASS_SHOTGUN     = (1<<9),
	CS_AUTOBUYCLASS_MACHINEGUN  = (1<<10),
	CS_AUTOBUYCLASS_GRENADE     = (1<<11),
	CS_AUTOBUYCLASS_NIGHTVISION = (1<<12),
	CS_AUTOBUYCLASS_SHIELD      = (1<<13),
};




enum CsAmmoType
{
	CS_AMMO_BUCKSHOT   = 0,
	CS_AMMO_9MM        = 1,
	CS_AMMO_556NATO    = 2,
	CS_AMMO_556NATOBOX = 3,
	CS_AMMO_762NATO    = 4,
	CS_AMMO_45ACP      = 5,
	CS_AMMO_50AE       = 6,
	CS_AMMO_338MAGNUM  = 7,
	CS_AMMO_57MM       = 8,
	CS_AMMO_357SIG     = 9,
};




enum CsWeaponInfo
{
	CS_WEAPONINFO_COST          = 0,
	CS_WEAPONINFO_CLIP_COST     = 1,
	CS_WEAPONINFO_BUY_CLIP_SIZE = 2,
	CS_WEAPONINFO_GUN_CLIP_SIZE = 3,
	CS_WEAPONINFO_MAX_ROUNDS    = 4,
	CS_WEAPONINFO_AMMO_TYPE     = 5,
};




enum CsWeaponCostType
{
	CS_AK47_PRICE      = 2500,
	CS_AWP_PRICE       = 4750,
	CS_DEAGLE_PRICE    = 650,
	CS_G3SG1_PRICE     = 5000,
	CS_SG550_PRICE     = 4200,
	CS_GLOCK18_PRICE   = 400,
	CS_M249_PRICE      = 5750,
	CS_M3_PRICE        = 1700,
	CS_M4A1_PRICE      = 3100,
	CS_AUG_PRICE       = 3500,
	CS_MP5NAVY_PRICE   = 1500,
	CS_P228_PRICE      = 600,
	CS_P90_PRICE       = 2350,
	CS_UMP45_PRICE     = 1700,
	CS_MAC10_PRICE     = 1400,
	CS_SCOUT_PRICE     = 2750,
	CS_SG552_PRICE     = 3500,
	CS_TMP_PRICE       = 1250,
	CS_USP_PRICE       = 500,
	CS_ELITE_PRICE     = 800,
	CS_FIVESEVEN_PRICE = 750,
	CS_XM1014_PRICE    = 3000,
	CS_GALIL_PRICE     = 2000,
	CS_FAMAS_PRICE     = 2250,
	CS_SHIELDGUN_PRICE = 2200
};




enum CsItemCostType
{
	CS_ASSAULTSUIT_PRICE  = 1000,
	CS_FLASHBANG_PRICE    = 200,
	CS_HEGRENADE_PRICE    = 300,
	CS_SMOKEGRENADE_PRICE = 300,
	CS_KEVLAR_PRICE       = 650,
	CS_HELMET_PRICE       = 350,
	CS_NVG_PRICE          = 1250,
	CS_DEFUSEKIT_PRICE    = 200
};




enum CsAmmoCostType
{
	CS_AMMO_338MAG_PRICE   = 125,
	CS_AMMO_357SIG_PRICE   = 50,
	CS_AMMO_45ACP_PRICE    = 25,
	CS_AMMO_50AE_PRICE     = 40,
	CS_AMMO_556NATO_PRICE  = 60,
	CS_AMMO_57MM_PRICE     = 50,
	CS_AMMO_762NATO_PRICE  = 80,
	CS_AMMO_9MM_PRICE      = 20,
	CS_AMMO_BUCKSHOT_PRICE = 65
};




#line 501




#line 513




#file F:\SV GAMELAND\server\cstrike\addons\amxmodx\scripting\include\amxconst.inc
#line 585

#file F:\SV GAMELAND\server\cstrike\addons\amxmodx\scripting\include\amxmodx.inc
#file F:\SV GAMELAND\server\cstrike\addons\amxmodx\scripting\include\string.inc
#line 1













#line 18

#file F:\SV GAMELAND\server\cstrike\addons\amxmodx\scripting\include\string_const.inc
#line 1













#line 18

#line 20











#line 32



































#line 71

#line 75





#line 85



const UTF8C_LETTER      = (0x00000001 | 0x00000002 | 0x00000004 | 0x00000008  | 0x00000010);
const UTF8C_CASE_MAPPED = (0x00000001 | 0x00000002 | 0x00000004);

#line 94


const UTF8C_MARK = (0x00000020 | 0x00000040 | 0x00000080);

#line 101


const UTF8C_NUMBER = (0x00000100 | 0x00000200 | 0x00000400);

#line 112


#line 116
const UTF8C_PUNCTUATION  = (0x00000800 | 0x00001000    | 0x00002000  | 0x00004000     | 0x00008000 | 0x00010000 | 0x00020000);

#line 122


const UTF8C_SYMBOL = (0x00040000 | 0x00080000 | 0x00100000 | 0x00200000);

#line 129


const UTF8C_SEPARATOR = (0x00400000 | 0x00800000 | 0x01000000);

#line 140


const UTF8C_ISCNTRL  = (0x40000000 | 0x02000000);
const UTF8C_ISPRINT  = (0x40000000 | UTF8C_LETTER | UTF8C_NUMBER | UTF8C_PUNCTUATION | UTF8C_SYMBOL | UTF8C_SEPARATOR);
const UTF8C_ISSPACE  = (0x40000000 | 0x00400000);
const UTF8C_ISBLANK  = (0x40000000 | 0x00400000 | 0x10000000);
const UTF8C_ISGRAPH  = (0x40000000 | UTF8C_LETTER | UTF8C_NUMBER | UTF8C_PUNCTUATION | UTF8C_SYMBOL);
const UTF8C_ISPUNCT  = (0x40000000 | UTF8C_PUNCTUATION | UTF8C_SYMBOL);
const UTF8C_ISALNUM  = (0x40000000 | UTF8C_LETTER | UTF8C_NUMBER);
const UTF8C_ISALPHA  = (0x40000000 | UTF8C_LETTER);
const UTF8C_ISUPPER  = (0x40000000 | 0x00000001);
const UTF8C_ISLOWER  = (0x40000000 | 0x00000002);
const UTF8C_ISDIGIT  = (0x40000000 | UTF8C_NUMBER);
const UTF8C_ISXDIGIT = (0x40000000 | UTF8C_NUMBER | 0x10000000);


const UTF8C_ALL = 0xFFFFFFFF & (~0x40000000);
#file F:\SV GAMELAND\server\cstrike\addons\amxmodx\scripting\include\string.inc
#line 20














native strlen(const string[]);










native contain(const source[], const string[]);












native containi(const source[], const string[]);












native replace(text[], len, const what[], const with[]);





















native replace_string(text[], maxlength, const search[], const replace[], bool:caseSensitive = true);



























native replace_stringex(text[], maxlength, const search[], const replace[], searchLen = -1, replaceLen = -1, bool:caseSensitive = true);











native add(dest[],len,const src[],max=0);

















native format(output[], len, const format[], any:...);




















native formatex(output[], len, const format[], any:...);
















native [256]fmt(const format[], any:...);
























native vformat(buffer[], len, const fmt[], vararg);

















native vdformat(buffer[], len, fmt_arg, vararg, ...);










native format_args(output[], len, pos = 0);










native num_to_str(num,string[],len);







native str_to_num(const string[]);








































native strtol(const string[], &endPos = 0, base = 0);
























native Float:strtof(const string[], &endPos = 0);










native float_to_str(Float:fl, string[], len);







native Float:str_to_float(const string[]);










native equal(const a[],const b[],c=0);












native equali(const a[], const b[], c = 0);













native copy(dest[],len,const src[]);











native copyc(dest[],len,const src[],ch);










native setc(src[],len,ch);














native parse(const text[], ... );
























native strtok(const text[], Left[], leftLen, Right[], rightLen, token=' ', trimSpaces=0);

















native strtok2(const text[], left[], const llen, right[], const rlen, const token = ' ', const trim = 0);







native trim(text[]);







native strtolower(string[]);














native mb_strtolower(string[], maxlength = 0);







native strtoupper(string[]);














native mb_strtoupper(string[], maxlength = 0);







native ucfirst(string[]);













native mb_ucfirst(string[], maxlength = 0);




















native mb_strtotitle(string[], maxlength = 0);


























native bool:is_string_category(const input[], input_size, flags, &output_size = 0);









native isdigit(ch);









native isalpha(ch);









native isspace(ch);









native isalnum(ch);










native is_char_mb(ch);










native bool:is_char_upper(ch);










native bool:is_char_lower(ch);











native get_char_bytes(const source[]);









native strcat(dest[], const source[], maxlength);














native strfind(const string[], const sub[], bool:ignorecase = false, pos = 0);














native strcmp(const string1[], const string2[], bool:ignorecase = false);
















native strncmp(const string1[], const string2[], num, bool:ignorecase = false);

































native argparse(const text[], pos, argbuffer[], maxlen);















native split_string(const source[], const split[], part[], partLen);



#file F:\SV GAMELAND\server\cstrike\addons\amxmodx\scripting\include\string_stocks.inc
#line 1













#line 18

#line 22















stock bool:is_str_num(const sString[])
{
	new i = 0;

	while (sString[i] && isdigit(sString[i]))
	{
		++i;
	}

	return sString[i] == 0 && i != 0;
}










stock char_to_upper(chr)
{
	if (is_char_lower(chr))
	{
		return (chr & ~(1<<5));
	}

	return chr;
}










stock char_to_lower(chr)
{
	if (is_char_upper(chr))
	{
		return (chr | (1<<5));
	}

	return chr;
}





#pragma deprecated Use argbreak() instead
stock strbreak(const text[], Left[], leftLen, Right[], rightLen)
{
	return argbreak(text, Left, leftLen, Right, rightLen);
}














stock argbreak(const text[], left[], leftlen, right[], rightlen)
{
	new pos = argparse(text, 0, left, leftlen);

	if (pos == -1)
	{
		return -1;
	}

	new textlen = strlen(text);

	while (pos < textlen && isspace(text[pos]))
	{
		pos++;
	}

	copy(right, rightlen, text[pos]);

	return pos;
}













stock split(const szInput[], szLeft[], pL_Max, szRight[], pR_Max, const szDelim[])
{
	new iEnd = contain(szInput, szDelim);
	new iStart = iEnd + strlen(szDelim);


	if (iEnd == -1)
	{
		iStart = copy(szLeft, pL_Max, szInput);
		copy(szRight, pR_Max, szInput[iStart]);
		return;
	}


	if (pL_Max >= iEnd)
		copy(szLeft, iEnd, szInput);
	else
		copy(szLeft, pL_Max, szInput);

	copy(szRight, pR_Max, szInput[iStart]);
}










stock remove_filepath(const szFilePath[], szFile[], pMax)
{
	new len = strlen(szFilePath);

	while ((--len >= 0) && (szFilePath[len] != '/') && (szFilePath[len] != '\')) { }

	copy(szFile, pMax, szFilePath[len + 1]);

	return;
}
















stock replace_all(string[], len, const what[], const with[])
{
	new pos = 0;

	if ((pos = contain(string, what)) == -1)
	{
		return 0;
	}

	new total = 0;
	new with_len = strlen(with);
	new diff = strlen(what) - with_len;
	new total_len = strlen(string);
	new temp_pos = 0;

	while (replace(string[pos], len - pos, what, with) != 0)
	{
		total++;


		pos += with_len;


		total_len -= diff;


		if (pos >= total_len)
		{
			break;
		}


		temp_pos = contain(string[pos], what);


		if (temp_pos == -1)
		{
			break;
		}


		pos += temp_pos;
	}

	return total;
}













stock explode_string(const text[], const split[], buffers[][], maxStrings, maxStringLength, bool:copyRemainder = false)
{
	new reloc_idx, idx, total;

	if (maxStrings < 1 || !split[0])
	{
		return 0;
	}

	while ((idx = split_string(text[reloc_idx], split, buffers[total], maxStringLength)) != -1)
	{
		reloc_idx += idx;
		if (++total == maxStrings)
		{
			if (copyRemainder)
			{
				copy(buffers[total-1], maxStringLength, text[reloc_idx-idx]);
			}
			return total;
		}
	}

	copy(buffers[total++], maxStringLength, text[reloc_idx]);

	return total;
}












stock implode_strings(const strings[][], numStrings, const join[], buffer[], maxLength)
{
	new total, length, part_length;
	new join_length = strlen(join);

	for (new i=0; i<numStrings; i++)
	{
		length = copy(buffer[total], maxLength-total, strings[i]);
		total += length;

		if (length < part_length)
		{
			break;
		}

		if (i != numStrings - 1)
		{
			length = copy(buffer[total], maxLength-total, join);
			total += length;

			if (length < join_length)
			{
				break;
			}
		}
	}

	return total;
}
#file F:\SV GAMELAND\server\cstrike\addons\amxmodx\scripting\include\string.inc
#line 787

#file F:\SV GAMELAND\server\cstrike\addons\amxmodx\scripting\include\amxmodx.inc
#file F:\SV GAMELAND\server\cstrike\addons\amxmodx\scripting\include\file.inc
#line 1













#line 18












#line 31




enum FileType
{
	FileType_Unknown,                                              
	FileType_Directory,                              
	FileType_File,                              
};




enum FileTimeType
{
	FileTime_LastAccess,                                            
	FileTime_Created,                                            
	FileTime_LastChange,                           
};




#line 58




#line 65




#line 73




#line 81

#line 86

#line 91

#line 93
















native read_dir(const dirname[], pos, output[], len, &outlen = 0);
















native read_file(const file[], line, text[], len, &txtlen = 0);















native write_file(const file[], const text[], line = -1);













native delete_file(const file[], bool:use_valve_fs = false, const valve_path_id[] = "GAMECONFIG");












native file_exists(const file[], bool:use_valve_fs = false);












native rename_file(const oldname[], const newname[], relative = 0);












native dir_exists(const dir[], bool:use_valve_fs = false);


















native file_size(const file[], flag = 0, bool:use_valve_fs = false, const valve_path_id[] = "GAME");


















































native fopen(const filename[], const mode[], bool:use_valve_fs = false, const valve_path_id[] = "GAME");






native fclose(file);











native fread(file, &any:data, mode);












native fread_blocks(file, any:data[], blocks, mode);














native fread_raw(file, any:stream[], blocksize, blocks);











native fwrite(file, any:data, mode);












native fwrite_blocks(file, const any:data[], blocks, mode);














native fwrite_raw(file, const any:stream[], blocks, mode);








native feof(file);










native fgets(file, buffer[], maxlength);










native fputs(file, const text[], bool:null_term = false);










native fprintf(file, const fmt[], any:...);










native fseek(file, position, start);








native ftell(file);








native fgetc(file);









native fputc(file, data);









native fungetc(file, data);








native fflush(file);









native filesize(const filename[], any:...);










native rmdir(const path[]);















native mkdir(const dirname[], mode = 0x0100 | 0x0080 | 0x0040 | 0x0020 | 0x0010 | 0x0008 | 0x0004 | 0x0002 | 0x0001, bool:use_valve_fs = false, const valve_path_id[] = "GAMECONFIG");













native unlink(const filename[], bool:use_valve_fs = false, const valve_path_id[] = "GAMECONFIG");


















native open_dir(dir[], firstfile[], length, &FileType:type = FileType_Unknown, bool:use_valve_fs = false, const valve_path_id[] = "GAME");














native next_file(dirh, buffer[], length, &FileType:type = FileType_Unknown);






native close_dir(dirh);
















native LoadFileForMe(const file[], buffer[], maxlength, &length = 0);









native GetFileTime(const file[], FileTimeType:tmode);









native bool:SetFilePermissions(const path[], mode);










native bool:FileReadInt8(file, &any:data);










native bool:FileReadUint8(file, &any:data);










native bool:FileReadInt16(file, &any:data);










native bool:FileReadUint16(file, &any:data);









native bool:FileReadInt32(file, &any:data);









native bool:FileWriteInt8(file, any:data);









native bool:FileWriteInt16(file, any:data);









native bool:FileWriteInt32(file, any:data);

#file F:\SV GAMELAND\server\cstrike\addons\amxmodx\scripting\include\amxmodx.inc
#file F:\SV GAMELAND\server\cstrike\addons\amxmodx\scripting\include\vault.inc
#line 1













#line 18













native get_vaultdata(const key[], data[] = "", len = 0);










native set_vaultdata(const key[], const data[] = "");








native remove_vaultdata(const key[]);








native vaultdata_exists(const key[]);
#file F:\SV GAMELAND\server\cstrike\addons\amxmodx\scripting\include\amxmodx.inc
#file F:\SV GAMELAND\server\cstrike\addons\amxmodx\scripting\include\lang.inc
#line 1













#line 18






native get_langsnum();









native get_lang(id, name[3]);














native register_dictionary(const filename[]);






native lang_exists(const name[]);

enum TransKey
{
	TransKey_Bad = -1,
};








native TransKey:CreateLangKey(const key[]);








native TransKey:GetLangTransKey(const key[]);










native AddTranslation(const lang[3], TransKey:key, const phrase[]);















native LookupLangKey(Output[], OutputSize, const Key[], const &id);












native SetGlobalTransTarget(client);
#file F:\SV GAMELAND\server\cstrike\addons\amxmodx\scripting\include\amxmodx.inc
#file F:\SV GAMELAND\server\cstrike\addons\amxmodx\scripting\include\messages.inc
#line 1













#line 18

#file F:\SV GAMELAND\server\cstrike\addons\amxmodx\scripting\include\message_const.inc
#line 1













#line 18




#line 32






#line 97




#line 104




enum
{
	ARG_BYTE = 1,                
	ARG_CHAR,                    
	ARG_SHORT,                   
	ARG_LONG,                    
	ARG_ANGLE,                     
	ARG_COORD,                     
	ARG_STRING,                     
	ARG_ENTITY,                  
};




























#line 148






















#line 171










#line 182















#line 198





#line 208










#line 219













#line 233













#line 247

















#line 265




















#line 286










#line 297










#line 308










#line 319












#line 332













#line 346













#line 360



















#line 380













#line 394















#line 410
























#line 435
























#line 460
























#line 485















#line 501














#line 516




















#line 537

















#line 555
















#line 572

















#line 590
























#line 615

















#line 633

















#line 651








#line 660












#line 673















#line 689













#line 703















#line 719












#line 732










#line 743

















#line 761
















#line 778





















#line 800












#line 813

















#line 831











#line 843














#line 858

















#line 876

















#line 894














#line 909











#line 921











#line 933












#line 946
















#line 963


















#line 982











#line 994











#line 1006













#line 1020





#line 1030











#line 1042








#line 1051






















#line 1074

















#line 1092









#line 1114

#line 1116




#line 1128

#file F:\SV GAMELAND\server\cstrike\addons\amxmodx\scripting\include\messages.inc
#line 20






















native message_begin(dest, msg_type, const origin[3] = {0,0,0}, player = 0);
























native message_begin_f(dest, msg_type, const Float:origin[3] = {0.0,0.0,0.0}, player = 0);









native message_end();












native write_byte(x);












native write_char(x);












native write_short(x);












native write_long(x);












native write_entity(x);












native write_angle(x);












native write_angle_f(Float:x);












native write_coord(x);












native write_coord_f(Float:x);












native write_string(const x[]);




























native emessage_begin(dest, msg_type, const origin[3] = {0,0,0}, player = 0);






























native emessage_begin_f(dest, msg_type, const Float:origin[3] = {0.0,0.0,0.0}, player = 0);









native emessage_end();












native ewrite_byte(x);












native ewrite_char(x);












native ewrite_short(x);












native ewrite_long(x);












native ewrite_entity(x);












native ewrite_angle(x);












native ewrite_angle_f(Float:x);












native ewrite_coord(x);












native ewrite_coord_f(Float:x);












native ewrite_string(const x[]);














native set_msg_block(iMessage, iMessageFlags);










native get_msg_block(iMessage);



























native register_message(iMsgId, const szFunction[]);















native unregister_message(iMsgId, registeredmsg);









native get_msg_args();











native get_msg_argtype(argn);













native get_msg_arg_int(argn);













native Float:get_msg_arg_float(argn);















native get_msg_arg_string(argn, szReturn[], iLength);















native set_msg_arg_int(argn, argtype, iValue);















native set_msg_arg_float(argn, argtype, Float:fValue);














native set_msg_arg_string(argn, const szString[]);













native get_msg_origin(const Float:_Origin[3]);
#file F:\SV GAMELAND\server\cstrike\addons\amxmodx\scripting\include\amxmodx.inc
#file F:\SV GAMELAND\server\cstrike\addons\amxmodx\scripting\include\vector.inc
#line 1













#line 18




#line 25









native get_distance(const origin1[3], const origin2[3]);









native Float:get_distance_f(const Float:Origin1[3], const Float:Origin2[3]);












native velocity_by_aim(iIndex, iVelocity, Float:vRetValue[3]);









native vector_to_angle(const Float:fVector[3], Float:vReturn[3]);










native angle_vector(const Float:vector[3], FRU, Float:ret[3]);








native Float:vector_length(const Float:vVector[3]);









native Float:vector_distance(const Float:vVector[3], const Float:vVector2[3]);









stock IVecFVec(const IVec[3], Float:FVec[3])
{
	FVec[0] = float(IVec[0]);
	FVec[1] = float(IVec[1]);
	FVec[2] = float(IVec[2]);

	return 1;
}









stock FVecIVec(const Float:FVec[3], IVec[3])
{
	IVec[0] = floatround(FVec[0]);
	IVec[1] = floatround(FVec[1]);
	IVec[2] = floatround(FVec[2]);

	return 1;
}
#file F:\SV GAMELAND\server\cstrike\addons\amxmodx\scripting\include\amxmodx.inc
#file F:\SV GAMELAND\server\cstrike\addons\amxmodx\scripting\include\sorting.inc
#line 1



















#line 24




enum SortMethod
{
	Sort_Ascending = 0,
	Sort_Descending,
	Sort_Random,
};




enum SortType
{
	Sort_Integer = 0,
	Sort_Float,
 	Sort_String,
};




native SortIntegers(array[], array_size, SortMethod:order = Sort_Ascending);

native SortFloats(Float:array[], array_size, SortMethod:order = Sort_Ascending);

native SortStrings(array[][], num_strings, SortMethod:order = Sort_Ascending);























native SortCustom1D(array[], array_size, const comparefunc[], data[]="", data_size=0);




















native SortCustom2D(array[][], array_size, const comparefunc[], data[]="", data_size=0);









native SortADTArray(Array:array, SortMethod:order, SortType:type);
#file F:\SV GAMELAND\server\cstrike\addons\amxmodx\scripting\include\amxmodx.inc
#file F:\SV GAMELAND\server\cstrike\addons\amxmodx\scripting\include\cellarray.inc
#line 1









#line 13

#line 15













enum Array
{
	Invalid_Array = 0
};









stock ByteCountToCells(size)
{
	if (!size)
	{
		return 1;
	}

	return (size + 3) / 4;
}




















native Array:ArrayCreate(cellsize = 1, reserved = 32);










native Array:ArrayClone(Array:which);









native ArrayClear(Array:which);










native ArraySize(Array:which);














native bool:ArrayResize(Array:which, newsize);

















native ArrayGetArray(Array:which, item, any:output[], size = -1);














native any:ArrayGetCell(Array:which, item, block = 0, bool:asChar = false);













native ArrayGetString(Array:which, item, output[], size);



















native ArraySetArray(Array:which, item, const any:input[], size =-1);


















native ArraySetCell(Array:which, item, any:input, block = 0, bool:asChar = false);

















native ArraySetString(Array:which, item, const input[]);

















native ArrayPushArray(Array:which, const any:input[], size = -1);












native ArrayPushCell(Array:which, any:input);















native ArrayPushString(Array:which, const input[]);













native ArrayInsertArrayAfter(Array:which, item, const any:input[]);













native ArrayInsertCellAfter(Array:which, item, any:input);
















native ArrayInsertStringAfter(Array:which, item, const input[]);













native ArrayInsertArrayBefore(Array:which, item, const any:input[]);













native ArrayInsertCellBefore(Array:which, item, const any:input);
















native ArrayInsertStringBefore(Array:which, item, const input[]);











native ArraySwap(Array:which, item1, item2);











native ArrayDeleteItem(Array:which, item);











native ArrayFindString(Array:which, const item[]);












native ArrayFindValue(Array:which, any:item);


















native DoNotUse:ArrayGetStringHandle(Array:which, item);












native ArrayDestroy(&Array:which);

































native ArraySort(Array:array, const comparefunc[], data[]="", data_size=0);



















































native ArraySortEx(Array:array, const comparefunc[], data[]="", data_size=0);
#file F:\SV GAMELAND\server\cstrike\addons\amxmodx\scripting\include\amxmodx.inc
#file F:\SV GAMELAND\server\cstrike\addons\amxmodx\scripting\include\cellstack.inc
#line 1









#line 14








enum Stack
{
	Invalid_Stack = 0
};


















native Stack:CreateStack(blocksize = 1);














native PushStackCell(Stack:handle, any:value);











native PushStackString(Stack:handle, const value[]);
















native PushStackArray(Stack:handle, const any:values[], size= -1);














native bool:PopStackCell(Stack:handle, &any:value, block = 0, bool:asChar = false);












native bool:PopStackString(Stack:handle, buffer[], maxlength, &written = 0);












native bool:PopStackArray(Stack:handle, any:buffer[], size = -1);









native bool:IsStackEmpty(Stack:handle);









stock PopStack(Stack:handle)
{
	new value;
	return PopStackCell(handle, value);
}












native DestroyStack(&Stack:handle);
#file F:\SV GAMELAND\server\cstrike\addons\amxmodx\scripting\include\amxmodx.inc
#file F:\SV GAMELAND\server\cstrike\addons\amxmodx\scripting\include\celltrie.inc
#line 1









#line 14











enum Trie
{
	Invalid_Trie = 0
};











enum TrieIter
{
	Invalid_TrieIter = 0
}








enum Snapshot
{
	Invalid_Snapshot = 0
};












native Trie:TrieCreate();










native TrieClear(Trie:handle);














native TrieSetCell(Trie:handle, const key[], any:value, bool:replace = true);














native TrieSetString(Trie:handle, const key[], const value[], bool:replace = true);















native TrieSetArray(Trie:handle, const key[], const any:buffer[], size, bool:replace = true);













native bool:TrieGetCell(Trie:handle, const key[], &any:value);
















native bool:TrieGetString(Trie:handle, const key[], output[], outputsize, &size = 0);
















native bool:TrieGetArray(Trie:handle, const key[], any:output[], outputsize, &size = 0);











native bool:TrieDeleteKey(Trie:handle, const key[]);











native bool:TrieKeyExists(Trie:handle, const key[]);











native TrieDestroy(&Trie:handle);










native TrieGetSize(Trie:handle);













native Snapshot:TrieSnapshotCreate(Trie:handle);












native TrieSnapshotLength(Snapshot:handle);












native TrieSnapshotKeyBufferSize(Snapshot:handle, index);













native TrieSnapshotGetKey(Snapshot:handle, index, buffer[], maxlength);











native TrieSnapshotDestroy(&Snapshot:handle);

















native TrieIter:TrieIterCreate(Trie:handle);











native bool:TrieIterEnded(TrieIter:handle);










native TrieIterNext(TrieIter:handle);













native TrieIterGetKey(TrieIter:handle, key[], outputsize);













native TrieIterGetSize(TrieIter:handle);













native bool:TrieIterGetCell(TrieIter:handle, &any:value);
















native bool:TrieIterGetString(TrieIter:handle, buffer[], outputsize, &size = 0);
















native bool:TrieIterGetArray(TrieIter:handle, any:array[], outputsize, &size = 0);








native TrieIterDestroy(&TrieIter:handle);
#file F:\SV GAMELAND\server\cstrike\addons\amxmodx\scripting\include\amxmodx.inc
#file F:\SV GAMELAND\server\cstrike\addons\amxmodx\scripting\include\datapack.inc
#line 1









#line 14













enum DataPack
{
	Invalid_DataPack = 0
};






native DataPack:CreateDataPack();










native WritePackCell(DataPack:pack, any:cell);










native WritePackFloat(DataPack:pack, Float:val);










native WritePackString(DataPack:pack, const str[]);










native any:ReadPackCell(DataPack:pack);










native Float:ReadPackFloat(DataPack:pack);












native ReadPackString(DataPack:pack, buffer[], maxlen);










native ResetPack(DataPack:pack, bool:clear = false);









native DataPackPos:GetPackPosition(DataPack:pack);















native SetPackPosition(DataPack:pack, DataPackPos:position);









native bool:IsPackEnded(DataPack:pack);








native DestroyDataPack(&DataPack:pack);
#file F:\SV GAMELAND\server\cstrike\addons\amxmodx\scripting\include\amxmodx.inc
#file F:\SV GAMELAND\server\cstrike\addons\amxmodx\scripting\include\newmenus.inc
#line 1









#line 14








#line 23







#line 31




#line 36




#line 41




#line 46




#line 51




#line 56




#line 61




#line 66




#line 71




#line 76






#line 83




#line 88




#line 97





























native menu_create(const title[], const handler[], ml=0);
















native menu_makecallback(const function[]);













native menu_additem(menu, const name[], const info[]="", paccess=0, callback=-1);








native menu_pages(menu);








native menu_items(menu);




















native menu_display(id, menu, page=0, time=-1);











native menu_find_id(menu, page, key);















native menu_item_getinfo(menu, item, &access = 0, info[] = "", infolen = 0, name[]="", namelen=0, &callback = 0);










native menu_item_setname(menu, item, const name[]);










native menu_item_setcmd(menu, item, const info[]);










native menu_item_setcall(menu, item, callback=-1);















native menu_destroy(menu);



















native player_menu_info(id, &menu, &newmenu, &menupage=0);













native menu_addblank(menu, slot=1);














native menu_addtext(menu, const text[], slot=1);
















native menu_addblank2( menu );

















native menu_addtext2( menu, const text[] );










native menu_setprop(menu, prop, ...);










native menu_cancel(player);
#file F:\SV GAMELAND\server\cstrike\addons\amxmodx\scripting\include\amxmodx.inc
#file F:\SV GAMELAND\server\cstrike\addons\amxmodx\scripting\include\textparse_smc.inc
#line 1













#line 18

















































enum SMCParser
{
	Invalid_SMCParser = 0
};




enum SMCResult
{
	SMCParse_Continue,                                
	SMCParse_Halt,                                     
	SMCParse_HaltFail                                                
};




enum SMCError
{
	SMCError_Okay = 0,                        
	SMCError_StreamOpen,                                   
	SMCError_StreamError,                                       
	SMCError_Custom,                                                 
	SMCError_InvalidSection1,                                                                    
	SMCError_InvalidSection2,                                                  
	SMCError_InvalidSection3,                                                                   
	SMCError_InvalidSection4,                                                   
	SMCError_InvalidSection5,                                                   
	SMCError_InvalidTokens,                                                                 
	SMCError_TokenOverflow,                                      
	SMCError_InvalidProperty1,                                                      
};







native SMCParser:SMC_CreateParser();








native SMC_DestroyParser(&SMCParser:handle);













native SMCError:SMC_ParseFile(SMCParser:handle, const file[], &line = 0, &col = 0, any:data = 0);





















native SMC_SetParseStart(SMCParser:handle, const func[]);























native SMC_SetParseEnd(SMCParser:handle, const func[]);















































native SMC_SetReaders(SMCParser:smc, const kvFunc[], const nsFunc[] = "", const esFunc[] = "");






















native SMC_SetRawLine(SMCParser:handle, const func[]);













native bool:SMC_GetErrorString(SMCError:error, buffer[], buf_max);
#file F:\SV GAMELAND\server\cstrike\addons\amxmodx\scripting\include\amxmodx.inc
#file F:\SV GAMELAND\server\cstrike\addons\amxmodx\scripting\include\textparse_ini.inc
#line 1













#line 18















































enum INIParser
{
	Invalid_INIParser = 0
};







native INIParser:INI_CreateParser();








native INI_DestroyParser(&INIParser:handle);













native bool:INI_ParseFile(INIParser:handle, const file[], &line = 0, &col = 0, any:data = 0);





















native INI_SetParseStart(INIParser:handle, const func[]);






















native INI_SetParseEnd(INIParser:handle, const func[]);













































native INI_SetReaders(INIParser:smc, const kvFunc[], const nsFunc[] = "" );























native INI_SetRawLine(INIParser:handle, const func[]);
#file F:\SV GAMELAND\server\cstrike\addons\amxmodx\scripting\include\amxmodx.inc
#file F:\SV GAMELAND\server\cstrike\addons\amxmodx\scripting\include\cvars.inc
#line 1









#line 14




#line 29




enum CvarBounds
{
	CvarBound_Upper = 0,
	CvarBound_Lower
};





























native create_cvar(const name[], const string[], flags = 0, const description[] = "", bool:has_min = false, Float:min_val = 0.0, bool:has_max = false, Float:max_val = 0.0);



















native register_cvar(const name[], const string[], flags = 0, Float:fvalue = 0.0);








native cvar_exists(const cvar[]);












native get_cvar_pointer(const cvar[]);
























native cvarhook:hook_cvar_change(pcvar, const callback[]);










native disable_cvar_hook(cvarhook:handle);










native enable_cvar_hook(cvarhook:handle);













native get_cvar_flags(const cvar[]);


















native set_cvar_flags(const cvar[], flags);
















native remove_cvar_flags(const cvar[], flags=-1);














native get_cvar_string(const cvarname[], output[], iLen);













native set_cvar_string(const cvar[], const value[]);












native Float:get_cvar_float(const cvarname[]);













native set_cvar_float(const cvar[], Float:value);












native get_cvar_num(const cvarname[]);













native set_cvar_num(const cvarname[], value);












native get_pcvar_flags(pcvar);















native set_pcvar_flags(pcvar, flags);










native get_pcvar_num(pcvar);










native bool:get_pcvar_bool(pcvar);











native set_pcvar_num(pcvar, num);











native set_pcvar_bool(pcvar, bool:num);










native Float:get_pcvar_float(pcvar);











native set_pcvar_float(pcvar, Float:num);












native get_pcvar_string(pcvar, string[], maxlen);











native set_pcvar_string(pcvar, const string[]);












native bool:get_pcvar_bounds(pcvar, CvarBounds:type, &Float:value);














native set_pcvar_bounds(pcvar, CvarBounds:type, bool:set, Float:value = 0.0);
















native bind_pcvar_num(pcvar, &any:var);
















native bind_pcvar_float(pcvar, &Float:var);

















native bind_pcvar_string(pcvar, any:var[], varlen);






native get_plugins_cvarsnum();




















native get_plugins_cvar(num, name[], namelen, &flags = 0, &plugin_id = 0, &pcvar_handle = 0, description[] = "", desc_len = 0);


























native query_client_cvar(id, const cvar[], const resultFunc[], paramlen = 0, const params[] = "");
#file F:\SV GAMELAND\server\cstrike\addons\amxmodx\scripting\include\amxmodx.inc
#file F:\SV GAMELAND\server\cstrike\addons\amxmodx\scripting\include\gameconfig.inc
#line 1













#line 18

enum GameConfig
{
	Invalid_GameConfig = 0
};











native GameConfig:LoadGameConfigFile(const file[]);










native GameConfGetOffset(GameConfig:handle, const key[]);











native GameConfGetClassOffset(GameConfig:handle, const classname[], const key[]);












native bool:GameConfGetKeyValue(GameConfig:handle, const key[], buffer[], maxlen);










native GameConfGetAddress(GameConfig:handle, const name[]);











native CloseGameConfigFile(&GameConfig:handle);#file F:\SV GAMELAND\server\cstrike\addons\amxmodx\scripting\include\amxmodx.inc
#line 34










forward plugin_init();






forward plugin_pause();






forward plugin_unpause();

















forward server_changelevel(map[]);









forward plugin_cfg();











forward plugin_end();










forward plugin_log();













forward plugin_precache();








forward client_infochanged(id);











forward client_connect(id);















forward client_connectex(id, const name[], const ip[], reason[128]);












forward client_authorized(id, const authid[]);




#pragma deprecated Use client_disconnected() instead.
forward client_disconnect(id);

















forward client_disconnected(id, bool:drop, message[], maxlen);













forward client_remove(id, bool:drop, const message[]);













forward client_command(id);












forward client_putinserver(id);










native register_plugin(const plugin_name[], const version[], const author[]);












native precache_model(const name[]);

















native precache_sound(const name[]);













native precache_generic(const szFile[]);


















native precache_event(type, const Name[], any:...);














native engine_changelevel(const map[]);












native set_user_info(index, const info[], const value[]);













native get_user_info(index, const info[], output[], len);









native set_localinfo(const info[], const value[]);










native get_localinfo(const info[], output[], len);












native show_motd(player, const message[], const header[] = "");





















native client_print(index, type, const message[], any:...);





































native client_print_color(index, sender, const message[], any:...);





















native engclient_print(player, type, const message[], any:...);












native console_print(id, const message[], any:...);










native console_cmd(id, const cmd[], any:...);













































native register_event(const event[], const function[], const flags[], const cond[] = "", ...);











































native register_event_ex(const event[], const function[], RegisterEventFlags:flags, const cond[] = "", ...);









native enable_event(handle);









native disable_event(handle);


























native register_logevent(const function[], argsnum, ...);









native enable_logevent(handle);









native disable_logevent(handle);


































native set_hudmessage(red = 200, green = 100, blue = 0, Float:x = -1.0, Float:y = 0.35, effects = 0, Float:fxtime = 6.0, Float:holdtime = 12.0, Float:fadeintime = 0.1, Float:fadeouttime = 0.2, channel = -1, alpha1 = 0, color2[4] = {255, 255, 250, 0});




















native show_hudmessage(index, const message[], any:...);
























native set_dhudmessage(red = 200, green = 100, blue = 0, Float:x = -1.0, Float:y = 0.35, effects = 0, Float:fxtime = 6.0, Float:holdtime = 12.0, Float:fadeintime = 0.1, Float:fadeouttime = 0.2);


























native show_dhudmessage(index, const message[], any:...);
























native show_menu(index, keys, const menu[], time = -1, const title[] = "");



























native read_data(value, any:...);








native read_datanum();








native read_datatype();











native read_logdata(output[], len);








native read_logargc();












native read_logargv(id, output[], len);





















native parse_loguser(const text[], name[], nlen, &userid =-2, authid[] = "", alen = 0, team[] = "", tlen = 0);









native server_print(const message[], any:...);








native is_map_valid(const mapname[]);








native is_user_bot(index);








native is_user_hltv(index);












native is_user_authorized(index);












native is_user_connected(index);








native is_user_connecting(index);












native is_user_alive(index);






native is_dedicated_server();






native is_linux_server();






native is_jit_enabled();









native get_amxx_verstring(buffer[], length);

















native get_user_attacker(index, ...);

















native Float:get_user_aiming(index, &id, &body = 0, dist = 9999);















native get_user_frags(index);













native get_user_armor(index);













native get_user_deaths(index);














native get_user_health(index);








native get_user_index(const name[]);











native get_user_ip(index, ip[], len, without_port = 0);













native user_has_weapon(index, weapon, setweapon = -1);













native get_user_weapon(index, &clip = 0, &ammo = 0);














native get_user_ammo(index, weapon, &clip, &ammo);
















native num_to_word(num, output[], len);












native get_user_team(index, team[] = "", len = 0);











native get_user_time(index, flag = 0);











native get_user_ping(index, &ping, &loss);



















native get_user_origin(index, origin[3], mode = 0);
















native get_user_weapons(index, weapons[32], &num);










native get_weaponname(id, weapon[], len);










native get_user_name(index, name[], len);













native get_user_authid(index, authid[], len);









native get_user_userid(index);

















native user_slap(index, power, rnddir = 1);










native user_kill(index, flag = 0);












native log_amx(const string[], any:...);











native log_message(const message[], any:...);












native elog_message(const message[], any:...);











native log_to_file(const file[], const message[], any:...);








native get_playersnum(flag = 0);
























native get_players(players[32], &num, const flags[] = "", const team[] = "");












native read_argv(id, output[], len);










native read_argv_int(id);










native Float:read_argv_float(id);











native read_args(output[], len);










native read_argc();











native read_flags(const flags[]);












native get_flags(flags, output[], len);



























native find_player(const flags[], ...);

























native find_player_ex(FindPlayerFlags:flags, ...);















native remove_quotes(text[]);

















native client_cmd(index, const command[], any:...);





















native engclient_cmd(index, const command[], const arg1[] = "", const arg2[] = "");





















native amxclient_cmd(index, const command[], const arg1[] = "", const arg2[] = "");















native server_cmd(const command[], any:...);









native get_mapname(name[], len);






native get_timeleft();










native Float:get_gametime();










native get_maxplayers();












native get_modname(name[], len);














native get_time(const format[], output[], len);
















native format_time(output[], len, const format[], time = -1);









native get_systime(offset = 0);



















native parse_time(const input[], const format[], time = -1);


























native set_task(Float:time, const function[], id = 0, const any:parameter[] = "", len = 0, const flags[] = "", repeat = 0);









native remove_task(id = 0, outside = 0);










native change_task(id = 0, Float:newTime = 1.0, outside = 0);









native task_exists(id = 0, outside = 0);



















native set_user_flags(index, flags = -1, id = 0);
















native get_user_flags(index, id = 0);


















native remove_user_flags(index, flags = -1, id = 0);

























native register_clcmd(const client_cmd[], const function[], flags = -1, const info[] = "", FlagManager = -1, bool:info_ml = false);

























native register_concmd(const cmd[], const function[], flags = -1, const info[] = "", FlagManager = -1, bool:info_ml = false);


















native register_srvcmd(const server_cmd[], const function[], flags = -1, const info[] = "", bool:info_ml = false);



















native get_clcmd(index, command[], len1, &flags, info[], len2, flag, &bool:info_ml = false);












native get_clcmdsnum(flag);



















native get_srvcmd(index, server_cmd[], len1, &flags, info[], len2, flag, &bool:info_ml = false);












native get_srvcmdsnum(flag);






















native get_concmd(index, cmd[], len1, &flags, info[], len2, flag, id = -1, &bool:info_ml = false);
















native get_concmd_plid(cid, flag_mask, id_type);















native get_concmdsnum(flag, id = -1);









native register_menuid(const menu[], outside = 0);












native register_menucmd(menuid, keys, const function[]);
















native get_user_menu(index, &id, &keys);








native server_exec();





















native emit_sound(index, channel, const sample[], Float:vol, Float:att, flags, pitch);









native Float:random_float(Float:a, Float:b);









native random_num(a, b);















native get_user_msgid(const name[]);










native get_user_msgname(msgid, name[], len);













native get_xvar_id(const name[]);








native xvar_exists(const name[]);













native get_xvar_num(id);













native Float:get_xvar_float(id);















native set_xvar_num(id, value = 0);















native set_xvar_float(id, Float:value = 0.0);








native is_module_loaded(const name[]);


















native get_module(id, name[], nameLen, author[], authorLen, version[], versionLen, &status);






native get_modulesnum();

















native is_plugin_loaded(const name[], bool:usefilename = false);




















native get_plugin(index, filename[] = "", len1 = 0, name[] = "", len2 = 0, version[] = "", len3 = 0, author[] = "", len4 = 0, status[] = "", len5 = 0, ...);






native get_pluginsnum();



















native pause(const flag[], const param1[] = "", const param2[] = "");




















native unpause(const flag[], const param1[] = "", const param2[] = "");



















native callfunc_begin(const func[], const plugin[] = "");



















native callfunc_begin_i(func, plugin = -1);











native get_func_id(const funcName[], pluginId = -1);










native callfunc_push_int(value);










native callfunc_push_float(Float: value);













native callfunc_push_intrf(&value);













native callfunc_push_floatrf(&Float:value);















native callfunc_push_str(const VALUE[], bool:copyback = true);
















native callfunc_push_array(const VALUE[], array_size, bool:copyback = true);









native callfunc_end();











forward inconsistent_file(id, const filename[], reason[64]);















native force_unmodified(force_type, const mins[3], const maxs[3], const filename[]);









#pragma deprecated Use hash_string() function. Also, see Hash_* constants.
native md5(const szString[], md5buffer[34]);










#pragma deprecated Use hash_file() function. Also, see Hash_* constants.
native md5_file(const file[], md5buffer[34]);











native hash_string(const string[], const HashType:type, output[], const outputSize);












native hash_file(const fileName[], const HashType:type, output[], const outputSize);










native plugin_flags(hdr = 0, plid = -1);










#pragma deprecated Module dependency is now automatically handled by the compiler. This forward is no longer called.
forward plugin_modules();









#pragma deprecated Module dependency is now automatically handled by the compiler. This native has no effect.
native require_module(const module[]);










#pragma deprecated AMXX is not shipping 64bits builds anymore. This native is basically guaranteed to return 0.
native is_amd64_server();










native find_plugin_byfile(const filename[], ignoreCase = 1);






forward plugin_natives();


























native register_native(const name[], const handler[], style = 0);













native register_library(const library[]);
















native log_error(error, const fmt[], any:...);

















native param_convert(num);












native get_string(param, dest[], maxlen);












native set_string(param, dest[], maxlen);










native get_param(param);










native Float:get_param_f(param);











native get_param_byref(param);











native Float:get_float_byref(param);












native set_param_byref(param, value);












native set_float_byref(param, Float:value);












native get_array(param, dest[], size);












native get_array_f(param, Float:dest[], size);












native set_array(param, const source[], size);












native set_array_f(param, const Float:source[], size);























native set_error_filter(const handler[]);








native dbg_trace_begin();








native dbg_trace_next(trace);













native dbg_trace_info(trace, &line, function[], maxLength1, file[], maxLength2);











native dbg_fmt_error(buffer[], maxLength);
































native set_native_filter(const handler[]);




























native set_module_filter(const handler[]);



















native abort(error, const fmt[] = "", any:...);












native module_exists(const logtag[]);














native LibraryExists(const library[], LibType:type);













native next_hudchannel(player);



















native CreateHudSyncObj(num = 0, ...);


























native ShowSyncHudMsg(target, syncObj, const fmt[], any:...);

















native ClearSyncHud(target, syncObj);












native int3();
















native set_fail_state(const fmt[], any:...);











native get_var_addr(any:...);












native get_addr_val(addr);













native set_addr_val(addr, val);














native CreateMultiForward(const name[], stop_type, ...);
















native CreateOneForward(plugin_id, const name[], ...);












native PrepareArray(const array[], size, copyback = 0);















native ExecuteForward(forward_handle, &ret = 0, any:...);










native DestroyForward(forward_handle);










native arrayset(any:array[], any:value, size);










native get_weaponid(const name[]);
















native admins_push(const AuthData[], const Password[], Access, Flags);






native admins_num();

















native admins_lookup(num, AdminProp:Property, Buffer[] = "", BufferSize = 0);






native admins_flush();








native bool:has_map_ent_class(const classname[]);













forward OnConfigsExecuted();










forward OnAutoConfigsBuffered();

















native AutoExecConfig(bool:autoCreate = true, const name[] = "", const folder[] = "");












native RequestFrame(const callback[], any:data = 0);


#file F:\SV GAMELAND\server\cstrike\addons\amxmodx\scripting\include\message_stocks.inc
#line 1













#line 18










stock dod_make_deathmsg(killer, victim, weaponNUM)
{
	static msgid = 0;
	if (!msgid)
	{
		msgid = get_user_msgid("DeathMsg");
	}
	message_begin(2, msgid, {0,0,0}, 0);
	write_byte(killer);
	write_byte(victim);
	write_byte(weaponNUM);
	message_end();

	return 1;
}









stock user_silentkill(index, flag = 1)
{
	static msgid = 0;
	new msgblock;
	if (!msgid)
	{
		msgid = get_user_msgid("DeathMsg");
	}
	msgblock = get_msg_block(msgid);
	set_msg_block(msgid, 1);
	user_kill(index, flag);
	set_msg_block(msgid, msgblock);

	return 1;
}











stock make_deathmsg(killer, victim, headshot, const weapon[])
{
	static msgid = 0;
	if (!msgid)
	{
		msgid = get_user_msgid("DeathMsg");
	}
	message_begin(2, msgid, {0,0,0}, 0);
	write_byte(killer);
	write_byte(victim);

	new mod_name[32];
	get_modname(mod_name, 31);
	if (equal(mod_name, "cstrike") || equal(mod_name, "czero") || equal(mod_name, "csv15") || equal(mod_name, "cs13"))
		write_byte(headshot);
	write_string(weapon);
	message_end();

	return 1;
}























stock client_printex(index, type, const msg_name[], const msg_param1[] = "", const msg_param2[] = "", const msg_param3[] = "", const msg_param4[] = "")
{
	new ch = msg_name[0];



	if (ch != '#' && (type != print_radio || !strtol(msg_name)))
	{
		return client_print(index, type, msg_name, msg_param1, msg_param2, msg_param3, msg_param4);
	}


	new length = strlen(msg_name);





	if ((length > 126 && (print_notify <= type <= print_console)) 
	|| ( length > 190 && (print_chat   <= type <= print_radio)))
	{
		return client_print(index, type, msg_name, msg_param1, msg_param2, msg_param3, msg_param4);
	}

	static msgTextMsg; 
	if (!msgTextMsg) 
	{ 
		msgTextMsg = get_user_msgid("TextMsg"); 
	}

	message_begin(index > 0 ? 8 : 0, msgTextMsg, {0,0,0}, index);
	write_byte(type);
	write_string(msg_name);
	if (msg_param1[0]) { write_string(msg_param1); }
	if (msg_param2[0]) { write_string(msg_param2); }
	if (msg_param3[0]) { write_string(msg_param3); }
	if (msg_param4[0]) { write_string(msg_param4); }
	message_end();

	return 1;
}
#file F:\SV GAMELAND\server\cstrike\addons\amxmodx\scripting\include\amxmodx.inc
#line 3436

#file mix_system.sma
#file F:\SV GAMELAND\server\cstrike\addons\amxmodx\scripting\include\amxmisc.inc
#line 1









#line 14

#line 18








stock is_user_admin(id)
{
	new __flags = get_user_flags(id);
	return (__flags > 0 && !(__flags & (1<<25)));
}

















stock cmd_access(id, level, cid, num, bool:accesssilent = false)
{
	new has_access = 0;
	if (id == (is_dedicated_server() ? 0 : 1))
	{
		has_access = 1;
	}
	else if (level == (1<<24))
	{
		if (is_user_admin(id))
		{
			has_access = 1;
		}
	}
	else if (get_user_flags(id) & level)
	{
		has_access = 1;
	}
	else if (level == 0)
	{
		has_access = 1;
	}

	if (has_access == 0)
	{
		if (!accesssilent)
		{
			console_print(id, "%L", id, "NO_ACC_COM");
		}
		return 0;
	}
	if (read_argc() < num)
	{
		new hcmd[32], hinfo[128], hflag, bool:info_ml;
		get_concmd(cid, hcmd, (sizeof(hcmd)-1), hflag, hinfo, (sizeof(hinfo)-1), level, _, info_ml);

		if (info_ml)
		{
			LookupLangKey(hinfo, (sizeof(hinfo)-1), hinfo, id);
		}

		console_print(id, "%L:  %s %s", id, "USAGE", hcmd, hinfo);
		return 0;
	}

	return 1;
}









stock access(id, level)
{
	if (level == (1<<24))
	{
		return is_user_admin(id);
	}
	else if (level == 0)
	{
		return 1;
	}

	return (get_user_flags(id) & level);
}




#line 125























stock cmd_target(id, const arg[], flags = (1<<0))
{
	new player = find_player("bl", arg);
	if (player)
	{
		if (player != find_player("blj", arg))
		{
			console_print(id, "%L", id, "MORE_CL_MATCHT");
			return 0;
		}
	}
	else if ((player = find_player("c", arg)) == 0 && arg[0] == '#' && arg[1])
	{
		player = find_player("k", str_to_num(arg[1]));
	}
	if (!player)
	{
		console_print(id, "%L", id, "CL_NOT_FOUND");
		return 0;
	}
	if (flags & (1<<0))
	{
		if ((get_user_flags(player) & (1<<0)) && ((flags & (1<<1)) ? (id != player) : true))
		{
			new imname[32];
			get_user_name(player, imname, (sizeof(imname)-1));
			console_print(id, "%L", id, "CLIENT_IMM", imname);
			return 0;
		}
	}
	if (flags & (1<<2))
	{
		if (!is_user_alive(player))
		{
			new imname[32];
			get_user_name(player, imname, (sizeof(imname)-1));
			console_print(id, "%L", id, "CANT_PERF_DEAD", imname);
			return 0;
		}
	}
	if (flags & (1<<3))
	{
		if (is_user_bot(player))
		{
			new imname[32];
			get_user_name(player, imname, (sizeof(imname)-1));
			console_print(id, "%L", id, "CANT_PERF_BOT", imname);
			return 0;
		}
	}

	return player;
}












stock show_activity(id, const name[], const fmt[], any:...)
{
	static __amx_show_activity;
	if (__amx_show_activity == 0)
	{
		__amx_show_activity = get_cvar_pointer("amx_show_activity");


		if (__amx_show_activity == 0)
		{
			__amx_show_activity = register_cvar("amx_show_activity", "2", 32);
		}
	}

	new prefix[10];
	if (is_user_admin(id))
	{
		copy(prefix, (sizeof(prefix)-1), "ADMIN");
	}
	else
	{
		copy(prefix, (sizeof(prefix)-1), "PLAYER");
	}
	new buffer[512];
	vformat(buffer, (sizeof(buffer)-1), fmt, 4);

	switch (get_pcvar_num(__amx_show_activity))
	{
		case 5: 
		{
			for (new i = 1; i <= MaxClients; i++)
			{
				if (is_user_connected(i))
				{
					if (is_user_admin(i))
					{
						client_print(i, print_chat, "%L: %s", i, prefix, buffer);
					}
				}
			}
		}
		case 4: 
		{
			for (new i = 1; i <= MaxClients; i++)
			{
				if (is_user_connected(i))
				{
					if (is_user_admin(i))
					{
						client_print(i, print_chat, "%L %s: %s", i, prefix, name, buffer);
					}
				}
			}
		}
		case 3: 
		{
			for (new i = 1; i <= MaxClients; i++)
			{
				if (is_user_connected(i))
				{
					if (is_user_admin(i))
					{
						client_print(i, print_chat, "%L %s: %s", i, prefix, name, buffer);
					}
					else
					{
						client_print(i, print_chat, "%L: %s", i, prefix, buffer);
					}
				}
			}
		}
		case 2: 
		{
			client_print(0, print_chat, "%L %s: %s", -1, prefix , name , buffer);
		}
		case 1: 
		{
			client_print(0, print_chat, "%L: %s", -1, prefix, buffer);
		}
	}
}













stock show_activity_id(idtarget, idadmin, const name[], const fmt[], any:...)
{
	if (idtarget == 0 || !is_user_connected(idtarget))
	{
		return;
	}

	static __amx_show_activity;
	if (__amx_show_activity == 0)
	{
		__amx_show_activity = get_cvar_pointer("amx_show_activity");


		if (__amx_show_activity == 0)
		{
			__amx_show_activity = register_cvar("amx_show_activity", "2", 32);
		}
	}

	static prefix[10];
	if (is_user_admin(idadmin))
	{
		copy(prefix, (sizeof(prefix)-1), "ADMIN");
	}
	else
	{
		copy(prefix, (sizeof(prefix)-1), "PLAYER");
	}

	static buffer[512];
	vformat(buffer, (sizeof(buffer)-1), fmt, 5);

	switch (get_pcvar_num(__amx_show_activity))
	{
		case 5: 
		{
			if (is_user_admin(idtarget))
			{
				client_print(idtarget, print_chat, "%L: %s", idtarget, prefix, buffer);
			}
		}
		case 4: 
		{
			if (is_user_admin(idtarget))
			{
				client_print(idtarget, print_chat, "%L %s: %s", idtarget, prefix, name, buffer);
			}
		}
		case 3: 
		{
			if (is_user_admin(idtarget))
			{
				client_print(idtarget, print_chat, "%L %s: %s", idtarget, prefix, name, buffer);
			}
			else
			{
				client_print(idtarget, print_chat, "%L: %s", idtarget, prefix, buffer);
			}
		}
		case 2: 
		{
			client_print(idtarget, print_chat, "%L %s: %s", idtarget, prefix, name, buffer);
		}
		case 1: 
		{
			client_print(idtarget, print_chat, "%L: %s", idtarget, prefix, buffer);
		}
	}
}















stock show_activity_key(const KeyWithoutName[], const KeyWithName[], const ___AdminName[], any:...)
{

#pragma unused ___AdminName
	static __amx_show_activity;
	if (__amx_show_activity == 0)
	{
		__amx_show_activity = get_cvar_pointer("amx_show_activity");


		if (__amx_show_activity == 0)
		{
			__amx_show_activity = register_cvar("amx_show_activity", "2", 32);
		}
	}

	new buffer[512];
	new keyfmt[256];
	new i;

	switch (get_pcvar_num(__amx_show_activity))
	{
		case 5: 
		{
			while (i++ < MaxClients)
			{
				if (is_user_connected(i))
				{
					if (is_user_admin(i))
					{
						LookupLangKey(keyfmt, (sizeof(keyfmt)-1), KeyWithoutName, i);


						vformat(buffer, (sizeof(buffer)-1), keyfmt, 4);
						client_print(i, print_chat, "%s", buffer);
					}
				}
			}
		}
		case 4: 
		{
			while (i++ < MaxClients)
			{
				if (is_user_connected(i))
				{
					if (is_user_admin(i))
					{
						LookupLangKey(keyfmt, (sizeof(keyfmt)-1), KeyWithName, i);
						vformat(buffer, (sizeof(buffer)-1), keyfmt, 3);
						client_print(i, print_chat, "%s", buffer);
					}
				}
			}
		}
		case 3: 
		{
			while (i++ < MaxClients)
			{
				if (is_user_connected(i))
				{
					if (is_user_admin(i))
					{
						LookupLangKey(keyfmt, (sizeof(keyfmt)-1), KeyWithName, i);
						vformat(buffer, (sizeof(buffer)-1), keyfmt, 3);
					}
					else
					{
						LookupLangKey(keyfmt, (sizeof(keyfmt)-1), KeyWithoutName, i);


						vformat(buffer, (sizeof(buffer)-1), keyfmt, 4);
					}
					client_print(i, print_chat, "%s", buffer);
				}
			}
		}
		case 2: 
		{
			while (i++ < MaxClients)
			{
				if (is_user_connected(i))
				{
					LookupLangKey(keyfmt, (sizeof(keyfmt)-1), KeyWithName, i);
					vformat(buffer, (sizeof(buffer)-1), keyfmt, 3);
					client_print(i, print_chat, "%s", buffer);
				}
			}
		}
		case 1: 
		{
			while (i++ < MaxClients)
			{
				if (is_user_connected(i))
				{
					LookupLangKey(keyfmt, (sizeof(keyfmt)-1), KeyWithoutName, i);


					vformat(buffer, (sizeof(buffer)-1), keyfmt, 4);
					client_print(i, print_chat, "%s", buffer);
				}
			}
		}
	}
}













stock colored_menus()
{
	static ColoredMenus = -1;

	if (ColoredMenus == -1)
	{
		new const ModNames[][] = { "cstrike", "czero", "dmc", "dod", "tfc", "valve" };
		new ModName[32];

		get_modname(ModName, (sizeof(ModName)-1));

		for (new Iterator = 0; Iterator < sizeof(ModNames); Iterator++)
		{
			if (equal(ModName, ModNames[Iterator]))
			{
				ColoredMenus = 1;

				break;
			}
		}

		if (ColoredMenus == -1)
			ColoredMenus = 0;
	}

	return ColoredMenus;
}






stock cstrike_running()
{
	new mod_name[32];
	get_modname(mod_name, (sizeof(mod_name)-1));

	return (equal(mod_name, "cstrike") || equal(mod_name, "czero") || equal(mod_name, "csv15") || equal(mod_name, "cs13"));
}








stock is_running(const mod[])
{
	new mod_name[32];
	get_modname(mod_name, (sizeof(mod_name)-1));

	return equal(mod_name, mod);
}









stock get_basedir(name[], len)
{
	return get_localinfo("amxx_basedir", name, len);
}









stock get_configsdir(name[], len)
{
	return get_localinfo("amxx_configsdir", name, len);
}









stock get_datadir(name[], len)
{
	return get_localinfo("amxx_datadir", name, len);
}
















stock register_menu(const title[], keys, const function[], outside = 0)
{
	register_menucmd(register_menuid(title, outside), keys, function);
}













#pragma deprecated The concept of a custom directory no longer exists in AMXX. Do not use.
stock get_customdir(name[], len)
{
	return get_configsdir(name, len);
}













stock AddMenuItem(const MENU_TEXT[], const MENU_CMD[], const MENU_ACCESS, const MENU_PLUGIN[])
{
	AddMenuItem_call(MENU_TEXT, MENU_CMD, MENU_ACCESS, MENU_PLUGIN, false);
}














stock AddClientMenuItem(const MENU_TEXT[], const MENU_CMD[], const MENU_ACCESS, const MENU_PLUGIN[])
{
	AddMenuItem_call(MENU_TEXT, MENU_CMD, MENU_ACCESS, MENU_PLUGIN, true);
}














stock AddMenuItem_call(const MENU_TEXT[], const MENU_CMD[], const MENU_ACCESS, const MENU_PLUGIN[], const bool:ADD_TO_CLIENT_MENU)
{
	new pluginid = is_plugin_loaded("Menus Front-End");
	if (pluginid == -1)
	{
		log_amx("Can't add menu item ^"%s^" from plugin ^"%s^" to menu set because the Menus Front-End plugin itself is not loaded!", MENU_TEXT, MENU_PLUGIN);
		return; 
	}

	new filename[64], b[1];
	get_plugin(pluginid, filename, (sizeof(filename)-1), b, (sizeof(b)-1), b, (sizeof(b)-1), b, (sizeof(b)-1), b, (sizeof(b)-1));

	new status = callfunc_begin(ADD_TO_CLIENT_MENU ? "AddClientMenu" : "AddMenu", filename);
	new bool:failed = true;
	switch (status)
	{
		case 1:
		{
			failed = false;
		}
		case 0:
		{
			log_amx("Run time error! (AddMenuItem_call failed)");
		}
		case -2:
		{
			log_amx("Function not found! (AddMenuItem_call failed)");
		}
		case -1:
		{
			log_amx("Plugin not found! (AddMenuItem_call failed)");
		}
	}
	if (failed)
	{
		return;
	}

	callfunc_push_str(MENU_TEXT);

	callfunc_push_str(MENU_CMD);

	callfunc_push_int(MENU_ACCESS);

	callfunc_push_str(MENU_PLUGIN);

	callfunc_end();
}


















stock constraint_offset(low, high, seed, offset)
{
	new numElements = high - low + 1;
	offset += seed - low;

	if (offset >= 0)
	{
		return low + (offset % numElements);
	}
	else
	{
		return high - (abs(offset) % numElements) + 1;
	}

	return 0;	
}









stock has_flag(id, const flags[])
{
	return (get_user_flags(id) & read_flags(flags));
}









stock has_all_flags(id, const flags[])
{
	new FlagsNumber = read_flags(flags);
	return ((get_user_flags(id) & FlagsNumber) == FlagsNumber);
}










stock reset_menu(index)
{
	show_menu(index, 0, "", 0);
}
























stock set_task_ex(Float:time, const function[], id = 0, const any:parameter[] = "", len = 0, SetTaskFlags:flags = SetTask_Once, repeat = 0)
{
	new strFlags[2]; 
	get_flags(_:flags, strFlags, (sizeof(strFlags)-1));
	set_task(time, function, id, parameter, len, strFlags, repeat);
}
























stock get_players_ex(players[32] = {}, &num, GetPlayersFlags:flags = GetPlayers_None, const team[] = "")
{
	new strFlags[10];
	get_flags(_:flags, strFlags, (sizeof(strFlags)-1));
	get_players(players, num, strFlags, team);
}






















stock get_playersnum_ex(GetPlayersFlags:flags = GetPlayers_None, const team[] = "")
{
	new PlayersNum;
	get_players_ex(_, PlayersNum, flags, team);
	return PlayersNum;
}
#file mix_system.sma
#file F:\SV GAMELAND\server\cstrike\addons\amxmodx\scripting\include\cstrike.inc
#line 1













#line 18

#pragma reqlib cstrike
#line 21
	#pragma loadlib cstrike
#line 23

#file F:\SV GAMELAND\server\cstrike\addons\amxmodx\scripting\include\cstrike_const.inc
#line 1













#line 15
	#endinput
#file F:\SV GAMELAND\server\cstrike\addons\amxmodx\scripting\include\cstrike.inc
#line 25











native cs_get_user_deaths(index);













native cs_set_user_deaths(index, newdeaths, bool:scoreboard = true);













native cs_get_hostage_foll(index);














native cs_set_hostage_foll(index, followedindex = 0);










native cs_get_hostage_id(index);






























native cs_get_user_bpammo(index, weapon);































native cs_set_user_bpammo(index, weapon, amount);











native cs_get_user_defuse(index);



















native cs_set_user_defuse(index, defusekit = 1, r = 0, g = 160, b = 0, icon[] = "defuser", flash = 0);











native cs_get_user_buyzone(index);












native cs_get_user_hasprim(index);













native cs_get_user_model(index, model[], len);





















native cs_set_user_model(index, const model[], bool:update_index = false);













native cs_reset_user_model(index);











native cs_get_user_money(index);














native cs_set_user_money(index, money, flash = 1);











native cs_get_user_nvg(index);













native cs_set_user_nvg(index, nvgoggles = 1);















native cs_get_user_plant(index);























native cs_set_user_plant(index, plant = 1, showbombicon = 1);


















native cs_set_user_team(index, any:team, any:model = CS_DONTCHANGE, bool:send_teaminfo = true);















native CsTeams:cs_get_user_team(index, &any:model = CS_DONTCHANGE);











native cs_get_user_vip(index);






















native cs_set_user_vip(index, vip = 1, model = 1, scoreboard = 1);















native cs_get_user_tked(index);


















native cs_set_user_tked(index, tk = 1, subtract = 1);















native cs_get_user_driving(index);











native cs_get_user_shield(index);











native cs_get_user_stationary(index);














native cs_get_user_armor(index, &CsArmorType:armortype = CS_ARMOR_NONE);
















native cs_set_user_armor(index, armorvalue, CsArmorType:armortype);















native cs_get_weapon_burst(index);



















native cs_set_weapon_burst(index, burstmode = 1);















native cs_get_weapon_silen(index);

























native cs_set_weapon_silen(index, silence = 1, draw_animation = 1);













native cs_get_weapon_ammo(index);















native cs_set_weapon_ammo(index, newammo);















native cs_get_weapon_id(index);











native cs_get_no_knives();













native cs_set_no_knives(noknives = 0);















native cs_user_spawn(player);



















native cs_get_armoury_type(index, &count = 1);























native cs_set_armoury_type(index, type, count = -1);










native cs_get_weaponbox_item(weaponboxIndex);















native cs_get_user_mapzones(index);





















native cs_set_user_zoom(index, type, mode);














native cs_get_user_zoom(index);















native cs_get_user_submodel(index);















native cs_set_user_submodel(index, value);













native Float:cs_get_user_lastactivity(index);














native cs_set_user_lastactivity(index, Float:value);














native cs_get_user_hostagekills(index);

















native cs_set_user_hostagekills(index, value);










native Float:cs_get_hostage_lastuse(index);











native cs_set_hostage_lastuse(index, Float:value);










native Float:cs_get_hostage_nextuse(index);











native cs_set_hostage_nextuse(index, Float:value);










native Float:cs_get_c4_explode_time(index);











native cs_set_c4_explode_time(index, Float:value);










native bool:cs_get_c4_defusing(c4index);











native cs_set_c4_defusing(c4index, bool:defusing);



























native cs_create_entity(const classname[]);


















native cs_find_ent_by_class(start_index, const classname[]);



















native cs_find_ent_by_owner(start_index, const classname[], owner);













native cs_set_ent_class(index, const classname[]);














native any:cs_get_item_id(const name[], &CsWeaponClassType:classid = CS_WEAPONCLASS_NONE);












native bool:cs_get_item_alias(itemid, name[], name_maxlen, altname[] = "", altname_maxlen = 0);













native bool:cs_get_translated_item_alias(const alias[], itemname[], maxlength);










native any:cs_get_weapon_info(weapon_id, CsWeaponInfo:type);











native cs_get_user_weapon_entity(playerIndex);















native cs_get_user_weapon(playerIndex, &clip = 0, &ammo = 0);








stock CsWeaponClassType:cs_get_weapon_class(weapon_id)
{
	new CsWeaponClassType:type = CS_WEAPONCLASS_NONE;

	if (cs_is_valid_itemid(weapon_id, .weapon_only = true) || weapon_id == 35)
	{
		switch (weapon_id)
		{
			case 99, 35: 
			{
				type = CS_WEAPONCLASS_PISTOL;
			}
			case 29: 
			{
				type = CS_WEAPONCLASS_KNIFE;
			}
			default:
			{
				new const bits = (1 << weapon_id);

				if(bits & CSW_ALL_PISTOLS)
				{
					type = CS_WEAPONCLASS_PISTOL;
				}
				else if(bits & CSW_ALL_GRENADES)
				{
					type = CS_WEAPONCLASS_GRENADE;
				}
				else if(bits & CSW_ALL_SMGS)
				{
					type = CS_WEAPONCLASS_SUBMACHINEGUN;
				}
				else if(bits & CSW_ALL_SHOTGUNS)
				{
					type = CS_WEAPONCLASS_SHOTGUN;
				}
				else if(bits & CSW_ALL_MACHINEGUNS)
				{
					type = CS_WEAPONCLASS_MACHINEGUN;
				}
				else if(bits & CSW_ALL_RIFLES)
				{
					type = CS_WEAPONCLASS_RIFLE;
				}
				else if(bits & CSW_ALL_SNIPERRIFLES)
				{
					type = CS_WEAPONCLASS_SNIPERRIFLE;
				}
			}
		}
	}

	return type;
}










stock bool:cs_is_valid_itemid(id, bool:weapon_only = false)
{
	if (id <= 0)
	{
		return false;
	}

	if (id > 30 && id != 99 && weapon_only)
	{
		return false;
	}

	if (id >= 38)
	{
		return false;
	}

	return true;
}













forward CS_InternalCommand(id, const cmd[]);














forward CS_OnBuyAttempt(index, item);














forward CS_OnBuy(index, item);
#file mix_system.sma
#file F:\SV GAMELAND\server\cstrike\addons\amxmodx\scripting\include\fun.inc
#line 1













#line 18

#pragma reqlib fun
#line 21
	#pragma loadlib fun
#line 23





const HITZONE_GENERIC  = (1 << 0);   
const HITZONE_HEAD     = (1 << 1);      
const HITZONE_CHEST    = (1 << 2);     
const HITZONE_STOMACH  = (1 << 3);   
const HITZONE_LEFTARM  = (1 << 4);   
const HITZONE_RIGHTARM = (1 << 5);  
const HITZONE_LEFTLEG  = (1 << 6);   
const HITZONE_RIGHTLEG = (1 << 7);  
const HITZONES_DEFAULT = HITZONE_GENERIC | HITZONE_HEAD     | HITZONE_CHEST   | HITZONE_STOMACH | 
                         HITZONE_LEFTARM | HITZONE_RIGHTARM | HITZONE_LEFTLEG | HITZONE_RIGHTLEG; 











native get_client_listen(receiver, sender);












native set_client_listen(receiver, sender, listen);











native set_user_godmode(index, godmode = 0);










native get_user_godmode(index);











native set_user_armor(index, armor);











native set_user_health(index, health);











native set_user_origin(index, const origin[3]);



















native set_user_rendering(index, fx = kRenderFxNone, r = 0, g = 0, b = 0, render = kRenderNormal, amount = 0);



















native get_user_rendering(index, &fx = kRenderFxNone, &r = 0, &g = 0, &b = 0, &render = kRenderNormal, &amount = 0);














native give_item(index, const item[]);
















native set_user_hitzones(index = 0, target = 0, body = HITZONES_DEFAULT);













native get_user_hitzones(index, target);











native set_user_maxspeed(index, Float:speed = -1.0);










native Float:get_user_maxspeed(index);











native set_user_gravity(index, Float:gravity = 1.0);










native Float:get_user_gravity(index);










native spawn(index);











native set_user_noclip(index, noclip = 0);










native get_user_noclip(index);










native get_user_footsteps(index);











native set_user_footsteps(id, set = 1);










native strip_user_weapons(index);











native set_user_frags(index, frags);
#file mix_system.sma
#file F:\SV GAMELAND\server\cstrike\addons\amxmodx\scripting\include\reapi.inc
#line 4

#line 6

#line 8
	#pragma reqlib reapi
#line 10
		#pragma loadlib reapi
#line 15

enum hooks_tables_e
{
	ht_engine,
	ht_gamedll,
	ht_animating,
	ht_player,
	ht_gamerules,
	ht_rechecker,
	ht_grenade,
	ht_weaponbox,
	ht_weapon,
	ht_gib,
	ht_cbaseentity,
	ht_botmanager
};

enum members_tables_e
{
	mt_gamerules,
	mt_base,
	mt_animating,
	mt_basemonster,
	mt_player,
	mt_entvars,
	mt_playermove,
	mt_movevars,
	mt_usercmd,
	mt_pmtrace,
	mt_csplayer,
	mt_baseitem,
	mt_baseweapon,
	mt_weaponbox,
	mt_armoury,
	mt_grenade,
	mt_p228,
	mt_scout,
	mt_hegrenade,
	mt_xm1014,
	mt_c4,
	mt_mac10,
	mt_aug,
	mt_smokegrenade,
	mt_elite,
	mt_fiveseven,
	mt_ump45,
	mt_sg550,
	mt_galil,
	mt_famas,
	mt_usp,
	mt_glock18,
	mt_awp,
	mt_mp5n,
	mt_m249,
	mt_m3,
	mt_m4a1,
	mt_tmp,
	mt_g3sg1,
	mt_deagle,
	mt_sg552,
	mt_ak47,
	mt_knife,
	mt_p90,
	mt_shield,
	mt_rebuystruct,
	mt_mapinfo,
	mt_csplayerweapon,
	mt_gib,
	mt_netadr,
	mt_csentity,
	mt_netchan
};

#line 89


#line 92

#line 94

#line 97

#file F:\SV GAMELAND\server\cstrike\addons\amxmodx\scripting\include\cssdk_const.inc
#line 5




#line 10

#line 12

#line 16

#line 19




#line 39




#line 73





#line 81




#line 97








#line 110




#line 119







#line 129




#line 146




#line 154

#line 159

#line 161




#line 173




#line 180








#line 195





#line 207





#line 238


#line 241


#line 244





#line 252





#line 264





#line 277




#line 287








#line 298




#line 304




#line 310




#line 318




#line 324




#line 329




#line 335




#line 340







#line 349




#line 359




#line 364




#line 369




#line 374




#line 382




#line 389




#line 396




#line 410




#line 417




#line 423




#line 433




#line 444




#line 449




#line 455




#line 460




#line 466




#line 472




#line 477




#line 484




#line 490





#line 498




#line 503





#line 513




#line 521




#line 530




#line 537




#line 543




#line 552




#line 558




#line 563




#line 569






#line 579




#line 584




#line 589




#line 596




#line 610




#line 618




#line 623




#line 628




#line 636




#line 641




#line 646




#line 651




#line 658




#line 663








#line 673

#line 680




#line 686




#line 691


#line 697





#line 713


#line 716




#line 724




enum
{
	IGNOREMSG_NONE,  
	IGNOREMSG_ENEMY, 
	IGNOREMSG_TEAM   
}




enum HitBoxGroup
{
	HITGROUP_GENERIC = 0,
	HITGROUP_HEAD,
	HITGROUP_CHEST,
	HITGROUP_STOMACH,
	HITGROUP_LEFTARM,
	HITGROUP_RIGHTARM,
	HITGROUP_LEFTLEG,
	HITGROUP_RIGHTLEG,
	HITGROUP_SHIELD
};




enum ArmorType
{
	ARMOR_NONE,     
	ARMOR_KEVLAR,   
	ARMOR_VESTHELM, 
};




enum ArmouryItemPack
{
	ARMOURY_MP5NAVY,
	ARMOURY_TMP,
	ARMOURY_P90,
	ARMOURY_MAC10,
	ARMOURY_AK47,
	ARMOURY_SG552,
	ARMOURY_M4A1,
	ARMOURY_AUG,
	ARMOURY_SCOUT,
	ARMOURY_G3SG1,
	ARMOURY_AWP,
	ARMOURY_M3,
	ARMOURY_XM1014,
	ARMOURY_M249,
	ARMOURY_FLASHBANG,
	ARMOURY_HEGRENADE,
	ARMOURY_KEVLAR,
	ARMOURY_ASSAULT,
	ARMOURY_SMOKEGRENADE,
	ARMOURY_SHIELD,
	ARMOURY_FAMAS,
	ARMOURY_SG550,
	ARMOURY_GALIL,
	ARMOURY_UMP45,
	ARMOURY_GLOCK18,
	ARMOURY_USP,
	ARMOURY_ELITE,
	ARMOURY_FIVESEVEN,
	ARMOURY_P228,
	ARMOURY_DEAGLE,
};




enum RewardType
{
	RT_NONE,
	RT_ROUND_BONUS,
	RT_PLAYER_RESET,
	RT_PLAYER_JOIN,
	RT_PLAYER_SPEC_JOIN,
	RT_PLAYER_BOUGHT_SOMETHING,
	RT_HOSTAGE_TOOK,
	RT_HOSTAGE_RESCUED,
	RT_HOSTAGE_DAMAGED,
	RT_HOSTAGE_KILLED,
	RT_TEAMMATES_KILLED,
	RT_ENEMY_KILLED,
	RT_INTO_GAME,
	RT_VIP_KILLED,
	RT_VIP_RESCUED_MYSELF
};




enum TeamName
{
	TEAM_UNASSIGNED,
	TEAM_TERRORIST,
	TEAM_CT,
	TEAM_SPECTATOR
};




enum ModelName
{
	MODEL_UNASSIGNED,
	MODEL_CT_URBAN,
	MODEL_T_TERROR,
	MODEL_T_LEET,
	MODEL_T_ARCTIC,
	MODEL_CT_GSG9,
	MODEL_CT_GIGN,
	MODEL_CT_SAS,
	MODEL_T_GUERILLA,
	MODEL_CT_VIP,
	MODEL_T_MILITIA,
	MODEL_CT_SPETSNAZ,
	MODEL_AUTO
};




enum
{
	GR_NONE = 0,
	GR_WEAPON_RESPAWN_YES,
	GR_WEAPON_RESPAWN_NO,
	GR_AMMO_RESPAWN_YES,
	GR_AMMO_RESPAWN_NO,
	GR_ITEM_RESPAWN_YES,
	GR_ITEM_RESPAWN_NO,
	GR_PLR_DROP_GUN_ALL,
	GR_PLR_DROP_GUN_ACTIVE,
	GR_PLR_DROP_GUN_NO,
	GR_PLR_DROP_AMMO_ALL,
	GR_PLR_DROP_AMMO_ACTIVE,
	GR_PLR_DROP_AMMO_NO,

	GR_PLR_DROP_GUN_BEST
};




enum WeaponIdType
{
	WEAPON_NONE,
	WEAPON_P228,
	WEAPON_GLOCK,
	WEAPON_SCOUT,
	WEAPON_HEGRENADE,
	WEAPON_XM1014,
	WEAPON_C4,
	WEAPON_MAC10,
	WEAPON_AUG,
	WEAPON_SMOKEGRENADE,
	WEAPON_ELITE,
	WEAPON_FIVESEVEN,
	WEAPON_UMP45,
	WEAPON_SG550,
	WEAPON_GALIL,
	WEAPON_FAMAS,
	WEAPON_USP,
	WEAPON_GLOCK18,
	WEAPON_AWP,
	WEAPON_MP5N,
	WEAPON_M249,
	WEAPON_M3,
	WEAPON_M4A1,
	WEAPON_TMP,
	WEAPON_G3SG1,
	WEAPON_FLASHBANG,
	WEAPON_DEAGLE,
	WEAPON_SG552,
	WEAPON_AK47,
	WEAPON_KNIFE,
	WEAPON_P90,
	WEAPON_SHIELDGUN = 99
};





enum TimeBasedDamage
{
	ITDB_PARALYZE,
	ITDB_NERVEGAS,
	ITDB_POISON,
	ITDB_RADIATION,
	ITDB_DROWNRECOVER,
	ITDB_ACID,
	ITDB_SLOWBURN,
	ITDB_SLOWFREEZE
};




enum Activity
{
	ACT_INVALID = -1,
	ACT_RESET, 
	ACT_IDLE,
	ACT_GUARD,
	ACT_WALK,
	ACT_RUN,
	ACT_FLY,
	ACT_SWIM,
	ACT_HOP,
	ACT_LEAP,
	ACT_FALL,
	ACT_LAND,
	ACT_STRAFE_LEFT,
	ACT_STRAFE_RIGHT,
	ACT_ROLL_LEFT,
	ACT_ROLL_RIGHT,
	ACT_TURN_LEFT,
	ACT_TURN_RIGHT,
	ACT_CROUCH,
	ACT_CROUCHIDLE,
	ACT_STAND,
	ACT_USE,
	ACT_SIGNAL1,
	ACT_SIGNAL2,
	ACT_SIGNAL3,
	ACT_TWITCH,
	ACT_COWER,
	ACT_SMALL_FLINCH,
	ACT_BIG_FLINCH,
	ACT_RANGE_ATTACK1,
	ACT_RANGE_ATTACK2,
	ACT_MELEE_ATTACK1,
	ACT_MELEE_ATTACK2,
	ACT_RELOAD,
	ACT_ARM,
	ACT_DISARM,
	ACT_EAT,
	ACT_DIESIMPLE,
	ACT_DIEBACKWARD,
	ACT_DIEFORWARD,
	ACT_DIEVIOLENT,
	ACT_BARNACLE_HIT,
	ACT_BARNACLE_PULL,
	ACT_BARNACLE_CHOMP,
	ACT_BARNACLE_CHEW,
	ACT_SLEEP,
	ACT_INSPECT_FLOOR,
	ACT_INSPECT_WALL,
	ACT_IDLE_ANGRY,
	ACT_WALK_HURT,
	ACT_RUN_HURT,
	ACT_HOVER,
	ACT_GLIDE,
	ACT_FLY_LEFT,
	ACT_FLY_RIGHT,
	ACT_DETECT_SCENT,
	ACT_SNIFF,
	ACT_BITE,
	ACT_THREAT_DISPLAY,
	ACT_FEAR_DISPLAY,
	ACT_EXCITED,
	ACT_SPECIAL_ATTACK1,
	ACT_SPECIAL_ATTACK2,
	ACT_COMBAT_IDLE,
	ACT_WALK_SCARED,
	ACT_RUN_SCARED,
	ACT_VICTORY_DANCE,
	ACT_DIE_HEADSHOT,
	ACT_DIE_CHESTSHOT,
	ACT_DIE_GUTSHOT,
	ACT_DIE_BACKSHOT,
	ACT_FLINCH_HEAD,
	ACT_FLINCH_CHEST,
	ACT_FLINCH_STOMACH,
	ACT_FLINCH_LEFTARM,
	ACT_FLINCH_RIGHTARM,
	ACT_FLINCH_LEFTLEG,
	ACT_FLINCH_RIGHTLEG,
	ACT_FLINCH,
	ACT_LARGE_FLINCH,
	ACT_HOLDBOMB,
	ACT_IDLE_FIDGET,
	ACT_IDLE_SCARED,
	ACT_IDLE_SCARED_FIDGET,
	ACT_FOLLOW_IDLE,
	ACT_FOLLOW_IDLE_FIDGET,
	ACT_FOLLOW_IDLE_SCARED,
	ACT_FOLLOW_IDLE_SCARED_FIDGET,
	ACT_CROUCH_IDLE,
	ACT_CROUCH_IDLE_FIDGET,
	ACT_CROUCH_IDLE_SCARED,
	ACT_CROUCH_IDLE_SCARED_FIDGET,
	ACT_CROUCH_WALK,
	ACT_CROUCH_WALK_SCARED,
	ACT_CROUCH_DIE,
	ACT_WALK_BACK,
	ACT_IDLE_SNEAKY,
	ACT_IDLE_SNEAKY_FIDGET,
	ACT_WALK_SNEAKY,
	ACT_WAVE,
	ACT_YES,
	ACT_NO
};




enum WinStatus
{
	WINSTATUS_NONE = 0,
	WINSTATUS_CTS,
	WINSTATUS_TERRORISTS,
	WINSTATUS_DRAW,
};


#line 1053




enum ScenarioEventEndRound
{
	ROUND_NONE,
	ROUND_TARGET_BOMB,
	ROUND_VIP_ESCAPED,
	ROUND_VIP_ASSASSINATED,
	ROUND_TERRORISTS_ESCAPED,
	ROUND_CTS_PREVENT_ESCAPE,
	ROUND_ESCAPING_TERRORISTS_NEUTRALIZED,
	ROUND_BOMB_DEFUSED,
	ROUND_CTS_WIN,
	ROUND_TERRORISTS_WIN,
	ROUND_END_DRAW,
	ROUND_ALL_HOSTAGES_RESCUED,
	ROUND_TARGET_SAVED,
	ROUND_HOSTAGE_NOT_RESCUED,
	ROUND_TERRORISTS_NOT_ESCAPED,
	ROUND_VIP_NOT_ESCAPED,
	ROUND_GAME_COMMENCE,
	ROUND_GAME_RESTART,
	ROUND_GAME_OVER
};




enum PLAYER_ANIM
{
	PLAYER_IDLE,
	PLAYER_WALK,
	PLAYER_JUMP,
	PLAYER_SUPERJUMP,
	PLAYER_DIE,
	PLAYER_ATTACK1,
	PLAYER_ATTACK2,
	PLAYER_FLINCH,
	PLAYER_LARGE_FLINCH,
	PLAYER_RELOAD,
	PLAYER_HOLDBOMB
};




enum JoinState
{
	JOINED,
	SHOWLTEXT,
	READINGLTEXT,
	SHOWTEAMSELECT,
	PICKINGTEAM,
	GETINTOGAME
};




enum _Menu
{
	Menu_OFF,
	Menu_ChooseTeam,
	Menu_IGChooseTeam,
	Menu_ChooseAppearance,
	Menu_Buy,
	Menu_BuyPistol,
	Menu_BuyRifle,
	Menu_BuyMachineGun,
	Menu_BuyShotgun,
	Menu_BuySubMachineGun,
	Menu_BuyItem,
	Menu_Radio1,
	Menu_Radio2,
	Menu_Radio3,
	Menu_ClientBuy
};




enum TrackCommands
{
	CMD_SAY,
	CMD_SAYTEAM,
	CMD_FULLUPDATE,
	CMD_VOTE,
	CMD_VOTEMAP,
	CMD_LISTMAPS,
	CMD_LISTPLAYERS,
	CMD_NIGHTVISION,
	COMMANDS_TO_TRACK,
};




enum InventorySlotType
{
	NONE_SLOT,
	PRIMARY_WEAPON_SLOT,
	PISTOL_SLOT,
	KNIFE_SLOT,
	GRENADE_SLOT,
	C4_SLOT,
};




enum shieldgren_e
{
	SHIELDREN_IDLE = 4,
	SHIELDREN_UP,
	SHIELDREN_DOWN
};

enum shieldgun_e
{
	SHIELDGUN_IDLE,
	SHIELDGUN_SHOOT1,
	SHIELDGUN_SHOOT2,
	SHIELDGUN_SHOOT_EMPTY,
	SHIELDGUN_RELOAD,
	SHIELDGUN_DRAW,
	SHIELDGUN_DRAWN_IDLE,
	SHIELDGUN_UP,
	SHIELDGUN_DOWN,
};




enum SignalState
{
	SIGNAL_BUY       = (1<<(0)),
	SIGNAL_BOMB      = (1<<(1)),
	SIGNAL_RESCUE    = (1<<(2)),
	SIGNAL_ESCAPE    = (1<<(3)),
	SIGNAL_VIPSAFETY = (1<<(4)),
};




enum WeaponState
{
	WPNSTATE_USP_SILENCED       = (1<<(0)),
	WPNSTATE_GLOCK18_BURST_MODE = (1<<(1)),
	WPNSTATE_M4A1_SILENCED      = (1<<(2)),
	WPNSTATE_ELITE_LEFT         = (1<<(3)),
	WPNSTATE_FAMAS_BURST_MODE   = (1<<(4)),
	WPNSTATE_SHIELD_DRAWN       = (1<<(5)),
};




enum Bullet
{
	BULLET_NONE,
	BULLET_PLAYER_9MM,
	BULLET_PLAYER_MP5,
	BULLET_PLAYER_357,
	BULLET_PLAYER_BUCKSHOT,
	BULLET_PLAYER_CROWBAR,
	BULLET_MONSTER_9MM,
	BULLET_MONSTER_MP5,
	BULLET_MONSTER_12MM,
	BULLET_PLAYER_45ACP,
	BULLET_PLAYER_338MAG,
	BULLET_PLAYER_762MM,
	BULLET_PLAYER_556MM,
	BULLET_PLAYER_50AE,
	BULLET_PLAYER_57MM,
	BULLET_PLAYER_357SIG,
};




enum RewardRules
{
	RR_CTS_WIN,
	RR_TERRORISTS_WIN,
	RR_TARGET_BOMB,
	RR_VIP_ESCAPED,
	RR_VIP_ASSASSINATED,
	RR_TERRORISTS_ESCAPED,
	RR_CTS_PREVENT_ESCAPE,
	RR_ESCAPING_TERRORISTS_NEUTRALIZED,
	RR_BOMB_DEFUSED,
	RR_BOMB_PLANTED,
	RR_BOMB_EXPLODED,
	RR_ALL_HOSTAGES_RESCUED,
	RR_TARGET_BOMB_SAVED,
	RR_HOSTAGE_NOT_RESCUED,
	RR_VIP_NOT_ESCAPED,
	RR_LOSER_BONUS_DEFAULT,
	RR_LOSER_BONUS_MIN,
	RR_LOSER_BONUS_MAX,
	RR_LOSER_BONUS_ADD,
	RR_RESCUED_HOSTAGE,
	RR_TOOK_HOSTAGE_ACC,
	RR_TOOK_HOSTAGE,
	RR_END
};




enum ItemRestType
{
	ITEM_TYPE_BUYING,  
	ITEM_TYPE_TOUCHED, 
	ITEM_TYPE_EQUIPPED 
};




enum ItemID
{
	ITEM_NONE = -1,
	ITEM_SHIELDGUN,
	ITEM_P228,
	ITEM_GLOCK,
	ITEM_SCOUT,
	ITEM_HEGRENADE,
	ITEM_XM1014,
	ITEM_C4,
	ITEM_MAC10,
	ITEM_AUG,
	ITEM_SMOKEGRENADE,
	ITEM_ELITE,
	ITEM_FIVESEVEN,
	ITEM_UMP45,
	ITEM_SG550,
	ITEM_GALIL,
	ITEM_FAMAS,
	ITEM_USP,
	ITEM_GLOCK18,
	ITEM_AWP,
	ITEM_MP5N,
	ITEM_M249,
	ITEM_M3,
	ITEM_M4A1,
	ITEM_TMP,
	ITEM_G3SG1,
	ITEM_FLASHBANG,
	ITEM_DEAGLE,
	ITEM_SG552,
	ITEM_AK47,
	ITEM_KNIFE,
	ITEM_P90,
	ITEM_NVG,
	ITEM_DEFUSEKIT,
	ITEM_KEVLAR,
	ITEM_ASSAULT,
	ITEM_LONGJUMP,
	ITEM_SODACAN,
	ITEM_HEALTHKIT,
	ITEM_ANTIDOTE,
	ITEM_BATTERY
};




enum InfoMapBuyParam
{
	BUYING_EVERYONE = 0,
	BUYING_ONLY_CTS,
	BUYING_ONLY_TERRORISTS,
	BUYING_NO_ONE,
};




#line 1339




#line 1349




#line 1356





#line 1366





#line 1376




enum GameEventType
{
	EVENT_INVALID = 0,
	EVENT_WEAPON_FIRED,                 
	EVENT_WEAPON_FIRED_ON_EMPTY,        
	EVENT_WEAPON_RELOADED,              

	EVENT_HE_GRENADE_EXPLODED,          
	EVENT_FLASHBANG_GRENADE_EXPLODED,   
	EVENT_SMOKE_GRENADE_EXPLODED,       
	EVENT_GRENADE_BOUNCED,

	EVENT_BEING_SHOT_AT,
	EVENT_PLAYER_BLINDED_BY_FLASHBANG,  
	EVENT_PLAYER_FOOTSTEP,              
	EVENT_PLAYER_JUMPED,                
	EVENT_PLAYER_DIED,                  
	EVENT_PLAYER_LANDED_FROM_HEIGHT,    
	EVENT_PLAYER_TOOK_DAMAGE,           
	EVENT_HOSTAGE_DAMAGED,              
	EVENT_HOSTAGE_KILLED,               

	EVENT_DOOR,                         
	EVENT_BREAK_GLASS,                  
	EVENT_BREAK_WOOD,                   
	EVENT_BREAK_METAL,                  
	EVENT_BREAK_FLESH,                  
	EVENT_BREAK_CONCRETE,               

	EVENT_BOMB_PLANTED,                 
	EVENT_BOMB_DROPPED,                 
	EVENT_BOMB_PICKED_UP,               
	EVENT_BOMB_BEEP,                    
	EVENT_BOMB_DEFUSING,                
	EVENT_BOMB_DEFUSE_ABORTED,          
	EVENT_BOMB_DEFUSED,                 
	EVENT_BOMB_EXPLODED,                

	EVENT_HOSTAGE_USED,                 
	EVENT_HOSTAGE_RESCUED,              
	EVENT_ALL_HOSTAGES_RESCUED,         

	EVENT_VIP_ESCAPED,                  
	EVENT_VIP_ASSASSINATED,             
	EVENT_TERRORISTS_WIN,               
	EVENT_CTS_WIN,                      
	EVENT_ROUND_DRAW,                   
	EVENT_ROUND_WIN,                    
	EVENT_ROUND_LOSS,                   
	EVENT_ROUND_START,                  
	EVENT_PLAYER_SPAWNED,               
	EVENT_CLIENT_CORPSE_SPAWNED,
	EVENT_BUY_TIME_START,
	EVENT_PLAYER_LEFT_BUY_ZONE,
	EVENT_DEATH_CAMERA_START,
	EVENT_KILL_ALL,
	EVENT_ROUND_TIME,
	EVENT_DIE,
	EVENT_KILL,
	EVENT_HEADSHOT,
	EVENT_KILL_FLASHBANGED,
	EVENT_TUTOR_BUY_MENU_OPENNED,
	EVENT_TUTOR_AUTOBUY,
	EVENT_PLAYER_BOUGHT_SOMETHING,
	EVENT_TUTOR_NOT_BUYING_ANYTHING,
	EVENT_TUTOR_NEED_TO_BUY_PRIMARY_WEAPON,
	EVENT_TUTOR_NEED_TO_BUY_PRIMARY_AMMO,
	EVENT_TUTOR_NEED_TO_BUY_SECONDARY_AMMO,
	EVENT_TUTOR_NEED_TO_BUY_ARMOR,
	EVENT_TUTOR_NEED_TO_BUY_DEFUSE_KIT,
	EVENT_TUTOR_NEED_TO_BUY_GRENADE,
	EVENT_CAREER_TASK_DONE,

	EVENT_START_RADIO_1,
	EVENT_RADIO_COVER_ME,
	EVENT_RADIO_YOU_TAKE_THE_POINT,
	EVENT_RADIO_HOLD_THIS_POSITION,
	EVENT_RADIO_REGROUP_TEAM,
	EVENT_RADIO_FOLLOW_ME,
	EVENT_RADIO_TAKING_FIRE,
	EVENT_START_RADIO_2,
	EVENT_RADIO_GO_GO_GO,
	EVENT_RADIO_TEAM_FALL_BACK,
	EVENT_RADIO_STICK_TOGETHER_TEAM,
	EVENT_RADIO_GET_IN_POSITION_AND_WAIT,
	EVENT_RADIO_STORM_THE_FRONT,
	EVENT_RADIO_REPORT_IN_TEAM,
	EVENT_START_RADIO_3,
	EVENT_RADIO_AFFIRMATIVE,
	EVENT_RADIO_ENEMY_SPOTTED,
	EVENT_RADIO_NEED_BACKUP,
	EVENT_RADIO_SECTOR_CLEAR,
	EVENT_RADIO_IN_POSITION,
	EVENT_RADIO_REPORTING_IN,
	EVENT_RADIO_GET_OUT_OF_THERE,
	EVENT_RADIO_NEGATIVE,
	EVENT_RADIO_ENEMY_DOWN,
	EVENT_END_RADIO,

	EVENT_NEW_MATCH,                    
	EVENT_PLAYER_CHANGED_TEAM,          
	EVENT_BULLET_IMPACT,                
	EVENT_GAME_COMMENCE,                
	EVENT_WEAPON_ZOOMED,                
	EVENT_HOSTAGE_CALLED_FOR_HELP,      
	NUM_GAME_EVENTS,
};





enum SecondaryAtkState
{
	WEAPON_SECONDARY_ATTACK_NONE = 0,
	WEAPON_SECONDARY_ATTACK_SET,
	WEAPON_SECONDARY_ATTACK_BLOCK
};




enum Decal
{
	DECAL_GUNSHOT1 = 0,
	DECAL_GUNSHOT2,
	DECAL_GUNSHOT3,
	DECAL_GUNSHOT4,
	DECAL_GUNSHOT5,
	DECAL_LAMBDA1,
	DECAL_LAMBDA2,
	DECAL_LAMBDA3,
	DECAL_LAMBDA4,
	DECAL_LAMBDA5,
	DECAL_LAMBDA6,
	DECAL_SCORCH1,
	DECAL_SCORCH2,
	DECAL_BLOOD1,
	DECAL_BLOOD2,
	DECAL_BLOOD3,
	DECAL_BLOOD4,
	DECAL_BLOOD5,
	DECAL_BLOOD6,
	DECAL_YBLOOD1,
	DECAL_YBLOOD2,
	DECAL_YBLOOD3,
	DECAL_YBLOOD4,
	DECAL_YBLOOD5,
	DECAL_YBLOOD6,
	DECAL_GLASSBREAK1,
	DECAL_GLASSBREAK2,
	DECAL_GLASSBREAK3,
	DECAL_BIGSHOT1,
	DECAL_BIGSHOT2,
	DECAL_BIGSHOT3,
	DECAL_BIGSHOT4,
	DECAL_BIGSHOT5,
	DECAL_SPIT1,
	DECAL_SPIT2,
	DECAL_BPROOF1,           
	DECAL_GARGSTOMP1,        
	DECAL_SMALLSCORCH1,      
	DECAL_SMALLSCORCH2,      
	DECAL_SMALLSCORCH3,      
	DECAL_MOMMABIRTH,        
	DECAL_MOMMASPLAT,
};




enum
{
	GR_NOTTEAMMATE = 0,
	GR_TEAMMATE,
	GR_ENEMY,
	GR_ALLY,
	GR_NEUTRAL,
};


enum DeathMessageFlags
{


	PLAYERDEATH_POSITION          = 0x001,



	PLAYERDEATH_ASSISTANT         = 0x002,




	PLAYERDEATH_KILLRARITY        = 0x004
};


enum KillRarity
{
	KILLRARITY_HEADSHOT         = 0x001, 
	KILLRARITY_KILLER_BLIND     = 0x002, 
	KILLRARITY_NOSCOPE          = 0x004, 
	KILLRARITY_PENETRATED       = 0x008, 
	KILLRARITY_THRUSMOKE        = 0x010, 
	KILLRARITY_ASSISTEDFLASH    = 0x020, 
	KILLRARITY_DOMINATION_BEGAN = 0x040, 
	KILLRARITY_DOMINATION       = 0x080, 
	KILLRARITY_REVENGE          = 0x100, 
	KILLRARITY_INAIR            = 0x200  
};
#file F:\SV GAMELAND\server\cstrike\addons\amxmodx\scripting\include\reapi.inc
#line 99

#file F:\SV GAMELAND\server\cstrike\addons\amxmodx\scripting\include\reapi_version.inc
#line 5


#file F:\SV GAMELAND\server\cstrike\addons\amxmodx\scripting\include\reapi.inc
#file F:\SV GAMELAND\server\cstrike\addons\amxmodx\scripting\include\reapi_engine.inc
#line 4

#line 6

#file F:\SV GAMELAND\server\cstrike\addons\amxmodx\scripting\include\reapi_engine_const.inc
#line 4

#line 6




enum MapNameType
{
	MNT_TRUE,   
	MNT_SET     
};




enum CheckVisibilityType
{
	VisibilityInPVS = 0, 
	VisibilityInPAS      
};




enum ResourceType_t
{
	t_sound = 0,
	t_skin,
	t_model,
	t_decal,
	t_generic,
	t_eventscript,
	t_world,		
	rt_unk,

	rt_max
};




#line 47




enum EngineFunc
{




	RH_SV_StartSound = (any:1024 * hooks_tables_e:ht_engine),





	RH_SV_DropClient,





	RH_SV_ActivateServer,





	RH_Cvar_DirectSet,





	RH_SV_WriteFullClientUpdate,





	RH_GetEntityInit,





	RH_ClientConnected,





	RH_SV_ConnectClient,





	RH_SV_EmitPings,






	RH_ED_Alloc,





	RH_ED_Free,





	RH_Con_Printf,








	RH_SV_CheckUserInfo,






	RH_PF_precache_generic_I,






	RH_PF_precache_model_I,






	RH_PF_precache_sound_I,






	RH_EV_Precache,





	RH_SV_AddResource,





	RH_SV_ClientPrintf,






	RH_SV_AllowPhysent,





	RH_ExecuteServerStringCmd,





	RH_SV_SendResources,

};




enum EntVars
{






	var_classname = (any:1024 * members_tables_e:mt_entvars),







	var_globalname,







	var_origin,







	var_oldorigin,







	var_velocity,







	var_basevelocity,







	var_clbasevelocity,







	var_movedir,







	var_angles,







	var_avelocity,







	var_punchangle,







	var_v_angle,







	var_endpos,







	var_startpos,







	var_impacttime,







	var_starttime,







	var_fixangle,







	var_idealpitch,







	var_pitch_speed,







	var_ideal_yaw,







	var_yaw_speed,







	var_modelindex,







	var_model,







	var_viewmodel,







	var_weaponmodel,







	var_absmin,







	var_absmax,







	var_mins,







	var_maxs,







	var_size,







	var_ltime,







	var_nextthink,







	var_movetype,







	var_solid,







	var_skin,







	var_body,







	var_effects,







	var_gravity,







	var_friction,







	var_light_level,







	var_sequence,







	var_gaitsequence,







	var_frame,







	var_animtime,







	var_framerate,







	var_controller,







	var_blending,







	var_scale,







	var_rendermode,







	var_renderamt,







	var_rendercolor,







	var_renderfx,







	var_health,







	var_frags,







	var_weapons,







	var_takedamage,







	var_deadflag,







	var_view_ofs,







	var_button,







	var_impulse,







	var_chain,







	var_dmg_inflictor,







	var_enemy,







	var_aiment,







	var_owner,







	var_groundentity,







	var_spawnflags,







	var_flags,







	var_colormap,







	var_team,







	var_max_health,







	var_teleport_time,







	var_armortype,







	var_armorvalue,







	var_waterlevel,







	var_watertype,







	var_target,







	var_targetname,







	var_netname,







	var_message,







	var_dmg_take,







	var_dmg_save,







	var_dmg,







	var_dmgtime,







	var_noise,







	var_noise1,







	var_noise2,







	var_noise3,







	var_speed,







	var_air_finished,







	var_pain_finished,







	var_radsuit_finished,







	var_pContainingEntity,







	var_playerclass,







	var_maxspeed,







	var_fov,







	var_weaponanim,







	var_pushmsec,







	var_bInDuck,







	var_flTimeStepSound,







	var_flSwimTime,







	var_flDuckTime,







	var_iStepLeft,







	var_flFallVelocity,







	var_gamestate,







	var_oldbuttons,







	var_groupinfo,







	var_iuser1,







	var_iuser2,







	var_iuser3,







	var_iuser4,







	var_fuser1,







	var_fuser2,







	var_fuser3,







	var_fuser4,







	var_vuser1,







	var_vuser2,







	var_vuser3,







	var_vuser4,







	var_euser1,







	var_euser2,







	var_euser3,







	var_euser4
};




enum UCmd
{






	ucmd_lerp_msec = (any:1024 * members_tables_e:mt_usercmd),







	ucmd_msec,







	ucmd_viewangles,







	ucmd_forwardmove,







	ucmd_sidemove,







	ucmd_upmove,







	ucmd_lightlevel,







	ucmd_buttons,







	ucmd_impulse,







	ucmd_weaponselect,







	ucmd_impact_index,







	ucmd_impact_position
};

enum NetAdrType
{
	NA_NULL = 0,
	NA_LOOPBACK,
	NA_BROADCAST,
	NA_IP,
	NA_IPX,				
	NA_BROADCAST_IPX,	
};

enum NetAdrVars
{






	netadr_type = (any:1024 * members_tables_e:mt_netadr),







	netadr_ip,







	netadr_port
};




enum NetSrc
{
	NS_CLIENT,
	NS_SERVER,
	NS_MULTICAST	
};




enum NetChan
{






	net_sock = (any:1024 * members_tables_e:mt_netchan),







	net_remote_address,







	net_player_slot,







	net_last_received,







	net_connect_time,







	net_rate,







	net_cleartime,







	net_incoming_sequence,







	net_incoming_acknowledged,







	net_incoming_reliable_acknowledged,







	net_incoming_reliable_sequence,







	net_outgoing_sequence,







	net_reliable_sequence,







	net_last_reliable_sequence
};




enum MsgArgType
{
	ArgByte,
	ArgChar,
	ArgShort,
	ArgLong,
	ArgAngle,
	ArgCoord,
	ArgString,
	ArgEntity,
};





enum MsgDataType
{



	MsgAny,







	MsgDest,







	MsgMsgId,







	MsgOrigin,







	MsgTargetId,
















	MsgArg
};





enum MsgBlockType
{
	MSG_BLOCK_NOT,  
	MSG_BLOCK_ONCE, 
	MSG_BLOCK_SET   
};
#file F:\SV GAMELAND\server\cstrike\addons\amxmodx\scripting\include\reapi_engine.inc
#line 8





native set_entvar(const index, const EntVars:var, any:...);





native any:get_entvar(const index, const EntVars:var, any:...);





native set_ucmd(const ucmd, const UCmd:var, any:...);





native any:get_ucmd(const ucmd, const UCmd:var, any:...);





native set_netchan(const index, const NetChan:var, any:...);





native any:get_netchan(const index, const NetChan:var, any:...);








native set_netadr(const adr, const NetAdrVars:var, any:...);








native any:get_netadr(const adr, const NetAdrVars:var, any:...);












native get_key_value(const pbuffer, const key[], const value[], const maxlen);











native set_key_value(const pbuffer, const key[], const value[]);










native get_key_value_buffer(const pbuffer, const output[], const maxlen);










native set_key_value_buffer(const pbuffer, const value[], const maxlen = -1);













native GetBonePosition(const entity, const bone, Float:vecOrigin[3], Float:vecAngles[3] = {0.0, 0.0, 0.0});













native GetAttachment(const entity, const attachment, Float:vecOrigin[3], Float:vecAngles[3] = {0.0, 0.0, 0.0});













native SetBodygroup(const entity, const group, const value);












native GetBodygroup(const entity, const group);














native bool:GetSequenceInfo(const entity, &piFlags, &Float:pflFrameRate, &Float:pflGroundSpeed);















native CheckVisibilityInOrigin(const ent, Float:origin[3], CheckVisibilityType:type = VisibilityInPVS);








native rh_set_mapname(const mapname[]);











native rh_get_mapname(output[], len, MapNameType:type = MNT_SET);






native rh_reset_mapname();

















native bool:rh_emit_sound2(const entity, const recipient, const channel, const sample[], Float:vol = 1.0, Float:attn = 0.80, const flags = 0, const pitch = 100, emitFlags = 0, const Float:origin[3] = {0.0,0.0,0.0});








native rh_update_user_info(const index);










native rh_drop_client(const index, const message[] = "");










native rh_get_net_from(output[], len);








native rh_get_client_connect_time(const index);













native bool:rh_is_entity_fullpacked(const host, const entity, const frame = -1);






native Float:rh_get_realtime();







native bool:rh_is_server_paused();









native rh_set_server_pause(const bool:status);

enum MessageHook
{
	INVALID_MESSAGEHOOK = 0
};





















native MessageHook:RegisterMessage(const msg_id, const callback[], post = 0);








native bool:UnregisterMessage(const MessageHook:handle);








native bool:EnableHookMessage(const MessageHook:handle);








native bool:DisableHookMessage(const MessageHook:handle);









native bool:SetMessageData(const MsgDataType:type, any:...);









native any:GetMessageData(const MsgDataType:type, any:...);









native any:GetMessageOrigData(const MsgDataType:type, any:...);








native MsgArgType:GetMessageArgType(const number);






native GetMessageArgsNum();









native bool:SetMessageBlock(const msgid, MsgBlockType:type);








native MsgBlockType:GetMessageBlock(const msgid);





















native bool:IsMessageDataModified(MsgDataType:type = MsgAny, const number = -1);


















native bool:ResetModifiedMessageData(MsgDataType:type = MsgAny, const number = -1);
#file F:\SV GAMELAND\server\cstrike\addons\amxmodx\scripting\include\reapi.inc
#file F:\SV GAMELAND\server\cstrike\addons\amxmodx\scripting\include\reapi_gamedll.inc
#line 4

#line 6

#file F:\SV GAMELAND\server\cstrike\addons\amxmodx\scripting\include\reapi_gamedll_const.inc
#line 4

#line 6






#line 13




#line 43




enum UnifiedSignals
{
	US_Signal,
	US_State
};




enum AccountSet
{
	AS_SET, 
	AS_ADD  
};




enum WpnInfo
{






	WI_ID,







	WI_COST,







	WI_CLIP_COST,







	WI_BUY_CLIP_SIZE,







	WI_GUN_CLIP_SIZE,







	WI_MAX_ROUNDS,







	WI_AMMO_TYPE,







	WI_AMMO_NAME,







	WI_NAME,







	WI_SLOT,
};




enum ItemInfo
{






	ItemInfo_iSlot,







	ItemInfo_iPosition,







	ItemInfo_pszAmmo1,







	ItemInfo_iMaxAmmo1,







	ItemInfo_pszAmmo2,







	ItemInfo_iMaxAmmo2,







	ItemInfo_pszName,







	ItemInfo_iMaxClip,







	ItemInfo_iId,







	ItemInfo_iFlags,







	ItemInfo_iWeight
};




enum GiveType
{
	GT_APPEND,          
	GT_REPLACE,         
	GT_DROP_AND_REPLACE 
};




enum MenuChooseTeam
{
	MenuChoose_T = 1,
	MenuChoose_CT,
	MenuChoose_VIP,

	MenuChoose_AutoSelect = 5,
	MenuChoose_Spec,
};




enum VGUIMenu
{
	VGUI_Menu_Team = 2,
	VGUI_Menu_MapBriefing = 4,

	VGUI_Menu_Class_T = 26,
	VGUI_Menu_Class_CT,
	VGUI_Menu_Buy,
	VGUI_Menu_Buy_Pistol,
	VGUI_Menu_Buy_ShotGun,
	VGUI_Menu_Buy_Rifle,
	VGUI_Menu_Buy_SubMachineGun,
	VGUI_Menu_Buy_MachineGun,
	VGUI_Menu_Buy_Item,
};




enum GamedllFunc
{





	RG_GetForceCamera = (any:1024 * hooks_tables_e:ht_gamedll),





	RG_PlayerBlind,





	RG_RadiusFlash_TraceLine,





	RG_RoundEnd,





	RG_PM_Move,





	RG_PM_AirMove,





	RG_HandleMenu_ChooseAppearance,





	RG_HandleMenu_ChooseTeam,





	RG_ShowMenu,





	RG_ShowVGUIMenu,






	RG_BuyGunAmmo,






	RG_BuyWeaponByWeaponID,






	RG_ThrowHeGrenade,






	RG_ThrowFlashbang,






	RG_ThrowSmokeGrenade,






	RG_PlantBomb,






	RG_IsPenetrableEntity,






	RG_SpawnHeadGib,





	RG_SpawnRandomGibs,






	RG_CreateWeaponBox,





	RG_PM_LadderMove,





	RG_PM_WaterJump,





	RG_PM_CheckWaterJump,





	RG_PM_Jump,





	RG_PM_Duck,





	RG_PM_UnDuck,





	RG_PM_PlayStepSound,





	RG_PM_AirAccelerate,





	RG_ClearMultiDamage,





	RG_AddMultiDamage,





	RG_ApplyMultiDamage,





	RG_BuyItem,





	RG_SendSayMessage,
};




enum GamedllFunc_CBaseAnimating
{




	RG_CBaseAnimating_ResetSequenceInfo = (any:1024 * hooks_tables_e:ht_animating)
};




enum GamedllFunc_CGrenade
{




	RG_CGrenade_DefuseBombStart = (any:1024 * hooks_tables_e:ht_grenade),





	RG_CGrenade_DefuseBombEnd,





	RG_CGrenade_ExplodeHeGrenade,





	RG_CGrenade_ExplodeFlashbang,





	RG_CGrenade_ExplodeSmokeGrenade,





	RG_CGrenade_ExplodeBomb,
};




enum GamedllFunc_CWeaponBox
{




	RG_CWeaponBox_SetModel = (any:1024 * hooks_tables_e:ht_weaponbox),
};




enum GamedllFunc_CBasePlayer
{




	RG_CBasePlayer_Spawn = (any:1024 * hooks_tables_e:ht_player),





	RG_CBasePlayer_Precache,






	RG_CBasePlayer_ObjectCaps,






	RG_CBasePlayer_Classify,





	RG_CBasePlayer_TraceAttack,






	RG_CBasePlayer_TakeDamage,





	RG_CBasePlayer_TakeHealth,





	RG_CBasePlayer_Killed,





	RG_CBasePlayer_AddPoints,





	RG_CBasePlayer_AddPointsToTeam,






	RG_CBasePlayer_AddPlayerItem,






	RG_CBasePlayer_RemovePlayerItem,






	RG_CBasePlayer_GiveAmmo,





	RG_CBasePlayer_ResetMaxSpeed,





	RG_CBasePlayer_Jump,





	RG_CBasePlayer_Duck,





	RG_CBasePlayer_PreThink,





	RG_CBasePlayer_PostThink,





	RG_CBasePlayer_UpdateClientData,





	RG_CBasePlayer_ImpulseCommands,





	RG_CBasePlayer_RoundRespawn,





	RG_CBasePlayer_Blind,





	RG_CBasePlayer_SetClientUserInfoModel,





	RG_CBasePlayer_SetClientUserInfoName,





	RG_CBasePlayer_Observer_IsValidTarget,





	RG_CBasePlayer_SetAnimation,





	RG_CBasePlayer_GiveDefaultItems,






	RG_CBasePlayer_GiveNamedItem,





	RG_CBasePlayer_AddAccount,





	RG_CBasePlayer_GiveShield,






	RG_CBasePlayer_DropPlayerItem,





	RG_CBasePlayer_HasRestrictItem,






	RG_CBasePlayer_DropShield,





	RG_CBasePlayer_OnSpawnEquip,






	RG_CBasePlayer_Radio,





	RG_CBasePlayer_Disappear,





	RG_CBasePlayer_MakeVIP,






	RG_CBasePlayer_MakeBomber,





	RG_CBasePlayer_StartObserver,






	RG_CBasePlayer_GetIntoGame,





	RG_CBasePlayer_StartDeathCam,






	RG_CBasePlayer_SwitchTeam,






	RG_CBasePlayer_CanSwitchTeam,






	RG_CBasePlayer_ThrowGrenade,






	RG_CBasePlayer_SetSpawnProtection,






	RG_CBasePlayer_RemoveSpawnProtection,






	RG_CBasePlayer_HintMessageEx,






	RG_CBasePlayer_UseEmpty,






	RG_CBasePlayer_DropIdlePlayer,





	RG_CBasePlayer_Observer_SetMode,






	RG_CBasePlayer_Observer_FindNextPlayer,






	RG_CBasePlayer_Pain,






	RG_CBasePlayer_DeathSound,







	RG_CBasePlayer_JoiningThink,






	RG_CBasePlayer_CheckTimeBasedDamage,






	RG_CBasePlayer_EntSelectSpawnPoint,





	RG_CBasePlayer_PlayerDeathThink,





	RG_CBasePlayer_Observer_Think,





	RG_CBasePlayer_RemoveAllItems,





	RG_CBasePlayer_UpdateStatusBar,





	RG_CBasePlayer_TakeDamageImpulse,
};




enum GamedllFunc_CBasePlayerWeapon
{





	RG_CBasePlayerWeapon_CanDeploy = (any:1024 * hooks_tables_e:ht_weapon),






	RG_CBasePlayerWeapon_DefaultDeploy,






	RG_CBasePlayerWeapon_DefaultReload,






	RG_CBasePlayerWeapon_DefaultShotgunReload,






	RG_CBasePlayerWeapon_ItemPostFrame,







	RG_CBasePlayerWeapon_KickBack,







	RG_CBasePlayerWeapon_SendWeaponAnim,
};




enum GamedllFunc_CGib
{




	RG_CGib_Spawn = (any:1024 * hooks_tables_e:ht_gib),





	RG_CGib_BounceGibTouch,





	RG_CGib_WaitTillLand,
};




enum GamedllFunc_CBaseEntity
{






	RG_CBaseEntity_FireBullets = (any:1024 * hooks_tables_e:ht_cbaseentity),






	RG_CBaseEntity_FireBuckshots,






	RG_CBaseEntity_FireBullets3,
};




enum GamedllFunc_CBotManager
{






	RG_CBotManager_OnEvent = (any:1024 * hooks_tables_e:ht_botmanager),
}





enum GamedllFunc_CSGameRules
{





	RG_CSGameRules_FShouldSwitchWeapon = (any:1024 * hooks_tables_e:ht_gamerules),






	RG_CSGameRules_GetNextBestWeapon,






	RG_CSGameRules_FlPlayerFallDamage,






	RG_CSGameRules_FPlayerCanTakeDamage,





	RG_CSGameRules_PlayerSpawn,






	RG_CSGameRules_FPlayerCanRespawn,






	RG_CSGameRules_GetPlayerSpawnSpot,





	RG_CSGameRules_ClientUserInfoChanged,





	RG_CSGameRules_PlayerKilled,





	RG_CSGameRules_DeathNotice,






	RG_CSGameRules_CanHavePlayerItem,






	RG_CSGameRules_DeadPlayerWeapons,





	RG_CSGameRules_ServerDeactivate,





	RG_CSGameRules_CheckMapConditions,







	RG_CSGameRules_CleanUpMap,





	RG_CSGameRules_RestartRound,





	RG_CSGameRules_CheckWinConditions,





	RG_CSGameRules_RemoveGuns,






	RG_CSGameRules_GiveC4,





	RG_CSGameRules_ChangeLevel,





	RG_CSGameRules_GoToIntermission,





	RG_CSGameRules_BalanceTeams,





	RG_CSGameRules_OnRoundFreezeEnd,






	RG_CSGameRules_CanPlayerHearPlayer,





	RG_CSGameRules_Think,






	RG_CSGameRules_TeamFull,






	RG_CSGameRules_TeamStacked,





	RG_CSGameRules_PlayerGotWeapon,







	RG_CSGameRules_SendDeathMessage,
};




enum CSGameRules_Members
{






	m_bFreezePeriod = (any:1024 * members_tables_e:mt_gamerules),







	m_bBombDropped,







	m_GameDesc,







	m_msgPlayerVoiceMask,







	m_msgRequestState,







	m_nMaxPlayers,







	m_UpdateInterval,







	m_flRestartRoundTime,







	m_flCheckWinConditions,







	m_fRoundStartTime,







	m_iRoundTime,







	m_iRoundTimeSecs,







	m_iIntroRoundTime,







	m_fRoundStartTimeReal,







	m_iAccountTerrorist,







	m_iAccountCT,







	m_iNumTerrorist,







	m_iNumCT,







	m_iNumSpawnableTerrorist,







	m_iNumSpawnableCT,







	m_iSpawnPointCount_Terrorist,







	m_iSpawnPointCount_CT,







	m_iHostagesRescued,







	m_iHostagesTouched,







	m_iRoundWinStatus,







	m_iNumCTWins,







	m_iNumTerroristWins,







	m_bTargetBombed,







	m_bBombDefused,







	m_bMapHasBombTarget,







	m_bMapHasBombZone,







	m_bMapHasBuyZone,







	m_bMapHasRescueZone,







	m_bMapHasEscapeZone,







	m_bMapHasVIPSafetyZone,







	m_bMapHasCameras,







	m_iC4Timer,







	m_iC4Guy,







	m_iLoserBonus,







	m_iNumConsecutiveCTLoses,







	m_iNumConsecutiveTerroristLoses,







	m_fMaxIdlePeriod,







	m_iLimitTeams,







	m_bLevelInitialized,







	m_bRoundTerminating,







	m_bCompleteReset,







	m_flRequiredEscapeRatio,







	m_iNumEscapers,







	m_iHaveEscaped,







	m_bCTCantBuy,







	m_bTCantBuy,







	m_flBombRadius,







	m_iConsecutiveVIP,







	m_iTotalGunCount,







	m_iTotalGrenadeCount,







	m_iTotalArmourCount,







	m_iUnBalancedRounds,







	m_iNumEscapeRounds,







	m_iMapVotes,







	m_iLastPick,







	m_iMaxMapTime,







	m_iMaxRounds,







	m_iTotalRoundsPlayed,







	m_iMaxRoundsWon,







	m_iStoredSpectValue,







	m_flForceCameraValue,







	m_flForceChaseCamValue,







	m_flFadeToBlackValue,







	m_pVIP,







	m_pVIPQueue,







	m_flIntermissionEndTime,







	m_flIntermissionStartTime,








	m_iEndIntermissionButtonHit,







	m_tmNextPeriodicThink,







	m_bGameStarted,







	m_bInCareerGame,







	m_fCareerRoundMenuTime,







	m_iCareerMatchWins,







	m_iRoundWinDifference,







	m_fCareerMatchMenuTime,







	m_bSkipSpawn,







	m_bSkipShowMenu,







	m_bNeededPlayers,







	m_flEscapeRatio,







	m_flTimeLimit,








	m_flGameStartTime,







	m_bTeamBalanced,
};




enum CBaseEntity_Members
{






	currentammo = (any:1024 * members_tables_e:mt_base),







	maxammo_buckshot,







	ammo_buckshot,







	maxammo_9mm,







	ammo_9mm,







	maxammo_556nato,







	ammo_556nato,







	maxammo_556natobox,







	ammo_556natobox,







	maxammo_762nato,







	ammo_762nato,







	maxammo_45acp,







	ammo_45acp,







	maxammo_50ae,







	ammo_50ae,







	maxammo_338mag,







	ammo_338mag,







	maxammo_57mm,







	ammo_57mm,







	maxammo_357sig,







	ammo_357sig,







	m_flStartThrow,







	m_flReleaseThrow,







	m_iSwing,







	has_disconnected,
};




enum CBaseAnimating_Members
{






	m_flFrameRate = (any:1024 * members_tables_e:mt_animating),







	m_flGroundSpeed,







	m_flLastEventCheck,







	m_fSequenceFinished,







	m_fSequenceLoops,
};




enum CBaseMonster_Members
{






	m_Activity = (any:1024 * members_tables_e:mt_basemonster),







	m_IdealActivity,







	m_LastHitGroup,







	m_bitsDamageType,







	m_rgbTimeBasedDamage,







	m_MonsterState,







	m_IdealMonsterState,







	m_afConditions,







	m_afMemory,







	m_flNextAttack,







	m_hEnemy,







	m_hTargetEnt,







	m_flFieldOfView,







	m_bloodColor,







	m_HackedGunPos,







	m_vecEnemyLKP,
};




enum CBasePlayer_Members
{






	random_seed = (any:1024 * members_tables_e:mt_player),







	m_usPlayerBleed,







	m_hObserverTarget,







	m_flNextObserverInput,







	m_iObserverWeapon,







	m_iObserverC4State,







	m_bObserverHasDefuser,







	m_iObserverLastMode,







	m_flFlinchTime,







	m_flAnimTime,







	m_bHighDamage,







	m_flVelocityModifier,







	m_iLastZoom,







	m_bResumeZoom,







	m_flEjectBrass,







	m_iKevlar,







	m_bNotKilled,







	m_iTeam,







	m_iAccount,







	m_bHasPrimary,







	m_flDeathThrowTime,







	m_iThrowDirection,







	m_flLastTalk,







	m_bJustConnected,







	m_bContextHelp,







	m_iJoiningState,







	m_pIntroCamera,







	m_fIntroCamTime,







	m_fLastMovement,







	m_bMissionBriefing,







	m_bTeamChanged,







	m_iModelName,







	m_iTeamKills,







	m_iIgnoreGlobalChat,







	m_bHasNightVision,







	m_bNightVisionOn,







	m_vRecentPath,







	m_flIdleCheckTime,







	m_flRadioTime,







	m_iRadioMessages,







	m_bIgnoreRadio,







	m_bHasC4,







	m_bHasDefuser,







	m_bKilledByBomb,







	m_vBlastVector,







	m_bKilledByGrenade,







	m_flDisplayHistory,







	m_iMenu,







	m_iChaseTarget,







	m_pChaseTarget,







	m_fCamSwitch,







	m_bEscaped,







	m_bIsVIP,







	m_tmNextRadarUpdate,







	m_vLastOrigin,







	m_iCurrentKickVote,







	m_flNextVoteTime,







	m_bJustKilledTeammate,







	m_iHostagesKilled,







	m_iMapVote,








	m_bCanShoot,







	m_flLastFired,







	m_flLastAttackedTeammate,







	m_bHeadshotKilled,







	m_bPunishedForTK,







	m_bReceivesNoMoneyNextRound,







	m_iTimeCheckAllowed,







	m_bHasChangedName,







	m_szNewName,







	m_bIsDefusing,







	m_tmHandleSignals,







	m_signals,







	m_pentCurBombTarget,







	m_iPlayerSound,







	m_iTargetVolume,







	m_iWeaponVolume,







	m_iExtraSoundTypes,







	m_iWeaponFlash,







	m_flStopExtraSoundTime,







	m_flFlashLightTime,







	m_iFlashBattery,







	m_afButtonLast,







	m_afButtonPressed,







	m_afButtonReleased,







	m_pentSndLast,







	m_flSndRoomtype,







	m_flSndRange,







	m_flFallVelocity,







	m_rgItems,







	m_fNewAmmo,







	m_afPhysicsFlags,







	m_fNextSuicideTime,







	m_flTimeStepSound,







	m_flTimeWeaponIdle,







	m_flSwimTime,







	m_flDuckTime,







	m_flWallJumpTime,







	m_flSuitUpdate,







	m_rgSuitPlayList,







	m_iSuitPlayNext,







	m_rgiSuitNoRepeat,







	m_rgflSuitNoRepeatTime,







	m_lastDamageAmount,







	m_tbdPrev,







	m_flgeigerRange,







	m_flgeigerDelay,







	m_igeigerRangePrev,







	m_iStepLeft,







	m_szTextureName,







	m_chTextureType,







	m_idrowndmg,







	m_idrownrestored,







	m_bitsHUDDamage,







	m_fInitHUD,







	m_fGameHUDInitialized,







	m_iTrain,







	m_fWeapon,







	m_pTank,







	m_fDeadTime,







	m_fNoPlayerSound,







	m_fLongJump,







	m_tSneaking,







	m_iUpdateTime,







	m_iClientHealth,







	m_iClientBattery,







	m_iHideHUD,







	m_iClientHideHUD,







	m_iFOV,







	m_iClientFOV,







	m_iNumSpawns,







	m_pObserver,







	m_rgpPlayerItems,







	m_pActiveItem,







	m_pClientActiveItem,







	m_pLastItem,







	m_rgAmmo,







	m_rgAmmoLast,







	m_vecAutoAim,







	m_fOnTarget,







	m_iDeaths,







	m_izSBarState,







	m_flNextSBarUpdateTime,







	m_flStatusBarDisappearDelay,







	m_SbarString0,







	m_lastx,







	m_lasty,







	m_nCustomSprayFrames,







	m_flNextDecalTime,







	m_szTeamName,







	m_modelIndexPlayer,







	m_szAnimExtention,







	m_iGaitsequence,







	m_flGaitframe,







	m_flGaityaw,







	m_prevgaitorigin,







	m_flPitch,







	m_flYaw,







	m_flGaitMovement,







	m_iAutoWepSwitch,







	m_bVGUIMenus,







	m_bShowHints,







	m_bShieldDrawn,







	m_bOwnsShield,







	m_bWasFollowing,







	m_flNextFollowTime,







	m_flYawModifier,







	m_blindUntilTime,







	m_blindStartTime,







	m_blindHoldTime,







	m_blindFadeTime,







	m_blindAlpha,







	m_allowAutoFollowTime,







	m_autoBuyString,







	m_rebuyString,







	m_rebuyStruct,







	m_bIsInRebuy,







	m_flLastUpdateTime,







	m_lastLocation,







	m_progressStart,







	m_progressEnd,







	m_bObserverAutoDirector,







	m_canSwitchObserverModes,







	m_heartBeatTime,







	m_intenseTimestamp,







	m_silentTimestamp,







	m_musicState,







	m_flLastCommandTime,







	m_iLastAccount,







	m_iLastClientHealth,







	m_tmNextAccountHealthUpdate,
};




enum RebuyStruct
{






	m_primaryWeapon = (any:1024 * members_tables_e:mt_rebuystruct),







	m_primaryAmmo,







	m_secondaryWeapon,







	m_secondaryAmmo,







	m_heGrenade,







	m_flashbang,







	m_smokeGrenade,







	m_defuser,







	m_nightVision,







	m_armor,
};




enum PlayerMove
{






	pm_player_index = (any:1024 * members_tables_e:mt_playermove),







	pm_server,







	pm_multiplayer,







	pm_time,







	pm_frametime,







	pm_forward,







	pm_right,







	pm_up,







	pm_origin,







	pm_angles,







	pm_oldangles,







	pm_velocity,







	pm_movedir,







	pm_basevelocity,







	pm_view_ofs,







	pm_flDuckTime,







	pm_bInDuck,







	pm_flTimeStepSound,







	pm_iStepLeft,







	pm_flFallVelocity,







	pm_punchangle,







	pm_flSwimTime,







	pm_flNextPrimaryAttack,







	pm_effects,







	pm_flags,







	pm_usehull,







	pm_gravity,







	pm_friction,







	pm_oldbuttons,







	pm_waterjumptime,







	pm_dead,







	pm_deadflag,







	pm_spectator,







	pm_movetype,







	pm_onground,







	pm_waterlevel,







	pm_watertype,







	pm_oldwaterlevel,







	pm_sztexturename,







	pm_chtexturetype,







	pm_maxspeed,







	pm_clientmaxspeed,







	pm_iuser1,







	pm_iuser2,







	pm_iuser3,







	pm_iuser4,







	pm_fuser1,







	pm_fuser2,







	pm_fuser3,







	pm_fuser4,







	pm_vuser1,







	pm_vuser2,







	pm_vuser3,







	pm_vuser4,







	pm_numphysent,







	pm_cmd,







	pm_numtouch,







	pm_physinfo,







	pm_player_mins,







	pm_player_maxs,
};




enum MoveVars
{






	mv_gravity = (any:1024 * members_tables_e:mt_movevars),







	mv_stopspeed,







	mv_maxspeed,







	mv_spectatormaxspeed,







	mv_accelerate,







	mv_airaccelerate,







	mv_wateraccelerate,







	mv_friction,







	mv_edgefriction,







	mv_waterfriction,







	mv_entgravity,







	mv_bounce,







	mv_stepsize,







	mv_maxvelocity,







	mv_zmax,







	mv_waveHeight,







	mv_footsteps,







	mv_skyName,







	mv_rollangle,







	mv_rollspeed,







	mv_skycolor_r,







	mv_skycolor_g,







	mv_skycolor_b,







	mv_skyvec_x,







	mv_skyvec_y,







	mv_skyvec_z,
};




enum PMTrace
{






	pmt_allsolid = (any:1024 * members_tables_e:mt_pmtrace),







	pmt_startsolid,







	pmt_inopen,







	pmt_inwater,







	pmt_fraction,







	pmt_endpos,







	pmt_ent,







	pmt_deltavelocity,







	pmt_hitgroup
};




enum CCSPlayer_Members
{






	m_szModel = (any:1024 * members_tables_e:mt_csplayer),







	m_bForceShowMenu,







	m_flRespawnPending,







	m_flSpawnProtectionEndTime,







	m_vecOldvAngle,







	m_iWeaponInfiniteAmmo,







	m_iWeaponInfiniteIds,







	m_bCanShootOverride,







	m_bGameForcingRespawn,







	m_bAutoBunnyHopping,







	m_bMegaBunnyJumping,







	m_bPlantC4Anywhere,







	m_bSpawnProtectionEffects,







	m_flJumpHeight,







	m_flLongJumpHeight,







	m_flLongJumpForce,







	m_flDuckSpeedMultiplier,







	m_iNumKilledByUnanswered,







	m_bPlayerDominated,
};




enum CBasePlayerItem_Members
{






	m_pPlayer = (any:1024 * members_tables_e:mt_baseitem),







	m_pNext,







	m_iId,
};




enum CBasePlayerWeapon_Members
{






	m_Weapon_iPlayEmptySound = (any:1024 * members_tables_e:mt_baseweapon),







	m_Weapon_fFireOnEmpty,







	m_Weapon_flNextPrimaryAttack,







	m_Weapon_flNextSecondaryAttack,







	m_Weapon_flTimeWeaponIdle,







	m_Weapon_iPrimaryAmmoType,







	m_Weapon_iSecondaryAmmoType,







	m_Weapon_iClip,







	m_Weapon_iClientClip,







	m_Weapon_iClientWeaponState,







	m_Weapon_fInReload,







	m_Weapon_fInSpecialReload,







	m_Weapon_iDefaultAmmo,







	m_Weapon_iShellId,







	m_Weapon_fMaxSpeed,







	m_Weapon_bDelayFire,







	m_Weapon_iDirection,







	m_Weapon_bSecondarySilencerOn,







	m_Weapon_flAccuracy,







	m_Weapon_flLastFire,







	m_Weapon_iShotsFired,







	m_Weapon_flGlock18Shoot,







	m_Weapon_iGlock18ShotsFired,







	m_Weapon_flFamasShoot,







	m_Weapon_iFamasShotsFired,







	m_Weapon_fBurstSpread,







	m_Weapon_iWeaponState,







	m_Weapon_flNextReload,







	m_Weapon_flDecreaseShotsFired,







	m_Weapon_usFireGlock18,







	m_Weapon_usFireFamas,







	m_Weapon_flPrevPrimaryAttack,







	m_Weapon_flLastFireTime,
};




enum CWeaponBox_Members
{






	m_WeaponBox_rgpPlayerItems = (any:1024 * members_tables_e:mt_weaponbox),







	m_WeaponBox_rgiszAmmo,







	m_WeaponBox_rgAmmo,







	m_WeaponBox_cAmmoTypes,







	m_WeaponBox_bIsBomb,
};




enum CArmoury_Members
{






	m_Armoury_iItem = (any:1024 * members_tables_e:mt_armoury),







	m_Armoury_iCount,







	m_Armoury_iInitialCount,







	m_Armoury_bAlreadyCounted,
};




enum CGrenade_Members
{






	m_Grenade_bStartDefuse = (any:1024 * members_tables_e:mt_grenade),







	m_Grenade_bIsC4,







	m_Grenade_pBombDefuser,







	m_Grenade_flDefuseCountDown,







	m_Grenade_flC4Blow,







	m_Grenade_flNextFreqInterval,







	m_Grenade_flNextBeep,







	m_Grenade_flNextFreq,







	m_Grenade_sBeepName,







	m_Grenade_fAttenu,







	m_Grenade_flNextBlink,







	m_Grenade_fNextDefuse,







	m_Grenade_bJustBlew,







	m_Grenade_iTeam,







	m_Grenade_iCurWave,







	m_Grenade_pentCurBombTarget,







	m_Grenade_SGSmoke,







	m_Grenade_angle,







	m_Grenade_usEvent,







	m_Grenade_bLightSmoke,







	m_Grenade_bDetonated,







	m_Grenade_vSmokeDetonate,







	m_Grenade_iBounceCount,







	m_Grenade_fRegisteredSound,
};




enum CP228_Members
{






	m_P228_iShell = (any:1024 * members_tables_e:mt_p228),







	m_P228_usFire,
};




enum CSCOUT_Members
{






	m_SCOUT_iShell = (any:1024 * members_tables_e:mt_scout),







	m_SCOUT_usFire,
};




enum CHEGrenade_Members
{






	m_HEGrenade_usCreate = (any:1024 * members_tables_e:mt_hegrenade),
};




enum CXM1014_Members
{






	m_XM1014_iShell = (any:1024 * members_tables_e:mt_xm1014),







	m_XM1014_flPumpTime,







	m_XM1014_usFire,
};




enum CC4_Members
{






	m_C4_bStartedArming = (any:1024 * members_tables_e:mt_c4),







	m_C4_bBombPlacedAnimation,







	m_C4_fArmedTime,







	m_C4_bHasShield,
};




enum CMAC10_Members
{






	m_MAC10_iShell = (any:1024 * members_tables_e:mt_mac10),







	m_MAC10_iShellOn,







	m_MAC10_usFire,
};




enum CAUG_Members
{






	m_AUG_iShell = (any:1024 * members_tables_e:mt_aug),







	m_AUG_iShellOn,







	m_AUG_usFire,
};




enum CSmokeGrenade_Members
{






	m_SmokeGrenade_usCreate = (any:1024 * members_tables_e:mt_smokegrenade),
};




enum CELITE_Members
{






	m_ELITE_iShell = (any:1024 * members_tables_e:mt_elite),







	m_ELITE_usFire_LEFT,







	m_ELITE_usFire_RIGHT,
};




enum CFiveSeven_Members
{






	m_FiveSeven_iShell = (any:1024 * members_tables_e:mt_fiveseven),







	m_FiveSeven_usFire,
};




enum CUMP45_Members
{






	m_UMP45_iShell = (any:1024 * members_tables_e:mt_ump45),







	m_UMP45_iShellOn,







	m_UMP45_usFire,
};




enum CSG550_Members
{
	m_SG550_iShell = (any:1024 * members_tables_e:mt_sg550),







	m_SG550_usFire,
};




enum CGalil_Members
{






	m_Galil_iShell = (any:1024 * members_tables_e:mt_galil),







	m_Galil_iShellOn,







	m_Galil_usFire,
};




enum CFamas_Members
{






	m_Famas_iShell = (any:1024 * members_tables_e:mt_famas),







	m_Famas_iShellOn,







	m_Famas_flBaseDamageBurst,
};




enum CUSP_Members
{






	m_USP_iShell = (any:1024 * members_tables_e:mt_usp),







	m_USP_usFire,







	m_USP_flBaseDamageSil,
};




enum CGLOCK18_Members
{






	m_GLOCK18_iShell = (any:1024 * members_tables_e:mt_glock18),







	m_GLOCK18_bBurstFire,
};




enum CAWP_Members
{






	m_AWP_iShell = (any:1024 * members_tables_e:mt_awp),







	m_AWP_usFire,
};




enum CMP5N_Members
{






	m_MP5N_iShell = (any:1024 * members_tables_e:mt_mp5n),







	m_MP5N_iShellOn,







	m_MP5N_usFire,
};




enum CM249_Members
{






	m_M249_iShell = (any:1024 * members_tables_e:mt_m249),







	m_M249_iShellOn,







	m_M249_usFire,
};




enum CM3_Members
{
	m_M3_iShell = (any:1024 * members_tables_e:mt_m3),







	m_M3_flPumpTime,







	m_M3_usFire,
};




enum CM4A1_Members
{






	m_M4A1_iShell = (any:1024 * members_tables_e:mt_m4a1),







	m_M4A1_iShellOn,







	m_M4A1_usFire,







	m_M4A1_flBaseDamageSil,
};




enum CTMP_Members
{






	m_TMP_iShell = (any:1024 * members_tables_e:mt_tmp),







	m_TMP_iShellOn,







	m_TMP_usFire,
};




enum CG3SG1_Members
{






	m_G3SG1_iShell = (any:1024 * members_tables_e:mt_g3sg1),







	m_G3SG1_usFire,
};




enum CDEAGLE_Members
{






	m_DEAGLE_iShell = (any:1024 * members_tables_e:mt_deagle),







	m_DEAGLE_usFire,
};




enum CSG552_Members
{






	m_SG552_iShell = (any:1024 * members_tables_e:mt_sg552),







	m_SG552_iShellOn,







	m_SG552_usFire,
};




enum CAK47_Members
{






	m_AK47_iShell = (any:1024 * members_tables_e:mt_ak47),







	m_AK47_iShellOn,







	m_AK47_usFire,
};




enum CKnife_Members
{






	m_Knife_trHit = (any:1024 * members_tables_e:mt_knife),







	m_Knife_usKnife,







	m_Knife_flStabBaseDamage,







	m_Knife_flSwingBaseDamage,







	m_Knife_flSwingBaseDamage_Fast,







	m_Knife_flStabDistance,







	m_Knife_flSwingDistance,







	m_Knife_flBackStabMultiplier,
};




enum CP90_Members
{






	m_P90_iShell = (any:1024 * members_tables_e:mt_p90),







	m_P90_iShellOn,







	m_P90_usFire,
};




enum CShield_Members
{






	m_Shield_hEntToIgnoreTouchesFrom = (any:1024 * members_tables_e:mt_shield),







	m_Shield_flTimeToIgnoreTouches,
};




enum CMapInfo_Members
{






	m_MapInfo_iBuyingStatus = (any:1024 * members_tables_e:mt_mapinfo),







	m_MapInfo_flBombRadius,
};




enum CCSPlayerWeapon_Members
{






	m_Weapon_iStateSecondaryAttack = (any:1024 * members_tables_e:mt_csplayerweapon),







	m_Weapon_flBaseDamage,
};


#line 6360




enum CGib_Members
{






	m_Gib_bloodColor = (any:1024 * members_tables_e:mt_gib),







	m_Gib_cBloodDecals,







	m_Gib_material,







	m_Gib_lifeTime,
};




enum CCSEntity_Members
{






	m_ucDmgPenetrationLevel = (any:1024 * members_tables_e:mt_csentity),







	m_pevLastInflictor,
};
#file F:\SV GAMELAND\server\cstrike\addons\amxmodx\scripting\include\reapi_gamedll.inc
#line 8














native SetThink(const ent, const callback[], const params[] = "", const len = 0);














native SetTouch(const ent, const callback[], const params[] = "", const len = 0);














native SetUse(const ent, const callback[], const params[] = "", const len = 0);














native SetBlocked(const ent, const callback[], const params[] = "", const len = 0);















native SetMoveDone(const ent, const callback[], const params[] = "", const len = 0);








native set_member_game(CSGameRules_Members:member, any:...);








native any:get_member_game(CSGameRules_Members:member, any:...);









native set_member(const index, any:member, any:...);









native any:get_member(const index, any:member, any:...);










native set_member_s(const index, any:member, any:...);










native any:get_member_s(const index, any:member, any:...);








native set_pmove(const PlayerMove:var, any:...);








native any:get_pmove(const PlayerMove:var, any:...);








native set_movevar(const MoveVars:var, any:...);








native any:get_movevar(const MoveVars:var, any:...);








native set_pmtrace(const tracehandle, const PMTrace:var, any:...);








native any:get_pmtrace(const tracehandle, const PMTrace:var, any:...);








native set_rebuy(const RebuyHandle:rebuyhandle, const RebuyStruct:member, any:value);








native any:get_rebuy(const RebuyHandle:rebuyhandle, RebuyStruct:member);









native rg_set_animation(const index, PLAYER_ANIM:playerAnim);










native rg_add_account(const index, amount, AccountSet:typeSet = AS_ADD, const bool:bTrackChange = true);










native rg_give_item(const index, const pszName[], GiveType:type = GT_APPEND);














native rg_give_custom_item(const index, const pszName[], GiveType:type = GT_APPEND, const uid = 0);








native rg_give_default_items(const index);









native rg_give_shield(const index, const bool:bDeploy = true);














native rg_dmg_radius(Float:vecSrc[3], const inflictor, const attacker, const Float:flDamage, const Float:flRadius, const iClassIgnore, const bitsDamageType);






native rg_multidmg_clear();









native rg_multidmg_apply(const inflictor, const attacker);











native rg_multidmg_add(const inflictor, const victim, const Float:flDamage, const bitsDamageType);




















native rg_fire_bullets(const inflictor, const attacker, const shots, Float:vecSrc[3], Float:vecDirShooting[3], Float:vecSpread[3], const Float:flDistance, const Bullet:iBulletType, const iTracerFreq, const iDamage);



















native rg_fire_buckshots(const inflictor, const attacker, const shots, Float:vecSrc[3], Float:vecDirShooting[3], Float:vecSpread[3], const Float:flDistance, const iTracerFreq, const iDamage);






















native Float:[3] rg_fire_bullets3(const inflictor, const attacker, Float:vecSrc[3], Float:vecDirShooting[3], const Float:vecSpread, const Float:flDistance, const iPenetration, const Bullet:iBulletType, const iDamage, const Float:flRangeModifier, const bool:bPistol, const shared_rand);














native rg_round_end(const Float:tmDelay, const WinStatus:st, const ScenarioEventEndRound:event = ROUND_NONE, const message[] = "default", const sentence[] = "default", const bool:trigger = false);










native rg_update_teamscores(const iCtsWins = 0, const iTsWins = 0, const bool:bAdd = true);












native rg_create_entity(const classname[], const bool:useHashTable = false);












native rg_find_ent_by_class(start_index, const classname[], const bool:useHashTable = false);









native bool:rg_find_ent_by_owner(&start_index, const classname[], owner);









native rg_find_weapon_bpack_by_name(const index, const weapon[]);









native bool:rg_has_item_by_name(const index, const item[]);












native any:rg_get_weapon_info(any:...);









native rg_set_weapon_info(const {WeaponIdType,_}:weapon_id, WpnInfo:type, any:...);











native rg_remove_items_by_slot(const index, const InventorySlotType:slot, const bool:removeAmmo = true);










native rg_drop_items_by_slot(const index, const InventorySlotType:slot);









native rg_remove_all_items(const index, const bool:removeSuit = false);










native rg_drop_item(const index, const item_name[]);










native rg_internal_cmd(const index, const cmd[], const arg[] = "");










native rg_remove_item(const index, const item_name[], const bool:removeAmmo = false);










native rg_set_user_bpammo(const index, WeaponIdType:weapon, amount);









native rg_get_user_bpammo(const index, WeaponIdType:weapon);










native rg_set_user_ammo(const index, WeaponIdType:weapon, amount);









native rg_get_user_ammo(const index, WeaponIdType:weapon);












native rg_give_defusekit(const index, const bool:bDefusekit = true, const Float:color[] = {0.0, 160.0, 0.0}, const icon[] = "defuser", const bool:bFlash = false);









native rg_get_user_armor(const index, &ArmorType:armortype = ARMOR_NONE);










native rg_set_user_armor(const index, armorvalue, ArmorType:armortype);















native rg_set_user_team(const index, {TeamName,_}:team, {ModelName,_}:model = MODEL_AUTO, const bool:send_teaminfo = true, const bool:check_win_conditions = false);










native rg_set_user_model(const index, const model[], const bool:update_index = false);









native rg_reset_user_model(const index, const bool:update_index = false);









native rg_set_user_footsteps(const index, bool:silent = false);








native rg_get_user_footsteps(const index);









native rg_transfer_c4(const index, const receiver = 0);









native rg_instant_reload_weapons(const index, const weapon = 0);










native rg_plant_bomb(const index, Float:vecOrigin[3], Float:vecAngles[3] = {0.0,0.0,0.0});









native rg_set_account_rules(const RewardRules:rules_index, const amount);









native rg_get_account_rules(const RewardRules:rules_index);






native bool:rg_is_bomb_planted();









native rg_join_team(const index, const TeamName:team);






native rg_balance_teams();






native rg_swap_all_players();









native rg_switch_team(const index);









native rg_switch_weapon(const index, const weapon);






native TeamName:rg_get_join_team_priority();









native bool:rg_is_player_can_takedamage(const index, const attacker);








native bool:rg_is_player_can_respawn(const index);








native WeaponIdType:rg_get_weaponbox_id(const entity);








native rg_round_respawn(const index);








native rg_reset_maxspeed(const index);











native rg_send_bartime(const index, const duration, const bool:observer = true);











native rg_send_bartime2(const index, const duration, const Float:startPercent, const bool:observer = true);










native rg_send_audio(const index, const sample[], const pitch = 100);








native rg_set_iteminfo(const entity, ItemInfo:type, any:...);








native rg_get_iteminfo(const ent, ItemInfo:type, any:...);












native rg_set_global_iteminfo(const {WeaponIdType,_}:weapon_id, ItemInfo:type, any:...);








native rg_get_global_iteminfo(const {WeaponIdType,_}:weapon_id, ItemInfo:type, any:...);












native bool:rg_hint_message(const index, const message[], Float:duration = 6.0, bool:bDisplayIfPlayerDead = false, bool:bOverride = false);






native rg_restart_round();






native rg_check_win_conditions();











native rg_initialize_player_counts(&num_alive_terrorist = 0, &num_alive_ct = 0, &num_dead_terrorist = 0, &num_dead_ct = 0);







native rg_reset_can_hear_player(const index);










native rg_set_can_hear_player(const listener, const sender, const bool:can_hear);









native bool:rg_get_can_hear_player(const listener, const sender);








native rg_spawn_head_gib(const index);










native rg_spawn_random_gibs(const index, const cGibs, const bool:bHuman = true);














native rg_spawn_grenade(WeaponIdType:weaponId, pevOwner, Float:vecSrc[3], Float:vecThrow[3], Float:time, TeamName:iTeam, usEvent = 0);















native rg_create_weaponbox(const pItem, const pPlayerOwner, const modelName[], Float:origin[3], Float:angles[3], Float:velocity[3], Float:lifeTime, bool:packAmmo);








native rg_remove_entity(const pEntity);









native rg_decal_trace(const ptr, Decal:decalNumber);












native rg_emit_texture_sound(const ptr, Float:vecSrc[3], Float:vecEnd[3], Bullet:iBulletType);











native rg_add_ammo_registry(const szAmmoname[]);














native rg_weapon_deploy(const entity, const szViewModel[], const szWeaponModel[], iAnim, const szAnimExt[], skiplocal = 0);











native rg_weapon_reload(const entity, iClipSize, iAnim, Float:fDelay);















native rg_weapon_shotgun_reload(const entity, iAnim, iStartAnim, Float:fDelay, Float:fStartDelay, const pszReloadSound1[] = "", const pszReloadSound2[] = "");










native rg_weapon_send_animation(const entity, iAnim, skiplocal = 0);















native rg_weapon_kickback(const entity, Float:up_base, Float:lateral_base, Float:up_modifier, Float:lateral_modifier, Float:up_max, Float:lateral_max, direction_change);










native rg_switch_best_weapon(const player, const currentWeapon = 0);








native rg_disappear(const player);










native rg_set_observer_mode(const player, const mode);











native rg_observer_find_next_player(const player, const bool:bReverse = false, const name[] = "");










native rg_death_notice(const pVictim, const pKiller, const pevInflictor);









native rg_player_relationship(const player, const target);















native rg_send_death_message(const pKiller, const pVictim, const pAssister, const pevInflictor, const killerWeaponName[], const DeathMessageFlags:iDeathMessageFlags, const KillRarity:iRarityOfKill);











native rg_player_takedamage_impulse(const player, const attacker, const Float:flKnockbackForce, const Float:flVelModifier);













native rg_trace_line(Float:vecStart[3], Float:vecEnd[3], const ignoreMonsters, const ignoreEntity, const ptr, const traceFlags = 0);














native rg_trace_hull(Float:vecStart[3], Float:vecEnd[3], const ignoreMonsters, const hullNumber, const ignoreEntity, const ptr, const traceFlags = 0);
#file F:\SV GAMELAND\server\cstrike\addons\amxmodx\scripting\include\reapi.inc
#line 103



#line 110


#file F:\SV GAMELAND\server\cstrike\addons\amxmodx\scripting\include\reapi_vtc.inc
#line 5








native bool:VTC_IsClientSpeaking(const index);








native VTC_MuteClient(const index);








native VTC_UnmuteClient(const index);








native bool:VTC_IsClientMuted(const index);












native VTC_PlaySound(const receiver, const soundFilePath[]);








forward VTC_OnClientStartSpeak(const index);








forward VTC_OnClientStopSpeak(const index);
#file F:\SV GAMELAND\server\cstrike\addons\amxmodx\scripting\include\reapi.inc
#file F:\SV GAMELAND\server\cstrike\addons\amxmodx\scripting\include\reapi_reunion.inc
#line 5

enum client_auth_type
{
	CA_TYPE_NONE = 0,
	CA_TYPE_DPROTO,
	CA_TYPE_STEAM,
	CA_TYPE_STEAMEMU,
	CA_TYPE_REVEMU,
	CA_TYPE_OLDREVEMU,
	CA_TYPE_HLTV,
	CA_TYPE_SC2009,
	CA_TYPE_AVSMP,
	CA_TYPE_SXEI,
	CA_TYPE_REVEMU2013,
	CA_TYPE_SSE3,
};

#line 23








native REU_GetProtocol(const index);








native client_auth_type:REU_GetAuthtype(const index);











native REU_GetAuthKey(const index, dest[], maxlen);








native bool:REU_IsRevemuWithoutAdminRights(const index);
#file F:\SV GAMELAND\server\cstrike\addons\amxmodx\scripting\include\reapi.inc
#file F:\SV GAMELAND\server\cstrike\addons\amxmodx\scripting\include\reapi_rechecker.inc
#line 5

enum ResourceType
{
	RES_TYPE_NONE = 0,
	RES_TYPE_EXISTS,    
	RES_TYPE_MISSING,   
	RES_TYPE_IGNORE,    
	RES_TYPE_HASH_ANY,  
};

enum ReCheckerFunc
{




	RC_FileConsistencyProcess = (any:1024 * hooks_tables_e:ht_rechecker),





	RC_FileConsistencyFinal,





	RC_CmdExec,


};











native QueryFileHook:RegisterQueryFile(const file[], const function[], const ResourceType:type, const hash = -1);









native bool:UnRegisterQueryFile(QueryFileHook:hook);
#file F:\SV GAMELAND\server\cstrike\addons\amxmodx\scripting\include\reapi.inc
#line 115




enum
{
	HC_CONTINUE = 0, 
	HC_SUPERCEDE,    
	HC_BREAK,        


	HC_BYPASS        

};




enum AType
{
	ATYPE_INTEGER = 0,
	ATYPE_FLOAT,
	ATYPE_STRING,
	ATYPE_CLASSPTR,
	ATYPE_EDICT,
	ATYPE_EVARS,
	ATYPE_BOOL,
	ATYPE_VECTOR,
	ATYPE_TRACE
};

enum HookChain
{
	INVALID_HOOKCHAIN = 0
};











native HookChain:RegisterHookChain({EngineFunc, GamedllFunc, GamedllFunc_CBaseAnimating, GamedllFunc_CBasePlayer, GamedllFunc_CSGameRules, GamedllFunc_CGrenade, GamedllFunc_CWeaponBox, ReCheckerFunc, GamedllFunc_CBasePlayerWeapon, GamedllFunc_CGib, GamedllFunc_CBaseEntity, GamedllFunc_CBotManager}:function_id, const callback[], post = 0);








native bool:DisableHookChain(HookChain:hook);









native bool:EnableHookChain(HookChain:hook);








native SetHookChainReturn(AType:type, any:...);










native any:GetHookChainReturn(AType:type, any:...);











native SetHookChainArg(number, AType:type, any:...);









native bool:IsReapiHookOriginalWasCalled({EngineFunc, GamedllFunc, GamedllFunc_CBaseAnimating, GamedllFunc_CBasePlayer, GamedllFunc_CSGameRules, GamedllFunc_CGrenade, GamedllFunc_CWeaponBox, ReCheckerFunc, GamedllFunc_CBasePlayerWeapon, GamedllFunc_CGib, GamedllFunc_CBaseEntity, GamedllFunc_CBotManager}:function_id);






native HookChain:GetCurrentHookChainHandle();







native bool:FClassnameIs(const entityIndex, const className[]);








native WeaponIdType:GetGrenadeType(const entityIndex);









native engset_view(const index, const viewEntity);







native get_viewent(const index);






native bool:is_entity(const entityIndex);






native bool:is_rehlds();






native bool:is_regamedll();







native bool:has_reunion();






native bool:has_vtc();






native bool:has_rechecker();






public __reapi_version_check(const majorVersion, const minorVersion)
{
	if (majorVersion != 5)
	{
		new temp[512];
		formatex(temp, sizeof temp - 1, "[ReAPI]: Api major version mismatch; expected %d, real %d", 5, majorVersion);
		set_fail_state(temp);
		return;
	}

	if (minorVersion < 29)
	{
		new temp[512];
		formatex(temp, sizeof temp - 1, "[ReAPI]: Api minor version mismatch; expected at least %d, real %d", 29, minorVersion);
		set_fail_state(temp);
		return;
	}
}
#file mix_system.sma
#file F:\SV GAMELAND\server\cstrike\addons\amxmodx\scripting\include\regex.inc
#line 1













#line 18

#pragma reqlib regex
#line 21
	#pragma loadlib regex
#line 23


enum Regex
{
	REGEX_MATCH_FAIL   = -2,
	REGEX_PATTERN_FAIL = -1,
	REGEX_NO_MATCH     =  0,
	REGEX_OK           =  1
};





#line 55





enum               
{
	REGEX_ERROR_NONE           =  0,                  
	REGEX_ERROR_NOMATCH        = -1,                            
	REGEX_ERROR_NULL           = -2,
	REGEX_ERROR_BADOPTION      = -3,
	REGEX_ERROR_BADMAGIC       = -4,
	REGEX_ERROR_UNKNOWN_OPCODE = -5,
	REGEX_ERROR_NOMEMORY       = -6,
	REGEX_ERROR_NOSUBSTRING    = -7,
	REGEX_ERROR_MATCHLIMIT     = -8,
	REGEX_ERROR_CALLOUT        = -9,                                   
	REGEX_ERROR_BADUTF8        = -10,
	REGEX_ERROR_BADUTF8_OFFSET = -11,
	REGEX_ERROR_PARTIAL        = -12,
	REGEX_ERROR_BADPARTIAL     = -13,
	REGEX_ERROR_INTERNAL       = -14,
	REGEX_ERROR_BADCOUNT       = -15,
	REGEX_ERROR_DFA_UITEM      = -16,
	REGEX_ERROR_DFA_UCOND      = -17,
	REGEX_ERROR_DFA_UMLIMIT    = -18,
	REGEX_ERROR_DFA_WSSIZE     = -19,
	REGEX_ERROR_DFA_RECURSE    = -20,
	REGEX_ERROR_RECURSIONLIMIT = -21,
	REGEX_ERROR_NULLWSLIMIT    = -22,                                
	REGEX_ERROR_BADNEWLINE     = -23,
	REGEX_ERROR_BADOFFSET      = -24,
	REGEX_ERROR_SHORTUTF8      = -25,
	REGEX_ERROR_RECURSELOOP    = -26,
	REGEX_ERROR_JIT_STACKLIMIT = -27,
	REGEX_ERROR_BADMODE        = -28,
	REGEX_ERROR_BADENDIANNESS  = -29,
	REGEX_ERROR_DFA_BADRESTART = -30,
	REGEX_ERROR_JIT_BADOPTION  = -31,
	REGEX_ERROR_BADLENGTH      = -32,
	REGEX_ERROR_UNSET          = -33
};




























native Regex:regex_compile(const pattern[], &ret = 0, error[] = "", maxLen = 0, const flags[]="");


















native regex_match_c(const string[], Regex:pattern, &ret = 0);
































native Regex:regex_match(const string[], const pattern[], &ret = 0, error[] = "", maxLen = 0, const flags[] = "");














native regex_substr(Regex:id, str_id, buffer[], maxLen);















native regex_free(&Regex:id);






















native Regex:regex_compile_ex(const pattern[], flags = 0, error[]= "", maxLen = 0, &errcode = 0);





















native regex_match_all_c(const string[], Regex:pattern, &ret = 0);


























native Regex:regex_match_all(const string[], const pattern[], flags = 0, error[]= "", maxLen = 0, &errcode = 0);




















stock regex_match_simple(const str[], const pattern[], flags = 0, error[]= "", maxLen = 0, &errcode = 0)
{
	new Regex:regex = regex_compile_ex(pattern, flags, error, maxLen, errcode);
	if (regex < REGEX_OK)
	{
		return -1;
	}
	new substrings = regex_match_c(str, regex);
	regex_free(regex);
	return substrings;
}




#line 319





























native regex_replace(Regex:pattern, string[], maxLen, const replace[], flags = 0, &errcode = 0);
#file mix_system.sma
#file F:\SV GAMELAND\server\cstrike\addons\amxmodx\scripting\include\mix_system.inc
#line 1


#line 7

#pragma reqlib mix_system
#line 10
    #pragma loadlib mix_system  
#line 12








native Mix_IsHalf()








native Mix_IsLastRound()








native Mix_IsPreLastRound()








native Mix_CanOvertime()








native Mix_IsStarted()








native Mix_IsWarm()








native Mix_UserPoints(id)










native Mix_GetUserName(id, name[], len)










native Mix_GetPrefix(szPrefix[], iLen)










native Mix_SearchForUser(szSteamID[], iPoints, bool:bAdd = true)










native Mix_MultiplyFactor(id, iFactor)









native Mix_HasPointsSys()











native Mix_GetPointsTable(szTable[], iLen)












forward mix_player_killed(id, iVictim, bHeadshot, szName[], szAuthID[])











forward mix_game_over(id, iDuration, iTeamWon, iPoints)












forward mix_game_begin_post(id, bFinished, szAuthID[], szName[], iPoints)








forward mix_game_begin_pre()










forward mix_game_stopped(id, iDuration, iPoints)








forward mix_sys_leaver(szAuthID[])










forward mix_game_new_round(iCTScore, iTeroScore, iDuration)









forward mix_database_connected(Handle:hTuple, Handle:iSqlConn)








forward mix_match_winner(iPlayer)








forward mix_user_save(iPlayer)
#file mix_system.sma
#line 35

#line 38
#undef PLUGIN
#line 41

#line 44

#line 47

enum (+=1200)
{
	TASK_WARM = 8200,
	TASK_SET_MONEY,
	TASK_GIVE_WEAPON,
	TASK_SWAP,
	TASK_REVIVE,
	TASK_CHANGE_BOOL,
#line 57
	TASK_ASK,
	TASK_CHECKVOTES,
#line 60
	TASK_SPECALL,
	TASK_LOAD,
	TASK_COUNT_DURATION,
	TASK_GIVE_EQUIPMENT
}

enum MatchState
{
	MATCHSTATE_WARM = 0,
	MATCHSTATE_IN_MATCH,
	MATCHSTATE_KNIFE_ROUND,
	MATCHSTATE_OVERTIME
}

new const CHAT_PREFIX[]			=		"CHAT_PREFIX"
new const OVERTIME_ROUNDS[]		=		"OVERTIME_ROUNDS"
new const OVERTIME_SCORE[]		=		"OVERTIME_SCORE"
new const MIX_END_ROUND[]		=		"MIX_END_ROUND"
new const ADMIN_CHAT_FLAGS[]	=		"ADMIN_CHAT_FLAGS"
new const ADMIN_ACCESS[]		=		"ADMIN_LEVEL_ACCESS"
new const FREEZETIME_SWAP[]		=		"FREEZE_TIME_SWAP"
new const AUTO_OVERTIME[]		=		"AUTOMATIC_OVERTIME"
new const START_CFG[]			=		"START_CONFIG"
new const STOP_CFG[]			=		"STOP_CONFIG"
new const OVERTIME_CFG[]		=		"OVERTIME_CONFIG"
new const FREEZETIME[]			=		"FREEZETIME"
new const PAUSE_TIME[]			=		"PAUSE_DURATION"
new const TEN_REQUIRED[]		=		"START_TEN_REQUIRED"
new const KNIFE_ROUND_DELAY[]	=		"KNIFE_ROUND_START_DELAY"
new const DEFAULT_POINTS[]		=		"DEFAULT_START_POINTS"
new const FORCE_WARMUP[]		=		"FORCE_WARMUP"
new const SHOW_COMMANDS[]		=		"SHOW_COMMANDS"
new const START_COMMANDS[]		=		"START_MIX_COMMANDS"
new const STOP_COMMANDS[]		=		"STOP_MIX_COMMANDS"
new const WARM_COMMANDS[]		=		"WARM_COMMANDS"
new const KNIFE_COMMANDS[]		=		"KNIFE_COMMANDS"
new const CHAT_ON_COMMANDS[]	=		"CHAT_ON_COMMANDS"
new const CHAT_OFF_COMMANDS[]	=		"CHAT_OFF_COMMANDS"
new const OVERTIME_COMMANDS[]	=		"OVERTIME_COMMANDS"
new const PASSON_COMMANDS[]		=		"PASSWORD_ON_COMMANDS"
new const PASSOFF_COMMANDS[]	=		"PASSWORD_OFF_COMMANDS"
new const SPECALL_COMMANDS[]	=		"SPECALL_COMMANDS"
new const RESTART_COMMANDS[]	=		"RESTART_COMMANDS"
new const SCORE_COMMANDS[]		=		"SCORE_COMMANDS"
new const CT_COMMANDS[]			=		"MOVE_CT_COMMANDS"
new const T_COMMANDS[]			=		"MOVE_TERO_COMMANDS"
new const SPEC_COMMANDS[]		=		"MOVE_SPEC_COMMANDS"
new const STARTDEMO_COMMANDS[]	=		"START_DEMO_COMMANDS"
new const STOPDEMO_COMMANDS[]	=		"STOPDEMO_COMMANDS"
new const PAUSE_COMMANDS[]		=		"PAUSE_COMMANDS"
new const WARM_TYPE[]			=		"WARMUP_TYPE"
new const WARM_SPAWN_MONEY[]	=		"WARMUP_SPAWN_MONEY"
new const WARM_WEAPON_CT[]		=		"WARMUP_WEAPON_CT"
new const WARM_WEAPON_TERO[]	=		"WARMUP_WEAPON_TERO"
new const WARM_PISTOL[]			=		"WARMUP_PISTOL"
new const WARM_BP_AMMO[]		=		"WARMUP_BP_AMMO"
new const HUD_COLORS[]			=		"HUD_COLOR"
new const HUD_POSITION[]		=		"HUD_POSITION"
new const DEMO_AUTO[]			=		"AUTO_DEMO"
new const DEMO_TYPE[]			= 		"DEMO_TYPE"
new const DEMO_NAME[]			=		"DEMO_NAME"


enum
{
	SETTINGS_SECTION = 1,
	COMMANDS_SECTION,
	WARM_SETTINGS,
	HUD_SETTINGS,
	DEMO_SETTINGS,
	POINTS_SYSTEM,
	RANK_SYSTEM
}

enum _:Settings
{
	szPrefix[64],
	iRoundOvertime,
	iMixEndRound,
	iOvertimeScore[5],
	szAdminFlags[22],
	szAdminAccess[4],
	iFreezetimeSwap,
	iAutoOvertime,
	szStartCfg[32],
	szOvertimeCfg[32],
	iPauseTime,
	bool:bRequireTen,
	iKnifeStartDelay,
	iStartPoints,
	bool:bForceWarmup,
	szStopCfg[32],
	}

enum _:WarmSettings
{
	bool:bWarmType,
	iWarmMoney[6],
	szWeaponCT[16],
	szWeaponT[16],
	szPistol[16],
	iBpAmmo
}

enum _:DemoSettings
{
	iDemoAuto,
	iDemoType,
	szDemoName[32],
}

enum
{
	DEMO_MAPNAME,
	DEMO_CUSTOM_NAME,
	DEMO_CIN_NAME
}

enum _:Score
{
	CT_SCORE,
	TERO_SCORE,
	CT_OVER_SCORE,
	TERO_OVER_SCORE,
	DRAW 
}

enum
{
	CT_LAST = 1,
	T_LAST
}

enum _:Infos
{
	MIX_STARTER[32],
	MIX_STOPER[32],
	CHAT[32],
	WARM_CALLER[32],
	KNIFE_STRATER[32],
	OVERTIME_STARTER[32],
	PASSON_CALLER[32],
	PASSOFF_CALLER[32],
	SPECALL_CALLER[32],
	ACE[32],
	SEMI_ACE[32]
}

enum _:Bools
{
#line 211
	bool:bWasKnife,
#line 213
	bool:bCanChat[32 + 1],
	bool:bIsMixOn,
	bool:bIsKnife,
	bool:bIsWarm,
	bool:bTeamSwap,
	bool:bOvertime,
	bool:bIsStoppingMix,
	bool:bCanShowStats
}

enum _:HudSettings
{
	Float:fHudPosX,
	Float:fHudPosY,
	iHudColorR,
	iHudColorG,
	iHudColorB
}

enum _:OVERTIME
{
	bool:FirstOvertime,
	bool:SecondOvertime
}

enum 
{
	SPEC,
	CT,
	TERO
}

enum _:Pdata
{
	STEAMID[32],
	KILLS,
	DEATHS,
	MONEY
}

#line 254
new g_iPlayers

enum _:TeamAnswers
{
	SWITCH = 0,
	STAY
}
#line 262

enum _:PlayerScore
{
	iKILLS,
	iDEATHS
}

enum _:Teams
{
	CT_PAUSE,
	TERO_PAUSE
}

enum _:PlayerStats
{
	DamageGiven,
	HitsGiven,
	PlayerHealth
}

enum _:Forwards
{
	Kill,
	GameOver,
	GameBeginPre,
	GameBeginPost,
	GameStopped,
	NewRound,
	DatabaseConnected,
	Winners,
	Save,
	MaxFwds
}

new Array:g_aStartCmds
new Array:g_aStopCmds
new Array:g_aWarmCmds
new Array:g_aKnifeCmds
new Array:g_aChatOnCmds
new Array:g_aChatOffCmds
new Array:g_aOvertimeCmds
new Array:g_aPassOnCmds
new Array:g_aPassOffCmds
new Array:g_aSpecAllCmds
new Array:g_aCTCmds
new Array:g_aTCmds
new Array:g_aSpecCmds
new Array:g_aStartDemoCmds
new Array:g_aStopDemoCmds

new g_ePluginSettings[Settings]
new g_eHudSettings[HudSettings]
new g_eWarmSettings[WarmSettings]
new g_eInformations[Infos]
new g_eDemoSettings[DemoSettings]

new g_eOvertime[OVERTIME]
new g_iOvertimeScore[Score]

new g_iScore[Score]
new g_iRoundNum
new g_iKnifes
new g_iStart

new g_szName[32 + 1][32]
new g_szAuthID[32][32]
new Array:g_aPlayerData

new g_eBooleans[Bools]

new g_cFreezeTime
new g_iFreezeTime

new g_szHltvDemoName[64]


new g_iPlayerKills[32 + 1]
new g_szWeapon[32 + 1][32]

new g_ePlayerScore[32 + 1][PlayerScore]

new g_eTeamPause[Teams]
new bool:g_bPaused
new g_iTimer

#line 348
new bool:g_bVoted
new g_iVote
new g_iAnswer[TeamAnswers]
#line 352

new g_ePlayerStats[32 + 1][32 + 1][PlayerStats]

new g_eForwards[Forwards]
new g_iDuration

new g_iRet


new g_szConfigsDir[48]
new g_iGaveC4

new g_iMsgScreenFade

public plugin_init()
{
	register_plugin("Mix System ~ Fastcup Mode", "2.19.10", "Shadows Adi")

	register_cvar("mix_sys", "2.19.10", 4|8|256|64)

	register_dictionary("mix_system.txt")

	g_iMsgScreenFade = get_user_msgid("ScreenFade")

	register_clcmd("say", "hook_say")

	register_clcmd("fullupdate", "clcmd_fullupdate")

	RegisterHookChain(RG_RoundEnd, "RG_EndRound")
	RegisterHookChain(RG_CSGameRules_PlayerKilled, "RG_Player_Killed_Post", 1)
	RegisterHookChain(RG_CWeaponBox_SetModel, "RG_Weapon_Remove")
	RegisterHookChain(RG_HandleMenu_ChooseTeam, "RG_ChooseTeam_Pre")
	RegisterHookChain(RG_HandleMenu_ChooseTeam, "RG_ChooseTeam_Post", 1)
	RegisterHookChain(RG_CSGameRules_CanHavePlayerItem, "RG_CSGameRules_CanHavePlayerItem_Pre")

		RegisterHookChain(RG_CBasePlayer_TakeDamage, "RG_PlayerTakeDamage_Pre")
	RegisterHookChain(RG_CBasePlayer_TakeDamage, "RG_PlayerTakeDamage_Post", 1)
#line 392

	register_message(get_user_msgid("SayText"), "HookSay")
	register_event("HLTV", "ev_NewRound", "a", "1=0", "2=0");
	register_event("TextMsg", "ev_GameRestart", "a", "2=#Game_will_restart_in")
	g_cFreezeTime = get_cvar_pointer("mp_freezetime")

#line 403

	register_clcmd("hs1", "clcmd_hs1")
	register_clcmd("say hs1", "clcmd_hs1")
	register_clcmd("say /hs1", "clcmd_hs1")
	register_clcmd("say .hs1", "clcmd_hs1")
	register_clcmd("say_team hs1", "clcmd_hs1")
	register_clcmd("say_team /hs1", "clcmd_hs1")

	register_clcmd("hs0", "clcmd_hs0")
	register_clcmd("say hs0", "clcmd_hs0")
	register_clcmd("say /hs0", "clcmd_hs0")
	register_clcmd("say .hs0", "clcmd_hs0")
	register_clcmd("say_team hs0", "clcmd_hs0")
	register_clcmd("say_team /hs0", "clcmd_hs0")


	g_eForwards[Kill] = CreateMultiForward("mix_player_killed", 0, 0, 0, 0, 2, 2)
	g_eForwards[GameBeginPre] = CreateMultiForward("mix_game_begin_pre", 0)
		g_eForwards[NewRound] = CreateMultiForward("mix_game_new_round", 0, 0, 0, 0)

	new pcvar = get_cvar_pointer("amx_mode")
	if(pcvar != 0)
	{
		hook_cvar_change(pcvar, "OnCvarChange")
	}


	set_task(0.1, "task_read_config")
}

public task_read_config()
{
	ReadConfig()
}

public plugin_natives()
{
	g_aStartCmds = ArrayCreate(32)
	g_aStopCmds = ArrayCreate(32)
	g_aWarmCmds = ArrayCreate(32)
	g_aKnifeCmds = ArrayCreate(32)
	g_aChatOnCmds = ArrayCreate(32)
	g_aChatOffCmds = ArrayCreate(32)
	g_aOvertimeCmds = ArrayCreate(32)
	g_aPassOnCmds = ArrayCreate(32)
	g_aPassOffCmds = ArrayCreate(32)
	g_aSpecAllCmds = ArrayCreate(32)
	g_aCTCmds = ArrayCreate(32)
	g_aTCmds = ArrayCreate(32)
	g_aSpecCmds = ArrayCreate(32)
	g_aStartDemoCmds = ArrayCreate(32)
	g_aStopDemoCmds = ArrayCreate(32)
	g_aPlayerData = ArrayCreate(Pdata)


	register_library("mix_system")

	register_native("Mix_IsHalf", "native_is_half")
	register_native("Mix_IsLastRound", "native_is_last_round")
	register_native("Mix_IsPreLastRound", "native_is_prelast_round")
	register_native("Mix_CanOvertime", "native_can_overtime")
	register_native("Mix_IsStarted", "native_is_started")
	register_native("Mix_IsWarm", "native_is_warm")
	register_native("Mix_GetPrefix", "native_get_prefix")
	register_native("Mix_GetUserName", "native_get_username")
		register_native("Mix_HasPointsSys", "native_has_points_sys")
}

public plugin_end()
{
	ArrayDestroy(g_aStartCmds)
	ArrayDestroy(g_aStopCmds)
	ArrayDestroy(g_aWarmCmds)
	ArrayDestroy(g_aKnifeCmds)
	ArrayDestroy(g_aChatOnCmds)
	ArrayDestroy(g_aChatOffCmds)
	ArrayDestroy(g_aOvertimeCmds)
	ArrayDestroy(g_aPassOnCmds)
	ArrayDestroy(g_aPassOffCmds)
	ArrayDestroy(g_aSpecAllCmds)
	ArrayDestroy(g_aCTCmds)
	ArrayDestroy(g_aTCmds)
	ArrayDestroy(g_aSpecCmds)
	ArrayDestroy(g_aStartDemoCmds)
	ArrayDestroy(g_aStopDemoCmds)
	ArrayDestroy(g_aPlayerData)

	for(new i; i < MaxFwds; i++)
	{
		DestroyForward(g_eForwards[i])
	}

	}

public OnCvarChange(pcvar, const old_value[], const new_value[])
{
	if(get_pcvar_num(pcvar) != 1)
	{
		set_pcvar_num(pcvar, 1)
	}

	server_cmd("amx_reloadadmins")
	server_exec()
}

#line 513

#line 516

#line 523

#line 544

ReadConfig()
{
	new szConfigsDir[128], szFileDir[64]
	get_configsdir(szConfigsDir, (sizeof(szConfigsDir)-1))

	formatex(szFileDir, (sizeof(szFileDir)-1), "%s/MixSettings.ini", szConfigsDir)

	new iFile = fopen(szFileDir, "rt")

	if(iFile)
	{
		new szData[128], iSection, szString[64], szValue[64]


		while(!feof(iFile))
		{
			fgets(iFile, szData, (sizeof(szData)-1))
			trim(szData)

			if(szData[0] == '#' || szData[0] == EOS || szData[0] == ';')
				continue

			if(szData[0] == '[')
			{
				iSection += 1
			}
			switch(iSection)
			{
				case SETTINGS_SECTION:
				{
					if(szData[0] != '[')
					{
						strtok2(szData, szString, (sizeof(szString)-1), szValue, (sizeof(szValue)-1), '=', (1<<1)|(1<<2))

						if(szValue[0] == EOS || !szValue[0])
							continue

						if(equal(szString, CHAT_PREFIX))
						{
							copy(g_ePluginSettings[szPrefix], (sizeof(g_ePluginSettings[szPrefix])-1), szValue)
						}
						else if(equal(szString, OVERTIME_ROUNDS))
						{
							g_ePluginSettings[iRoundOvertime] = str_to_num(szValue)
						}
						else if(equal(szString, OVERTIME_SCORE))
						{
							g_ePluginSettings[iOvertimeScore] = str_to_num(szValue)
						}
						else if(equal(szString, MIX_END_ROUND))
						{
							g_ePluginSettings[iMixEndRound] = str_to_num(szValue)
						}
						else if(equal(szString, ADMIN_CHAT_FLAGS))
						{
							copy(g_ePluginSettings[szAdminFlags], (sizeof(g_ePluginSettings[szAdminFlags])-1), szValue)
						}
						else if(equal(szString, ADMIN_ACCESS))
						{
							copy(g_ePluginSettings[szAdminAccess], (sizeof(g_ePluginSettings[szAdminAccess])-1), szValue)
						}
						else if(equal(szString, FREEZETIME_SWAP))
						{
							g_ePluginSettings[iFreezetimeSwap] = str_to_num(szValue)
						}
						else if(equal(szString, AUTO_OVERTIME))
						{
							g_ePluginSettings[iAutoOvertime] = str_to_num(szValue)
						}
						else if(equal(szString, START_CFG))
						{
							copy(g_ePluginSettings[szStartCfg], (sizeof(g_ePluginSettings[szStartCfg])-1), szValue)
						}
						else if(equal(szString, STOP_CFG))
						{
							copy(g_ePluginSettings[szStopCfg], (sizeof(g_ePluginSettings[szStopCfg])-1), szValue)
						}
						else if(equal(szString, OVERTIME_CFG))
						{
							copy(g_ePluginSettings[szOvertimeCfg], (sizeof(g_ePluginSettings[szOvertimeCfg])-1), szValue)
						}
						else if(equal(szString, FREEZETIME))
						{
							g_iFreezeTime = str_to_num(szValue)
						}
						else if(equal(szString, PAUSE_TIME))
						{
							g_ePluginSettings[iPauseTime] = str_to_num(szValue)
						}
						else if (equal(szString, TEN_REQUIRED))
						{
							g_ePluginSettings[bRequireTen] = bool:clamp(str_to_num(szValue), 0, 1) 
						}
						else if (equal(szString, KNIFE_ROUND_DELAY))
						{
							g_ePluginSettings[iKnifeStartDelay] = str_to_num(szValue)
						}
						else if (equal(szString, DEFAULT_POINTS))
						{
							g_ePluginSettings[iStartPoints] = str_to_num(szValue)
						}
						else if (equal(szString, FORCE_WARMUP))
						{
							g_ePluginSettings[bForceWarmup] = bool:clamp(str_to_num(szValue), 0, 1) 
						}
					}
				}
				case COMMANDS_SECTION:
				{
					if(szData[0] != '[')
					{
						strtok2(szData, szString, (sizeof(szString)-1), szValue, (sizeof(szValue)-1), '=', (1<<1)|(1<<2))

						if(szValue[0] == EOS || !szValue[0])
							continue

						if(equal(szString, SHOW_COMMANDS))
						{
							while(szValue[0] != EOS && strtok2(szValue, szString, (sizeof(szString)-1), szValue, (sizeof(szValue)-1), ',', (1<<1)|(1<<2)))
							{
								register_clcmd(szString, "clcmd_showcmds")
							}
						}
						else if(equal(szString, START_COMMANDS))
						{
							while(szValue[0] != EOS && strtok2(szValue, szString, (sizeof(szString)-1), szValue, (sizeof(szValue)-1), ',', (1<<1)|(1<<2)))
							{
								register_clcmd(szString, "clcmd_startmix")
								ArrayPushString(g_aStartCmds, szString)
							}
						}
						else if(equal(szString, STOP_COMMANDS))
						{
							while(szValue[0] != EOS && strtok2(szValue, szString, (sizeof(szString)-1), szValue, (sizeof(szValue)-1), ',', (1<<1)|(1<<2)))
							{
								register_clcmd(szString, "clcmd_stopmix")
								ArrayPushString(g_aStopCmds, szString)
							}
						}
						else if(equal(szString, WARM_COMMANDS))
						{
							while(szValue[0] != EOS && strtok2(szValue, szString, (sizeof(szString)-1), szValue, (sizeof(szValue)-1), ',', (1<<1)|(1<<2)))
							{
								register_clcmd(szString, "clcmd_warm")
								ArrayPushString(g_aWarmCmds, szString)
							}
						}
						else if(equal(szString, KNIFE_COMMANDS))
						{
							while(szValue[0] != EOS && strtok2(szValue, szString, (sizeof(szString)-1), szValue, (sizeof(szValue)-1), ',', (1<<1)|(1<<2)))
							{
								register_clcmd(szString, "clcmd_knife")
								ArrayPushString(g_aKnifeCmds, szString)
							}
						}
						else if(equal(szString, CHAT_ON_COMMANDS))
						{
							while(szValue[0] != EOS && strtok2(szValue, szString, (sizeof(szString)-1), szValue, (sizeof(szValue)-1), ',', (1<<1)|(1<<2)))
							{
								register_clcmd(szString, "clcmd_chat_on")
								ArrayPushString(g_aChatOnCmds, szString)
							}
						}
						else if(equal(szString, CHAT_OFF_COMMANDS))
						{
							while(szValue[0] != EOS && strtok2(szValue, szString, (sizeof(szString)-1), szValue, (sizeof(szValue)-1), ',', (1<<1)|(1<<2)))
							{
								register_clcmd(szString, "clcmd_chat_off")
								ArrayPushString(g_aChatOffCmds, szString)
							}
						}
						else if(equal(szString, OVERTIME_COMMANDS))
						{
							while(szValue[0] != EOS && strtok2(szValue, szString, (sizeof(szString)-1), szValue, (sizeof(szValue)-1), ',', (1<<1)|(1<<2)))
							{
								register_clcmd(szString, "clcmd_overtime")
								ArrayPushString(g_aOvertimeCmds, szString)
							}
						}
						else if(equal(szString, PASSON_COMMANDS))
						{
							while(szValue[0] != EOS && strtok2(szValue, szString, (sizeof(szString)-1), szValue, (sizeof(szValue)-1), ',', (1<<1)|(1<<2)))
							{
								register_clcmd(szString, "clcmd_passon")
								ArrayPushString(g_aPassOnCmds, szString)
							}
						}
						else if(equal(szString, PASSOFF_COMMANDS))
						{
							while(szValue[0] != EOS && strtok2(szValue, szString, (sizeof(szString)-1), szValue, (sizeof(szValue)-1), ',', (1<<1)|(1<<2)))
							{
								register_clcmd(szString, "clcmd_passoff")
								ArrayPushString(g_aPassOffCmds, szString)
							}
						}
						else if(equal(szString, SPECALL_COMMANDS))
						{
							while(szValue[0] != EOS && strtok2(szValue, szString, (sizeof(szString)-1), szValue, (sizeof(szValue)-1), ',', (1<<1)|(1<<2)))
							{
								register_clcmd(szString, "clcmd_specall")
								ArrayPushString(g_aSpecAllCmds, szString)
							}
						}
						else if(equal(szString, RESTART_COMMANDS))
						{
							while(szValue[0] != EOS && strtok2(szValue, szString, (sizeof(szString)-1), szValue, (sizeof(szValue)-1), ',', (1<<1)|(1<<2)))
							{
								register_clcmd(szString, "clcmd_restart")
							}
						}
						else if(equal(szString, SCORE_COMMANDS))
						{
							while(szValue[0] != EOS && strtok2(szValue, szString, (sizeof(szString)-1), szValue, (sizeof(szValue)-1), ',', (1<<1)|(1<<2)))
							{
								register_clcmd(szString, "clcmd_score")
							}
						}
						else if(equal(szString, CT_COMMANDS))
						{
							while(szValue[0] != EOS && strtok2(szValue, szString, (sizeof(szString)-1), szValue, (sizeof(szValue)-1), ',', (1<<1)|(1<<2)))
							{
								register_clcmd(szString, "clcmd_ct")
								ArrayPushString(g_aCTCmds, szString)
							}
						}
						else if(equal(szString, T_COMMANDS))
						{
							while(szValue[0] != EOS && strtok2(szValue, szString, (sizeof(szString)-1), szValue, (sizeof(szValue)-1), ',', (1<<1)|(1<<2)))
							{
								register_clcmd(szString, "clcmd_t")
								ArrayPushString(g_aTCmds, szString)
							}
						}
						else if(equal(szString, SPEC_COMMANDS))
						{
							while(szValue[0] != EOS && strtok2(szValue, szString, (sizeof(szString)-1), szValue, (sizeof(szValue)-1), ',', (1<<1)|(1<<2)))
							{
								register_clcmd(szString, "clcmd_spec")
								ArrayPushString(g_aSpecCmds, szString)
							}
						}
						else if(equal(szString, STARTDEMO_COMMANDS))
						{
							while(szValue[0] != EOS && strtok2(szValue, szString, (sizeof(szString)-1), szValue, (sizeof(szValue)-1), ',', (1<<1)|(1<<2)))
							{
								register_clcmd(szString, "clcmd_start_demo")
								ArrayPushString(g_aStartDemoCmds, szString)
							}
						}
						else if(equal(szString, STOPDEMO_COMMANDS))
						{
							while(szValue[0] != EOS && strtok2(szValue, szString, (sizeof(szString)-1), szValue, (sizeof(szValue)-1), ',', (1<<1)|(1<<2)))
							{
								register_clcmd(szString, "clcmd_stop_demo")
								ArrayPushString(g_aStopDemoCmds, szString)
							}
						}
												else if(equal(szString, PAUSE_COMMANDS))
						{
							while(szValue[0] != EOS && strtok2(szValue, szString, (sizeof(szString)-1), szValue, (sizeof(szValue)-1), ',', (1<<1)|(1<<2)))
							{
								register_clcmd(szString, "clcmd_say_pause")
							}
						}
					}
				}
				case WARM_SETTINGS:
				{
					if(szData[0] == '[')
						continue

					strtok2(szData, szString, (sizeof(szString)-1), szValue, (sizeof(szValue)-1), '=', (1<<1)|(1<<2))

					if(equal(szString, WARM_TYPE))
					{
						g_eWarmSettings[bWarmType] = (str_to_num(szValue) == 1 ? true : false)
					}
					else if(equal(szString, WARM_SPAWN_MONEY))
					{
						g_eWarmSettings[iWarmMoney] = str_to_num(szValue)
					}
					else if(equal(szString, WARM_WEAPON_CT))
					{
						copy(g_eWarmSettings[szWeaponCT], (sizeof(g_eWarmSettings[szWeaponCT])-1), szValue)
					}
					else if(equal(szString, WARM_WEAPON_TERO))
					{
						copy(g_eWarmSettings[szWeaponT], (sizeof(g_eWarmSettings[szWeaponT])-1), szValue)
					}
					else if(equal(szString, WARM_PISTOL))
					{
						copy(g_eWarmSettings[szPistol], (sizeof(g_eWarmSettings[szPistol])-1), szValue)
					}
					else if(equal(szString, WARM_BP_AMMO))
					{
						g_eWarmSettings[iBpAmmo] = str_to_num(szValue)
					}
				}
				case HUD_SETTINGS:
				{
					if(szData[0] == '[')
						continue

					strtok2(szData, szString, (sizeof(szString)-1), szValue, (sizeof(szValue)-1), '=', (1<<1)|(1<<2))

					if(equal(szString, HUD_COLORS))
					{
						new szHudColorR[4], szHudColorG[4], szHudColorB[4]

						parse(szValue, szHudColorR, (sizeof(szHudColorR)-1), szHudColorG, (sizeof(szHudColorG)-1), szHudColorB, (sizeof(szHudColorB)-1))

						g_eHudSettings[iHudColorR] = str_to_num(szHudColorR)
						g_eHudSettings[iHudColorG] = str_to_num(szHudColorG)
						g_eHudSettings[iHudColorB] = str_to_num(szHudColorB)
					}
					else if(equal(szString, HUD_POSITION))
					{
						new szHudPosX[5], szHudPosY[5]
						parse(szValue, szHudPosX, (sizeof(szHudPosX)-1), szHudPosY, (sizeof(szHudPosY)-1))

						g_eHudSettings[fHudPosX] = str_to_float(szHudPosX)
						g_eHudSettings[fHudPosY] = str_to_float(szHudPosY)

#line 875
					}
				}
				case DEMO_SETTINGS:
				{
					if(szData[0] == '[')
						continue

					strtok2(szData, szString, (sizeof(szString)-1), szValue, (sizeof(szValue)-1), '=', (1<<1)|(1<<2))

					if(equal(szString, DEMO_AUTO))
					{
						g_eDemoSettings[iDemoAuto] = str_to_num(szValue)
					}
					else if(equal(szString, DEMO_TYPE))
					{
						g_eDemoSettings[iDemoType] = str_to_num(szValue)
					}
					else if(equal(szString, DEMO_NAME))
					{
						copy(g_eDemoSettings[szDemoName], (sizeof(g_eDemoSettings[szDemoName])-1), szValue)
					}
				}
							}
		}
	}


	g_iTimer = g_ePluginSettings[iPauseTime] - 1
}


public client_putinserver(id)
{
	get_user_authid(id, g_szAuthID[id], (sizeof(g_szAuthID[])-1))
	get_user_name(id, g_szName[id], (sizeof(g_szName[])-1))

		g_iPlayerKills[id] = 0

	g_eBooleans[bCanChat][id] = true

	if(g_eBooleans[bIsMixOn])
	{
		if(get_user_flags(id) & read_flags(g_ePluginSettings[szAdminFlags]))
		{
			g_eBooleans[bCanChat][id] = true
		}
		else 
		{
			g_eBooleans[bCanChat][id] = false
		}
	}
}

public client_disconnected(id)
{
	if(is_bot(id))
		return

	if(g_eBooleans[bIsMixOn] && !(id == 0 || is_entity(id) == false))
	{
		new iData[Pdata]
		iData[STEAMID] = g_szAuthID[id]
		iData[DEATHS] = get_user_deaths(id)
		iData[KILLS] = get_user_frags(id)
		iData[MONEY] = get_member_s(id, m_iAccount)
		ArrayPushArray(g_aPlayerData, iData)

		g_ePlayerScore[id][iKILLS] = 0
		g_ePlayerScore[id][iDEATHS] = 0
	}

	}

#line 951

#line 956

public RG_Weapon_Remove(iEnt, const szModelName[])
{
	if(g_eBooleans[bIsWarm] || g_eBooleans[bIsKnife])
	{
		static szClass[32]
		get_entvar(iEnt, var_classname, szClass, (sizeof(szClass)-1))

		if(!equal(szClass, "weaponbox"))
			return HC_CONTINUE

		set_entvar(iEnt, var_nextthink, get_gametime() + 1)
	}

	return HC_CONTINUE
}

public RG_CSGameRules_CanHavePlayerItem_Pre(id, item)
{
	if(g_eBooleans[bIsKnife] || get_member_game(m_bCTCantBuy) || get_member_game(m_bTCantBuy))
	{
		if(get_member_s(item, m_iId) == WEAPON_KNIFE)
			return

		SetHookChainReturn(ATYPE_INTEGER, 0)
	}

	if(g_eBooleans[bIsWarm])
	{
		if(get_member_s(item, m_iId) == WEAPON_C4)
			SetHookChainReturn(ATYPE_INTEGER, 0)
	}
}

public RG_ChooseTeam_Pre(id, MenuChooseTeam:slot)
{
	if(g_eBooleans[bIsMixOn])
	{
		new iCT = get_playersnum_ex(GetPlayers_MatchTeam, "CT")
		new iTero = get_playersnum_ex(GetPlayers_MatchTeam, "TERRORIST")

		if(slot == MenuChoose_T && iTero == 5)
		{
			SetHookChainReturn(ATYPE_INTEGER, 0)
			return HC_SUPERCEDE
		}
		else if(slot == MenuChoose_CT && iCT == 5)
		{
			SetHookChainReturn(ATYPE_INTEGER, 0)
			return HC_SUPERCEDE
		}
		else if(slot == MenuChoose_AutoSelect)
		{
			SetHookChainReturn(ATYPE_INTEGER, 0)
			return HC_SUPERCEDE
		}
	}
	return HC_CONTINUE
}

public RG_ChooseTeam_Post(id, MenuChooseTeam:slot)
{
	if(g_eBooleans[bIsWarm])
	{
		set_task(1.0, "task_revive", id + TASK_REVIVE)
	}

	if(g_eBooleans[bIsMixOn])
	{
		new iData[Pdata]
		new pID = ArrayFindString(g_aPlayerData, g_szAuthID[id])

		if(pID != -1)
		{
			ArrayGetArray(g_aPlayerData, pID, iData)
			set_user_frags(id, iData[KILLS])
			cs_set_user_deaths(id, iData[DEATHS], true)
			set_member_s(id, m_iAccount, iData[MONEY])

			ArrayDeleteItem(g_aPlayerData, pID)
		}
	}
}

public clcmd_fullupdate(id)
{
	return 2
}

public StartCount()
{
	g_iDuration += 1
}

public ev_DeathMsg()
{
	new killer = read_data(1)
	if(!is_user_connected(killer))
	{
		return 1
	}
	read_data(4, g_szWeapon[killer], (sizeof(g_szWeapon[])-1))

	return 1
}

public RG_PlayerTakeDamage_Pre(iVictim, pevInflictor, iAttacker, Float:flDamage, bitsDamageType)
{
	if(!g_eBooleans[bIsMixOn])
		return

	g_ePlayerStats[iAttacker][iVictim][PlayerHealth] = get_user_health(iVictim)
}

public RG_PlayerTakeDamage_Post(iVictim, pevInflictor, iAttacker, Float:flDamage, bitsDamageType)
{
	if(!g_eBooleans[bIsMixOn])
		return

	new iAfter = g_ePlayerStats[iAttacker][iVictim][PlayerHealth] - get_user_health( iVictim )

	new iCalculation = (iAfter) < 0 ? g_ePlayerStats[iAttacker][iVictim][PlayerHealth] : iAfter

	g_ePlayerStats[iAttacker][iVictim][DamageGiven] += iCalculation;
	g_ePlayerStats[iAttacker][iVictim][HitsGiven] += 1
}

public RG_Player_Killed_Post(iVictim, iKiller, iInflictor)
{
	if(((1 <= iVictim <= 32) && is_user_connected(iVictim)) && g_eBooleans[bIsWarm])
	{
		set_task(1.0, "task_revive", iVictim + TASK_REVIVE)
	}

	if(g_eBooleans[bIsMixOn] && !g_eBooleans[bIsWarm])
	{
		if(!((1 <= iKiller <= 32) && is_user_connected(iKiller)) || !((1 <= iVictim <= 32) && is_user_connected(iVictim)))
		{
			return HC_CONTINUE
		}

		if(iKiller == iVictim)
		{
						goto _return
		}

		new bool:bHeadshot = get_member_s(iVictim, m_bHeadshotKilled)

				g_iPlayerKills[iKiller] += 1

		ExecuteForward(g_eForwards[Kill], g_iRet, iVictim, iKiller, bHeadshot ? 1 : 0, g_szName[iKiller], g_szAuthID[iKiller])
	}
	_return:
	return HC_CONTINUE
}

public task_revive(iPlayer)
{
	iPlayer -= TASK_REVIVE

	if(((1 <= iPlayer <= 32) && is_user_connected(iPlayer)))
	{
		new CsTeams:iTeam = cs_get_user_team(iPlayer)
		if(iTeam == CS_TEAM_SPECTATOR || iTeam == CS_TEAM_UNASSIGNED)
		{
			return HC_CONTINUE
		}

		set_entvar(iPlayer, var_health, 100)

		rg_round_respawn(iPlayer)
		rg_set_user_armor(iPlayer, 100, ARMOR_VESTHELM)

		switch(g_eWarmSettings[bWarmType])
		{
			case false:
			{
				set_task(1.0, "task_set_money", iPlayer + TASK_SET_MONEY)
			}
			case true:
			{
				set_task(1.0, "task_give_weapon", iPlayer + TASK_GIVE_WEAPON)
			}
		}
	}

	return 1
}



stock PrintCmdArray(id, Array:array, ML[])
{
	new iSize = ArraySize(array)
	if(iSize <= 0)
		return

	static szCmd[64]
	for(new i = 0; i < iSize; i++)
	{
		ArrayGetString(array, i, szCmd, (sizeof(szCmd)-1))
		console_print(id, "  [%L] %s", 0, ML, szCmd)
	}
}

public clcmd_showcmds(id)
{
	if(!(get_user_flags(id) & read_flags(g_ePluginSettings[szAdminAccess])))
	{
		client_print_color(id, id, "^4%s %L", g_ePluginSettings[szPrefix], 0, "YOU_DONT_HAVE_ACCESS")
		return 1
	}



	console_print(id, "=-=-==-=-=---=-=-==-=-=-=-=-=-=-=-=-=-=-=-=-=-=-=-=-=-=-=-=-=-=-=-=-=-")

	PrintCmdArray(id, g_aStartCmds,    "MIX_START_COMMANDS_ARE")
	PrintCmdArray(id, g_aStopCmds,     "MIX_STOP_COMMANDS_ARE")
	PrintCmdArray(id, g_aWarmCmds,     "MIX_WARM_COMMANDS_ARE")
	PrintCmdArray(id, g_aKnifeCmds,    "MIX_KNIFE_COMMANDS_ARE")
	PrintCmdArray(id, g_aChatOnCmds,   "MIX_CHAT_ON_COMMANDS_ARE")
	PrintCmdArray(id, g_aChatOffCmds,  "MIX_CHAT_OFF_COMMANDS_ARE")
	PrintCmdArray(id, g_aOvertimeCmds, "MIX_OVERTIME_COMMANDS_ARE")
	PrintCmdArray(id, g_aPassOnCmds,   "MIX_PASSON_COMMANDS_ARE")
	PrintCmdArray(id, g_aPassOffCmds,  "MIX_PASSOFF_COMMANDS_ARE")
	PrintCmdArray(id, g_aSpecAllCmds,  "MIX_SPEC_ALL_COMMANDS_ARE")
	PrintCmdArray(id, g_aCTCmds,       "MIX_CT_MOVE_COMMANDS_ARE")
	PrintCmdArray(id, g_aTCmds,        "MIX_T_MOVE_COMMANDS_ARE")
	PrintCmdArray(id, g_aSpecCmds,     "MIX_SPEC_MOVE_COMMANDS_ARE")
	PrintCmdArray(id, g_aStartDemoCmds,"MIX_START_DEMO_COMMANDS_ARE")
	PrintCmdArray(id, g_aStopDemoCmds, "MIX_STOP_DEMO_COMMANDS_ARE")

	console_print(id, "=-=-==-=-=---=-=-==-=-=-=-=-=-=-=-=-=-=-=-=-=-=-=-=-=-=-=-=-=-=-=-=-=-")

	client_print_color(id, id, "^4%s ^1%L", g_ePluginSettings[szPrefix], 0, "OPEN_CONSOLE_FOR_CMDS")
	client_cmd(id, "toggleconsole")

	return 1
}

stock GetArrayCmd(id, Array:array, item, ML[])
{
	static temp[32]
	static szTemp[64]
	temp[0] = 0
	szTemp[0] = 0

	ArrayGetString(array, item, temp, (sizeof(temp)-1))
	formatex(szTemp, (sizeof(szTemp)-1), "%L: %s", 0, ML, temp)
	console_print(id, szTemp)
}

stock HLTV_StartRecording(const szDemoPrefix[])
{
	new szMapName[32], iDate[3], iTime[3]
	enum { iYear = 0, iMonth, iDay }
	enum { iHour = 0, iMin, iSec }
	get_mapname(szMapName, (sizeof(szMapName)-1))
	date(iDate[iYear], iDate[iMonth], iDate[iDay])
	time(iTime[iHour], iTime[iMin], iTime[iSec])

	formatex(g_szHltvDemoName, (sizeof(g_szHltvDemoName)-1), "%s_%04d-%02d-%02d_%02d-%02d", szDemoPrefix, iDate[iYear], iDate[iMonth], iDate[iDay], iTime[iHour], iTime[iMin])

	new fp = fopen("hltv_cmd.txt", "wt")
	if(fp)
	{
		fprintf(fp, "record %s^n", g_szHltvDemoName)
		fclose(fp)
	}

	new fp_rec = fopen("hltv_recording.txt", "wt")
	if(fp_rec)
	{
		fprintf(fp_rec, "%s^n", g_szHltvDemoName)
		fclose(fp_rec)
	}

	client_print_color(0, print_team_default, "^4[GAMELAND HLTV] ^1Demo recording ^3STARTED^1: ^4%s", g_szHltvDemoName)
	server_print("[GAMELAND HLTV] Demo recording STARTED: %s", g_szHltvDemoName)
}

stock HLTV_StopRecording()
{
	new fp = fopen("hltv_cmd.txt", "wt")
	if(fp)
	{
		fprintf(fp, "stoprecording^n")
		fclose(fp)
	}

	if(file_exists("hltv_recording.txt"))
	{
		delete_file("hltv_recording.txt")
	}

	new fp_q = fopen("ready_to_compress.txt", "at")
	if(fp_q)
	{
		if(g_szHltvDemoName[0])
		{
			fprintf(fp_q, "%s^n", g_szHltvDemoName)
		}
		else
		{
			fprintf(fp_q, "ALL^n")
		}
		fclose(fp_q)
	}

	if(g_szHltvDemoName[0])
	{
		client_print_color(0, print_team_default, "^4[GAMELAND HLTV] ^1Demo recording ^3STOPPED^1: ^4%s ^1-> Queued for Web Panel!", g_szHltvDemoName)
		server_print("[GAMELAND HLTV] Demo recording STOPPED: %s -> Queued for Web Panel!", g_szHltvDemoName)
		g_szHltvDemoName[0] = 0
	}
	else
	{
		client_print_color(0, print_team_default, "^4[GAMELAND HLTV] ^1Demo recording ^3STOPPED^1 -> Queued for Web Panel!")
		server_print("[GAMELAND HLTV] Demo recording STOPPED -> Queued for Web Panel!")
	}
}

stock gregorian_to_jalali(g_y, g_m, g_d, &j_y, &j_m, &j_d)
{
	new g_days_in_month[] = {31, 28, 31, 30, 31, 30, 31, 31, 30, 31, 30, 31}
	new j_days_in_month[] = {31, 31, 31, 31, 31, 31, 30, 30, 30, 30, 30, 29}

	new gy = g_y - 1600
	new gm = g_m - 1
	new gd = g_d - 1

	new g_day_no = 365*gy + floatround(float((gy+3)/4)) - floatround(float((gy+99)/100)) + floatround(float((gy+399)/400))

	for(new i=0; i<gm; ++i)
		g_day_no += g_days_in_month[i]

	if (gm > 1 && ((gy%4==0 && gy%100!=0) || (gy%400==0)))
		g_day_no++

	g_day_no += gd
	new j_day_no = g_day_no - 79

	new j_np = j_day_no / 12053
	j_day_no = j_day_no % 12053

	j_y = 979 + 33*j_np + 4 * (j_day_no/1461)
	j_day_no %= 1461

	if (j_day_no >= 366) {
		j_y += (j_day_no-1)/365
		j_day_no = (j_day_no-1)%365
	}

	for (new i = 0; i < 11 && j_day_no >= j_days_in_month[i]; ++i) {
		j_day_no -= j_days_in_month[i]
		j_m = i + 1
	}
	j_m++
	j_d = j_day_no + 1
}

stock Client_StartRecordingAll(const szDemoPrefix[])
{
	new szMapName[32], szDate[12], szTime[12]
	get_mapname(szMapName, (sizeof(szMapName)-1))

	get_time("%Y", szDate, (sizeof(szDate)-1))
	new iYear = str_to_num(szDate)
	get_time("%m", szDate, (sizeof(szDate)-1))
	new iMonth = str_to_num(szDate)
	get_time("%d", szDate, (sizeof(szDate)-1))
	new iDay = str_to_num(szDate)

	get_time("%H-%M-%S", szTime, (sizeof(szTime)-1))

	new jy, jm, jd
	gregorian_to_jalali(iYear, iMonth, iDay, jy, jm, jd)

	static iPlayer, iPlayers[32], iNum
	get_players(iPlayers, iNum, "ch") 

	new szPlayerName[32], szSafeName[32], szDemoName[128]
	for(new i = 0; i < iNum; i++)
	{
		iPlayer = iPlayers[i]
		get_user_name(iPlayer, szPlayerName, (sizeof(szPlayerName)-1))

		copy(szSafeName, (sizeof(szSafeName)-1), szPlayerName)
		replace_all(szSafeName, (sizeof(szSafeName)-1), " ", "_")
		replace_all(szSafeName, (sizeof(szSafeName)-1), "^"", "_")
		replace_all(szSafeName, (sizeof(szSafeName)-1), "\", "_")
		replace_all(szSafeName, (sizeof(szSafeName)-1), "/", "_")
		replace_all(szSafeName, (sizeof(szSafeName)-1), ":", "_")
		replace_all(szSafeName, (sizeof(szSafeName)-1), "*", "_")
		replace_all(szSafeName, (sizeof(szSafeName)-1), "?", "_")
		replace_all(szSafeName, (sizeof(szSafeName)-1), "<", "_")
		replace_all(szSafeName, (sizeof(szSafeName)-1), ">", "_")
		replace_all(szSafeName, (sizeof(szSafeName)-1), "|", "_")


		formatex(szDemoName, (sizeof(szDemoName)-1), "%s_%s_%s_%04d-%02d-%02d_%s", szDemoPrefix, szSafeName, szMapName, jy, jm, jd, szTime)

		client_cmd(iPlayer, "record ^"%s^"", szDemoName)
		client_print_color(iPlayer, iPlayer, "^4[GAMELAND] ^1Auto POV Demo recording ^3STARTED^1: ^4%s.dem", szDemoName)
	}
}

stock Client_StopRecordingAll()
{
	static iPlayer, iPlayers[32], iNum
	get_players(iPlayers, iNum, "ch")

	for(new i = 0; i < iNum; i++)
	{
		iPlayer = iPlayers[i]
		client_cmd(iPlayer, "stop")
		client_print_color(iPlayer, iPlayer, "^4[GAMELAND] ^1Auto POV Demo recording ^3STOPPED^1. File saved in your cstrike folder.")
	}
}


public clcmd_startmix(id, bool:bKnife)
{
	if(!(get_user_flags(id) & read_flags(g_ePluginSettings[szAdminAccess])))
	{
		client_print_color(id, id, "^4%s %L", g_ePluginSettings[szPrefix], 0, "YOU_DONT_HAVE_ACCESS")
		return 1
	}

	if(g_eBooleans[bIsMixOn] || g_eBooleans[bIsKnife])
	{
		client_print_color(id, id, "^4%s %L", g_ePluginSettings[szPrefix], 0, "MIX_ALREADY_STARTED")
		return 1
	}

	if(g_ePluginSettings[bRequireTen])
	{
		new iTemp[7]
		rg_initialize_player_counts(iTemp[0], iTemp[1], iTemp[2], iTemp[3])
		iTemp[4] = iTemp[0] + iTemp[2]
		iTemp[5] = iTemp[1] + iTemp[3]
		iTemp[6] = iTemp[5] + iTemp[4]

		if(iTemp[6] < 10)
		{
			client_print_color(id, id, "^4%s %L", g_ePluginSettings[szPrefix], 0, "MIX_NEEDS_TEN_PLAYERS")
			return 1
		}
	}

#line 1408
	if(g_eBooleans[bWasKnife])
#line 1410
	{
		ExecuteForward(g_eForwards[GameBeginPre], g_iRet)
	}

	new szMapName[32], iDate[3], iTime[3]
	enum { iYear = 0, iMonth, iDay }
	enum { iHour = 0, iMin, iSec }
	get_mapname(szMapName, (sizeof(szMapName)-1))
	date(iDate[iYear], iDate[iMonth], iDate[iDay])
	time(iTime[iHour], iTime[iMin], iTime[iSec])

	HLTV_StartRecording("GL_Mix")
	Client_StartRecordingAll("GL_Mix")

	static iPlayer, iPlayers[32], iNum
	get_players(iPlayers, iNum, "ch")

	g_eInformations[MIX_STARTER] = id

	new CsTeams:iTeam

	for(new i; i < iNum ; i++)
	{
		iPlayer = iPlayers[i]

		g_eBooleans[bCanChat][iPlayer] = true

#line 1438
		if(g_eBooleans[bWasKnife] && bKnife)
		{
#line 1441
			if(g_eInformations[MIX_STARTER] == iPlayer)
			{
				client_print_color(iPlayer, iPlayer, "^4%s %L", g_ePluginSettings[szPrefix], -1, "MIX_STARTED_BY_YOU")
			}
			else
			{
				client_print_color(iPlayer, iPlayer, "^4%s %L", g_ePluginSettings[szPrefix], 0, "MIX_STARTED_BY_X", g_szName[g_eInformations[MIX_STARTER]])
			}



			iTeam = cs_get_user_team(iPlayer)

			if(iTeam == CS_TEAM_CT || iTeam == CS_TEAM_T)
			{

							}
#line 1459
		}
#line 1461
	}

	g_eBooleans[bCanChat][id] = false

	g_iStart = 0

	ResetScore()

#line 1470
	if(!g_eBooleans[bWasKnife])
	{
		g_eBooleans[bWasKnife] = true
		clcmd_knife(id)
		return 1
	}

	if(!bKnife)
	{
		return 1
	}
#line 1482

	g_eBooleans[bIsMixOn] = true
	g_eBooleans[bOvertime] = false
	g_eBooleans[bIsStoppingMix] = false
	g_eInformations[ACE] = -1
	g_eInformations[SEMI_ACE] = -1
	g_eTeamPause[CT_PAUSE] = 0
	g_eTeamPause[TERO_PAUSE] = 0

	StartConfig()

	server_cmd("sv_restart 1")
	set_task(3.0, "task_mix_restart1")
	set_task(8.0, "task_mix_restart2")
	set_task(13.0, "task_mix_live")

	set_task(1.0, "StartCount", TASK_COUNT_DURATION, .flags = "b")

	return 0
}

public clcmd_stopmix(id)
{
	if(!(get_user_flags(id) & read_flags(g_ePluginSettings[szAdminAccess])))
	{
		client_print_color(id, id, "^4%s %L", g_ePluginSettings[szPrefix], 0, "YOU_DONT_HAVE_ACCESS")
		return 1
	}

#line 1514

	if(!g_eBooleans[bIsKnife] && !g_eBooleans[bIsMixOn])
	{
		client_print_color(id, id, "^4%s %L", g_ePluginSettings[szPrefix], 0, "MIX_NOT_STARTED_YET")
		return 1
	}

	g_eBooleans[bIsStoppingMix] = true

	static iPlayer, iPlayers[32], iNum
	get_players(iPlayers, iNum, "ch")

	new CsTeams:iTeam

	g_eInformations[MIX_STOPER] = id

	for(new i; i < iNum; i++)
	{
		iPlayer = iPlayers[i]

		if(g_eInformations[MIX_STOPER] == iPlayer)
		{
			client_print_color(iPlayer, iPlayer, "^4%s %L", g_ePluginSettings[szPrefix], -1, "MIX_STOPPED_BY_YOU")
		}
		else
		{
			client_print_color(iPlayer, iPlayer, "^4%s %L", g_ePluginSettings[szPrefix], 0, "MIX_STOPPED_BY_X", g_szName[g_eInformations[MIX_STOPER]])
		}

		iTeam = cs_get_user_team(iPlayer)

		if(iTeam == CS_TEAM_CT || iTeam == CS_TEAM_T)
		{
					}

			}

#line 1552
	g_eBooleans[bWasKnife] = false
#line 1554

	ResetScore()
	StopConfig()

	HLTV_StopRecording()

	server_cmd("sv_restart 1")

	return 0
}

public clcmd_warm(id)
{
	if(is_user_connected(id))
	{
		if(!(get_user_flags(id) & read_flags(g_ePluginSettings[szAdminAccess])))
		{
			client_print_color(id, id, "^4%s %L", g_ePluginSettings[szPrefix], 0, "YOU_DONT_HAVE_ACCESS")
			return 1
		}
	}

	if(g_eBooleans[bIsMixOn] || g_eBooleans[bIsKnife] || task_exists(TASK_CHECKVOTES))
	{
		clcmd_stopmix(id)
	}


	static iPlayer, iPlayers[32], iNum
	get_players(iPlayers, iNum, "ch")

	g_eInformations[WARM_CALLER] = id

	for(new i; i < iNum; i++)
	{
		iPlayer = iPlayers[i]

		if(g_eInformations[WARM_CALLER] == iPlayer)
		{
			client_print_color(iPlayer, iPlayer, "^4%s %L", g_ePluginSettings[szPrefix], -1, "WARM_STARTED_BY_YOU")
		}
		else
		{
			client_print_color(iPlayer, iPlayer, "^4%s %L", g_ePluginSettings[szPrefix], 0, "WARM_STARTED_BY_X", strlen(g_szName[g_eInformations[WARM_CALLER]]) ? 
			                   g_szName[g_eInformations[WARM_CALLER]] : "Server")
		}

		set_task(2.0, "Task_Warmup", iPlayer + TASK_WARM)
	}

	g_eBooleans[bIsWarm] = true
	g_eBooleans[bOvertime] = false
#line 1607
	g_eBooleans[bWasKnife] = false
#line 1609

	StopConfig()

	server_cmd("mp_freezetime 0")

	server_cmd("mp_buytime 99999")

	server_cmd("sv_restart 1")

	SetGameDesc(MATCHSTATE_WARM)

	return 0
}

public Task_Warmup(iPlayer)
{
	iPlayer -= TASK_WARM

	if(g_eBooleans[bIsWarm] && is_user_connected(iPlayer))
	{
		rg_set_user_armor(iPlayer, 100, ARMOR_VESTHELM)

		switch(g_eWarmSettings[bWarmType])
		{
			case false:
			{
				set_task(1.0, "task_set_money", iPlayer + TASK_SET_MONEY)
			}
			case true:
			{
				set_task(1.0, "task_give_weapon", iPlayer + TASK_GIVE_WEAPON)
			}
		}
	}
	return 0
}

public task_set_money(id)
{
	id -= TASK_SET_MONEY

	if(!((1 <= id <= 32) && is_user_connected(id)) || !g_eBooleans[bIsWarm])
	{
		return 1
	}

	rg_add_account(id, g_eWarmSettings[iWarmMoney], AS_ADD, true)

#line 1660

	return 0
}

public task_give_weapon(id)
{
	id -= TASK_GIVE_WEAPON

	if(!((1 <= id <= 32) && is_user_connected(id)) || !g_eBooleans[bIsWarm] || !is_user_connected(id))
	{
		return 1
	}

	new TeamName:iTeam = get_member_s(id, m_iTeam)
	new iWeaponID[3]

	iWeaponID[0] = rg_get_weapon_info(g_eWarmSettings[szWeaponT], WI_ID)
	iWeaponID[1] = rg_get_weapon_info(g_eWarmSettings[szWeaponCT], WI_ID)
	iWeaponID[2] = rg_get_weapon_info(g_eWarmSettings[szPistol], WI_ID)

	switch(iTeam)
	{
		case TEAM_TERRORIST:
		{
			rg_give_item(id, g_eWarmSettings[szWeaponT], GT_REPLACE)
			rg_give_item(id, g_eWarmSettings[szPistol], GT_REPLACE)
			rg_set_user_bpammo(id, WeaponIdType:iWeaponID[0], g_eWarmSettings[iBpAmmo])
			rg_set_user_bpammo(id, WeaponIdType:iWeaponID[2], g_eWarmSettings[iBpAmmo])
		}
		case TEAM_CT:
		{
			rg_give_item(id, g_eWarmSettings[szWeaponCT], GT_REPLACE)
			rg_give_item(id, g_eWarmSettings[szPistol], GT_REPLACE)
			rg_set_user_bpammo(id, WeaponIdType:iWeaponID[1], g_eWarmSettings[iBpAmmo])
			rg_set_user_bpammo(id, WeaponIdType:iWeaponID[2], g_eWarmSettings[iBpAmmo])
		}
	}

#line 1701

	return 1
}

public clcmd_knife(id)
{
	if(!(get_user_flags(id) & read_flags(g_ePluginSettings[szAdminAccess])))
	{
		client_print_color(id, id, "^4%s %L", g_ePluginSettings[szPrefix], 0, "YOU_DONT_HAVE_ACCESS")
		return 1
	}

	if(g_eBooleans[bIsMixOn])
	{
		client_print_color(id, id, "^4%s %L", g_ePluginSettings[szPrefix], 0, "MIX_NEED_STOPPED")
		return 1
	}

	static iPlayer, iPlayers[32], iNum
	get_players(iPlayers, iNum, "ch")

	g_eInformations[KNIFE_STRATER] = id

	for(new i; i < iNum; i++)
	{
		iPlayer = iPlayers[i]

#line 1738
		client_print_color(iPlayer, iPlayer, "^4%s %L", g_ePluginSettings[szPrefix], 0, "KNIFE_STARTED")
#line 1740
	}

	g_iKnifes = 0

	ResetScore()

	g_eBooleans[bIsKnife] = true

	g_iKnifes += 1

	StopConfig()

	server_cmd("mp_freezetime 3")
	server_cmd("mp_startmoney 800")

	server_cmd("sv_restart 1")

	SetGameDesc(MATCHSTATE_KNIFE_ROUND)

	return 0
}

public RG_EndRound(WinStatus:status, ScenarioEventEndRound:event, Float:tmDelay)
{
	if(get_playersnum() < 1)
	{
		return
	}

	if(event == ROUND_GAME_RESTART || event == ROUND_GAME_COMMENCE)
	{
		if(g_eBooleans[bIsWarm])
		{
			set_task(0.5, "task_reapply_warm")
		}
		return
	}

	set_task(1.0, "task_end_round", any:status)
}

public task_end_round(index)
{
	new WinStatus:status = WinStatus:index

	new szTeamWon[12]
#line 1787
	new TeamName:iWTeam
#line 1789

	switch(status)
	{
		case WINSTATUS_CTS:
		{
			formatex(szTeamWon, (sizeof(szTeamWon)-1), "%L", 0, "CT_TEAM")
#line 1796
			iWTeam = TEAM_CT
#line 1798

			if(g_eBooleans[bIsMixOn])
			{
				if(!g_eBooleans[bOvertime])
				{
					g_iScore[CT_SCORE] += 1
					g_iRoundNum += 1
				}
				else
				{
					g_iOvertimeScore[CT_OVER_SCORE] += 1
				}
			}
		}
		case WINSTATUS_TERRORISTS:
		{
			formatex(szTeamWon, (sizeof(szTeamWon)-1), "%L", 0, "TERO_TEAM")
#line 1816
			iWTeam = TEAM_TERRORIST
#line 1818

			if(g_eBooleans[bIsMixOn])
			{
				if(!g_eBooleans[bOvertime])
				{
					g_iScore[TERO_SCORE] += 1
					g_iRoundNum += 1
				}
				else
				{
					g_iOvertimeScore[TERO_OVER_SCORE] += 1
				}
			}
		}
	}

	if(g_eBooleans[bIsMixOn])
		SetGameDesc(g_eBooleans[bOvertime] ? MATCHSTATE_OVERTIME : MATCHSTATE_IN_MATCH)
	else if(g_ePluginSettings[bForceWarmup] && !g_eBooleans[bIsWarm] && !g_eBooleans[bIsKnife])
	{
		clcmd_warm(0)
	}

	if(g_iKnifes >= 1 && (status == WINSTATUS_CTS || status == WINSTATUS_TERRORISTS))
	{
		if(g_eBooleans[bIsKnife] && !g_eBooleans[bIsStoppingMix])
		{
			set_pcvar_num(g_cFreezeTime, g_ePluginSettings[iKnifeStartDelay])
			static iPlayer, iPlayers[32], iNum
			get_players(iPlayers, iNum, "ch")

			for(new i; i < iNum; i++)
			{
				iPlayer = iPlayers[i]

				client_print_color(iPlayer, iPlayer, "^4%s %L", g_ePluginSettings[szPrefix], 0, "KNIFE_ROUND_WON_BY_X_TEAM", szTeamWon)
				client_print_color(iPlayer, iPlayer, "^4%s %L", g_ePluginSettings[szPrefix], 0, "KNIFE_ROUND_MATCH_START_IN", g_ePluginSettings[iKnifeStartDelay])

#line 1857
				if(get_member_s(iPlayer, m_iTeam) == iWTeam)
				{
					g_iPlayers += 1
					set_task(0.2, "task_ask_player", iPlayer + TASK_ASK)
				}
#line 1863
			}

#line 1866
			if(!task_exists(TASK_CHECKVOTES))
			{
				set_task(float(g_ePluginSettings[iKnifeStartDelay]), "task_do_change", TASK_CHECKVOTES)
			}
#line 1871
			g_eBooleans[bIsKnife] = false
			g_iKnifes = 3

			ResetScore()
		}
	}

	if(CanOvertime() && g_ePluginSettings[iAutoOvertime] && !g_eBooleans[bOvertime])
	{
		g_eBooleans[bOvertime] = true
		g_eOvertime[FirstOvertime] = true

		new iPlayer, iPlayers[32], iNum
		get_players(iPlayers, iNum, "ch")

		for(new i; i < iNum; i++)
		{
			iPlayer = iPlayers[i]

			if(!((1 <= iPlayer <= 32) && is_user_connected(iPlayer)))
			{
				continue
			}

#line 1898
			client_print_color(iPlayer, iPlayer, "^4%s %L", g_ePluginSettings[szPrefix], 0, "OVERTIME_AUTOMATIC_WILL_START")
#line 1900
		}

		g_eBooleans[bTeamSwap] = false

		OvertimeConfig()

		set_pcvar_num(g_cFreezeTime, 15)
		set_task(0.2, "task_delayed_swap")
		set_task(2.5, "task_show_overtime_start")
		set_task(12.0, "task_halftime_restart1")
		set_task(17.0, "task_halftime_restart2")
		set_task(22.0, "task_overtime_live")
	}

	if(g_eBooleans[bOvertime])
	{
		CheckOvertimePhase()
	}

 	if(g_eBooleans[bIsKnife])
 	{
		g_iKnifes += 1
 	}

 	if(g_eBooleans[bIsMixOn])
 	{
 		g_bPaused = false
 		g_iTimer = g_ePluginSettings[iPauseTime] - 1

	 	static iPlayer, iPlayers[32], iNum
		get_players(iPlayers, iNum, "ch")

		new iDamageGiven, iDamageTaken, iHitsGiven, iHitsTaken, iVictim, CsTeams:iTeam

		for(new i; i < iNum; i++)
		{
			iPlayer = iPlayers[i]

			if(false                                                  )
			{
				for(new j; j < iNum; j++)
				{
					iVictim = iPlayers[j]

					iTeam = cs_get_user_team(iVictim)

					if(iTeam == CS_TEAM_CT || iTeam == CS_TEAM_T)
					{
						iDamageGiven = g_ePlayerStats[iPlayer][iVictim][DamageGiven]
						iDamageTaken = g_ePlayerStats[iVictim][iPlayer][DamageGiven]

						if(iDamageGiven > 100)
						{
							iDamageGiven = 100
						}

						if(iDamageTaken > 100)
						{
							iDamageTaken = 100
						}

						if(i != j && iTeam != cs_get_user_team(iPlayer))
						{
							if(!(iDamageGiven || iDamageTaken))
								continue

							iHitsGiven = g_ePlayerStats[iPlayer][iVictim][HitsGiven]
							iHitsTaken = g_ePlayerStats[iVictim][iPlayer][HitsGiven]

							client_print_color(iPlayer, iPlayer, "^4%s ^1%s (^4%d ^1%L^4 %d^1) %L, (^4%d^1 %L^4 %d^1) %L.", 
							                   g_ePluginSettings[szPrefix], g_szName[iVictim], iDamageGiven, -1, "IN",
							                    iHitsGiven, -1, "DAMAGE", iDamageTaken, -1, "IN", iHitsTaken, -1, "RECEIVED")
						}
					}
				}
			}

			if(g_iPlayerKills[iPlayer] == 5)
			{
				g_eInformations[ACE] = iPlayer
			}

			if(g_iPlayerKills[iPlayer] == 4)
			{
				g_eInformations[SEMI_ACE] = iPlayer
			}
		}

		for(new i; i < iNum; i++)
		{
			iPlayer = iPlayers[i]

			if(g_eInformations[ACE] != -1)
			{
				if(g_eInformations[ACE] == iPlayer)
				{
									}
				else
				{
					client_print_color(iPlayer, iPlayer, "^4%s %L", g_ePluginSettings[szPrefix], 0, "X_SCORED_ACE", g_szName[g_eInformations[ACE]])
				}
			}

			if(g_eInformations[SEMI_ACE] != -1)
			{
				if(g_eInformations[SEMI_ACE] == iPlayer)
				{
									}
				else
				{
					client_print_color(iPlayer, iPlayer, "^4%s %L", g_ePluginSettings[szPrefix], 0, "X_SCORED_SEMIACE", g_szName[g_eInformations[SEMI_ACE]])
				}
			}

					}

		for(new i = 1; i <= 32; i++)
		{
			for(new j = 1; j <= 32; j++)
			{
				g_ePlayerStats[i][j][DamageGiven] = 0
				g_ePlayerStats[i][j][HitsGiven] = 0
				g_ePlayerStats[i][j][PlayerHealth] = 0
			}
		}

		if(g_eTeamPause[TERO_PAUSE] == 1)
		{
			set_pcvar_num(g_cFreezeTime, g_ePluginSettings[iPauseTime])
			server_cmd("mp_buytime 0.80")
			g_eTeamPause[TERO_PAUSE] += 1
			g_bPaused = true
		}
		else if(g_eTeamPause[CT_PAUSE] == 1)
		{
			set_pcvar_num(g_cFreezeTime, g_ePluginSettings[iPauseTime])
			server_cmd("mp_buytime 0.80")
			g_eTeamPause[CT_PAUSE] += 1
			g_bPaused = true
		}

		if(!g_bPaused && !task_exists(TASK_CHECKVOTES))
		{
			set_pcvar_num(g_cFreezeTime, g_iFreezeTime)
		}

		if(IsHalf() && !g_eBooleans[bOvertime] && !g_eBooleans[bTeamSwap])
		{
			set_pcvar_num(g_cFreezeTime, g_ePluginSettings[iFreezetimeSwap])
			set_task(0.1, "task_swap_score")
			set_task(0.2, "task_delayed_swap")
			set_task(2.5, "task_show_halftime")
			set_task(12.0, "task_halftime_restart1")
			set_task(17.0, "task_halftime_restart2")
			set_task(22.0, "task_halftime_live")
		}
	}

	return HC_CONTINUE
}

#line 2062
public task_ask_player(id)
{
	id -= TASK_ASK

	new szTemp[64]

	formatex(szTemp, (sizeof(szTemp)-1), "\r%s \w%L", g_ePluginSettings[szPrefix], 0, "MENU_ASK_PLAYER")
	new menu = menu_create(szTemp, "handle_ask_menu")

	formatex(szTemp, (sizeof(szTemp)-1), "\y%L", 0, "ASK_MENU_SWITCH")
	menu_additem(menu, szTemp)

	formatex(szTemp, (sizeof(szTemp)-1), "\y%L", 0, "ASK_MENU_STAY")
	menu_additem(menu, szTemp)

	_MenuDisplay(id, menu)
}

public handle_ask_menu(id, menu, item)
{
	if(item == -3 || !((1 <= id <= 32) && is_user_connected(id)) || g_bVoted || g_eBooleans[bIsMixOn])
	{
		return _MenuExit(menu)
	}

	switch(item)
	{
		case 0:
		{
			g_iAnswer[SWITCH] += 1
		}
		case 1:
		{
			g_iAnswer[STAY] += 1
		}
	}

	CheckVotes(g_iAnswer)

	return _MenuExit(menu)
}

public CheckVotes(any:iAnswer[])
{
	if(iAnswer[SWITCH] > iAnswer[STAY])
	{
		g_iVote = 1
	}
	else if(iAnswer[SWITCH] < iAnswer[STAY])
	{
		g_iVote = 0
	}
	else if(iAnswer[SWITCH] == iAnswer[STAY])
	{
		g_iVote = 0
	}
	else 
	{
		g_iVote = 0
	}
}

public task_do_change(iTaskID)
{
	g_bVoted = true

	new szTemp[128]

	switch(g_iVote)
	{
		case 0:
		{
			formatex(szTemp, (sizeof(szTemp)-1), "%L", 0, "STAY")
		}
		case 1:
		{
			formatex(szTemp, (sizeof(szTemp)-1), "%L", 0, "SWITCH")
		}
	}

	client_print_color(0, 0, "^4%s %L %s", g_ePluginSettings[szPrefix], 0, "TEAM_VOTED", szTemp)

	if(g_iVote) 
	{
		rg_swap_all_players()
	}

	g_eBooleans[bCanShowStats] = false

	clcmd_startmix(g_eInformations[MIX_STARTER], true)

	return 1
}
#line 2156

public ev_NewRound()
{
#line 2160
	if(g_eBooleans[bIsMixOn] && g_iKnifes == 3)
#line 2164
	{
		set_task(1.0, "task_show_score")

		g_eBooleans[bCanShowStats] = true

		if(g_bPaused)
		{
			set_task(0.01, "task_show_dhud")
		}
	}
}

public ev_GameRestart()
{
	set_task(1.0, "task_change_bool", TASK_CHANGE_BOOL)
}

public task_change_bool(taskid)
{
	g_eBooleans[bIsStoppingMix] = false

	remove_task(TASK_CHANGE_BOOL)
}

public CS_OnBuyAttempt(id, item)
{
	if(g_eBooleans[bIsWarm] && g_eWarmSettings[bWarmType])
	{
		return 1
	}

	if(g_eBooleans[bIsKnife])
	{
		if(item != 31 && item != 32)
		{
			return 1
		}
	}

	if(item == 99 || item == 34 || item == 13 || item == 24 || item == 35)
	{
		return 1
	}

	return 0
}

public clcmd_chat_on(id)
{
	if(!(get_user_flags(id) & read_flags(g_ePluginSettings[szAdminAccess])))
	{
		client_print_color(id, id, "^4%s %L", g_ePluginSettings[szPrefix], 0, "YOU_DONT_HAVE_ACCESS")
		return 1
	}

#line 2222

	if(!g_eBooleans[bIsMixOn])
	{
		client_print_color(id, id, "^4%s %L", g_ePluginSettings[szPrefix], 0, "MIX_NOT_STARTED_YET")
		return 1
	}

	static iPlayer, iPlayers[32], iNum
	get_players(iPlayers, iNum, "ch")

	g_eInformations[CHAT] = id

	for(new i; i < iNum; i++)
	{
		iPlayer = iPlayers[i]

		if(g_eInformations[CHAT] == iPlayer)
		{
			client_print_color(iPlayer, iPlayer, "^4%s %L", g_ePluginSettings[szPrefix], 0, "CHAT_OPENED_BY_YOU")
		}
		else
		{
			client_print_color(iPlayer, iPlayer, "^4%s %L", g_ePluginSettings[szPrefix], 0, "CHAT_OPENED_BY_X", g_szName[g_eInformations[CHAT]])
		}

		g_eBooleans[bCanChat][iPlayer] = true
	}

	return 1
}

public clcmd_chat_off(id)
{
	if(!(get_user_flags(id) & read_flags(g_ePluginSettings[szAdminAccess])))
	{
		client_print_color(id, id, "^4%s %L", g_ePluginSettings[szPrefix], 0, "YOU_DONT_HAVE_ACCESS")
		return 1
	}

#line 2264

	if(!g_eBooleans[bIsMixOn])
	{
		client_print_color(id, id, "^4%s %L", g_ePluginSettings[szPrefix], 0, "MIX_NOT_STARTED_YET")
		return 1
	}

	static iPlayer, iPlayers[32], iNum
	get_players(iPlayers, iNum, "ch")

	g_eInformations[CHAT] = id

	for(new i; i < iNum; i++)
	{
		iPlayer = iPlayers[i]

		if(g_eInformations[CHAT] == iPlayer)
		{
			client_print_color(iPlayer, iPlayer, "^4%s %L", g_ePluginSettings[szPrefix], 0, "CHAT_CLOSED_BY_YOU")
		}
		else
		{
			client_print_color(iPlayer, iPlayer, "^4%s %L", g_ePluginSettings[szPrefix], 0, "CHAT_CLOSED_BY_X", g_szName[g_eInformations[CHAT]])
		}

		if(!(get_user_flags(iPlayer) & read_flags(g_ePluginSettings[szAdminFlags])))
		{
			g_eBooleans[bCanChat][iPlayer] = false
		}
	}

	return 1
}

public plugin_cfg()
{
	set_task(3.0, "task_start_warm")
}

public hook_say(id)
{
	if(!is_user_connected(id))
		return 0

	if(!g_eBooleans[bCanChat][id] && g_eBooleans[bIsMixOn])
	{
		if(!(get_user_flags(id) & read_flags(g_ePluginSettings[szAdminFlags])))
		{
			return 1
		}
		else if(get_user_flags(id) & read_flags(g_ePluginSettings[szAdminFlags]))
		{
			return 0
		}
	}

	new sArg[32], szMessage[180]
	read_argv(1, sArg, (sizeof(sArg)-1))
	read_args(szMessage, (sizeof(szMessage)-1))
	remove_quotes(szMessage)

	if(equal(szMessage, "hs1") || equal(szMessage, "/hs1") || equal(szMessage, ".hs1"))
	{
		clcmd_hs1(id)
		return 1
	}
	if(equal(szMessage, "hs0") || equal(szMessage, "/hs0") || equal(szMessage, ".hs0"))
	{
		clcmd_hs0(id)
		return 1
	}

	if(strlen(szMessage) != 0)
	{
		if(szMessage[0] == '/')
		{
			switch(szMessage[1])
			{
				case 's':
				{
					if(szMessage[2] == 'p' && szMessage[5] != 'a')
					{
						clcmd_move_spec(id, szMessage, (sizeof(szMessage)-1), 1)
						return 1
					}
				}
				case 't':
				{
					if(szMessage[2] == ' ')
					{
						clcmd_move_t(id, szMessage, (sizeof(szMessage)-1), 1)
						return 1
					}
				}
				case 'c':
				{
					if(szMessage[2] == 't')
					{
						clcmd_move_ct(id, szMessage, (sizeof(szMessage)-1), 1)
						return 1
					}
				}
				case 'p':
				{
					if(szMessage[2] == 'a' && szMessage[5] == ' ')
					{
						clcmd_passon(id, szMessage, 1)
						return 1
					}
				}
			}
		}

		new iPlayer, iPlayers[32], iNum
		get_players(iPlayers, iNum, "c")

		if(is_user_alive(id))
		{
			format(szMessage, (sizeof(szMessage)-1), "^3%n^1: %s", id, szMessage)
		}
		else
		{
			format(szMessage, (sizeof(szMessage)-1), "^1*[DEAD] ^3%n^1: %s", id, szMessage)
		}

		for(new i; i < iNum; i++)
		{
			iPlayer = iPlayers[i]

			client_print_color(iPlayer, id, szMessage)
		}
	}

	return 0
}

public HookSay(iMsgID, Msg, iDest)
{
	new szBuffer[64]
	get_msg_arg_string(2, szBuffer, (sizeof(szBuffer)-1))

	if(g_eBooleans[bIsMixOn] || g_eBooleans[bIsStoppingMix])
	{
		if(equal(szBuffer, "#Cstrike_Name_Change"))
		{
	        return 1
		}
	}

	if(equal(szBuffer, "#Cstrike_Chat_CT") || equal(szBuffer, "#Cstrike_Chat_T") || equal(szBuffer, "#Cstrike_Chat_CT_Dead") || equal(szBuffer, "#Cstrike_Chat_T_Dead"))
	{
		return 0
	}

	return 1
}

public clcmd_overtime(id)
{
	if(!(get_user_flags(id) & read_flags(g_ePluginSettings[szAdminAccess])))
	{
		client_print_color(id, id, "^4%s %L", g_ePluginSettings[szPrefix], 0, "YOU_DONT_HAVE_ACCESS")
		return 1
	}

#line 2432

	if(!g_eBooleans[bIsMixOn])
	{
		client_print_color(id, id, "^4%s %L", g_ePluginSettings[szPrefix], 0, "MIX_NOT_STARTED_YET")
		return 1
	}

	if(!CanOvertime())
	{
		client_print_color(id, id, "^4%s ^1%L", g_ePluginSettings[szPrefix], 0, "CANT_START_OVERTIME_YET")
		return 1
	}

	if(g_eBooleans[bOvertime])
	{
		client_print_color(id, id, "^4%s ^1%L", g_ePluginSettings[szPrefix], 0, "OVERTIME_ALREADY_STARTED")
		return 1
	}

	static iPlayer, iPlayers[32], iNum
	get_players(iPlayers, iNum, "ch")

	g_eInformations[OVERTIME_STARTER] = id

	for(new i; i < iNum; i++)
	{
		iPlayer = iPlayers[i]

		if(g_eInformations[OVERTIME_STARTER] == iPlayer)
		{
			client_print_color(iPlayer, iPlayer, "^4%s %L", g_ePluginSettings[szPrefix], 0, "OVERTIME_STARTED_BY_YOU")
		}
		else
		{
			client_print_color(iPlayer, iPlayer, "^4%s %L", g_ePluginSettings[szPrefix], 0, "OVERTIME_STARTED_BY_X", g_szName[g_eInformations[OVERTIME_STARTER]])
		}
	}

	OvertimeConfig()

	set_pcvar_num(g_cFreezeTime, 15)
	set_task(0.2, "task_delayed_swap")
	set_task(2.5, "task_show_overtime_start")
	set_task(12.0, "task_halftime_restart1")
	set_task(17.0, "task_halftime_restart2")
	set_task(22.0, "task_overtime_live")

	g_eBooleans[bOvertime] = true

	g_eBooleans[bTeamSwap] = false

	g_eOvertime[FirstOvertime] = true

	return 1
}

public clcmd_passon(id, szMessage[180], IsSay)
{
	if(!(get_user_flags(id) & read_flags(g_ePluginSettings[szAdminAccess])))
	{
		client_print_color(id, id, "^4%s %L", g_ePluginSettings[szPrefix], 0, "YOU_DONT_HAVE_ACCESS")
		return 1
	}

#line 2499

	if(!g_eBooleans[bIsMixOn])
	{
		client_print_color(id, id, "^4%s %L", g_ePluginSettings[szPrefix], 0, "MIX_NOT_STARTED_YET")
		return 1
	}

	if(IsSay)
	{
		read_argv(1, szMessage, (sizeof(szMessage)-1))
		replace_all(szMessage, (sizeof(szMessage)-1), "/pass", "")
	}

	server_cmd("sv_password %s", szMessage)

	static iPlayer, iPlayers[32], iNum
	get_players(iPlayers, iNum, "ch")

	g_eInformations[PASSON_CALLER] = id

	for(new i; i < iNum; i++)
	{
		iPlayer = iPlayers[i]

		if(g_eInformations[PASSON_CALLER] == iPlayer)
		{
			client_print_color(iPlayer, iPlayer, "^4%s %L", g_ePluginSettings[szPrefix], 0, "PASSWORD_SETTED_BY_YOU", szMessage)
		}
		else if((get_user_flags(id) & read_flags(g_ePluginSettings[szAdminAccess])))
		{
			client_print_color(iPlayer, iPlayer, "^4%s %L", g_ePluginSettings[szPrefix], 0, "PASSWORD_SETTED_BY_X_ADMIN", g_szName[g_eInformations[PASSON_CALLER]], szMessage)
		}
		else
		{
			client_print_color(iPlayer, iPlayer, "^4%s %L", g_ePluginSettings[szPrefix], 0, "PASSWORD_SETTED_BY_X", g_szName[g_eInformations[PASSON_CALLER]])
		}
	}

	return 1
}

public clcmd_passoff(id)
{
	if(!(get_user_flags(id) & read_flags(g_ePluginSettings[szAdminAccess])))
	{
		client_print_color(id, id, "^4%s %L", g_ePluginSettings[szPrefix], 0, "YOU_DONT_HAVE_ACCESS")
		return 1
	}

#line 2551

	if(!g_eBooleans[bIsMixOn])
	{
		client_print_color(id, id, "^4%s %L", g_ePluginSettings[szPrefix], 0, "MIX_NOT_STARTED_YET")
		return 1
	}

	server_cmd("sv_password ^"^"")

	static iPlayer, iPlayers[32], iNum
	get_players(iPlayers, iNum, "ch")

	g_eInformations[PASSOFF_CALLER] = id

	for(new i; i < iNum; i++)
	{
		iPlayer = iPlayers[i]

		if(g_eInformations[PASSOFF_CALLER] == iPlayer)
		{
			client_print_color(iPlayer, iPlayer, "^4%s %L", g_ePluginSettings[szPrefix], 0, "PASSWORD_REMOVED_BY_YOU")
		}
		else
		{
			client_print_color(iPlayer, iPlayer, "^4%s %L", g_ePluginSettings[szPrefix], 0, "PASSWORD_REMOVED_BY_X", g_szName[g_eInformations[PASSOFF_CALLER]])
		}
	}

	return 1
}

public task_show_score()
{
	new iPlayer, iPlayers[32], iNum
	get_players(iPlayers, iNum, "ch")

	for(new i; i < iNum; i++)
	{
		iPlayer = iPlayers[i]

		if(!IsHalf() && !IsLastRound() && !g_eBooleans[bOvertime] && !IsPreLastRound())
		{
			if(!g_iStart)
			{
				client_print_color(iPlayer, iPlayer, "^4%s %L", g_ePluginSettings[szPrefix], 0, "MIX_SCORE_IS", 0, "CT_TEAM", g_iScore[CT_SCORE], 0, "TERO_TEAM", g_iScore[TERO_SCORE])
			}
			else
			{
				client_print_color(iPlayer, iPlayer, "^4%s %L", g_ePluginSettings[szPrefix], 0, "MIX_SCORE_IS_WITH_END", 0, "CT_TEAM", g_iScore[CT_SCORE], 0, "TERO_TEAM", g_iScore[TERO_SCORE])
			}
		}

		if(IsHalf() && !g_eBooleans[bOvertime] && !g_eBooleans[bTeamSwap])
		{
			set_pcvar_num(g_cFreezeTime, g_ePluginSettings[iFreezetimeSwap])
			if(!IsPreLastRound())
			{
				client_print_color(iPlayer, iPlayer, "^4%s %L", g_ePluginSettings[szPrefix], 0, "MIX_HALF_SCORE", 0, "CT_TEAM", g_iScore[CT_SCORE], 0, "TERO_TEAM", g_iScore[TERO_SCORE])
			}

#line 2614
		}

		if(IsPreLastRound() && !g_eBooleans[bOvertime])
		{
			new szTemp[16]
			LastRoundUntilWin(szTemp, (sizeof(szTemp)-1))

			client_print_color(iPlayer, iPlayer, "^4%s %L", g_ePluginSettings[szPrefix], 0, "MIX_LAST_ROUND_FOR_X_TEAM", szTemp)
			client_print_color(iPlayer, iPlayer, "^4%s %L", g_ePluginSettings[szPrefix], 0, "MIX_SCORE_IS_WITH_END", 0, "CT_TEAM", g_iScore[CT_SCORE], 0, "TERO_TEAM", g_iScore[TERO_SCORE])
		}

		if(IsLastRound())
		{
			new szTemp[16]
			WinnerTeam(szTemp, (sizeof(szTemp)-1))


			client_print_color(iPlayer, iPlayer, "^4%s %L", g_ePluginSettings[szPrefix], 0, "MIX_WON_BY_X_TEAM", szTemp)
			client_print_color(iPlayer, iPlayer, "^4%s %L", g_ePluginSettings[szPrefix], -1, "MIX_END_SCORE", 0, "CT_TEAM", g_iScore[CT_SCORE], 0, "TERO_TEAM", g_iScore[TERO_SCORE])


		}

		if(g_eOvertime[FirstOvertime] && !IsHalf() && !OvertimeFinished())
		{
#line 2640
			if(!g_eOvertime[SecondOvertime] && !g_eBooleans[bTeamSwap])
			{
				client_print_color(iPlayer, iPlayer, "^4%s %L", g_ePluginSettings[szPrefix], 0, "FIRST_OVERTIME_SCORE_IS", 0, "CT_TEAM", g_iOvertimeScore[CT_OVER_SCORE], 0, "TERO_TEAM", g_iOvertimeScore[TERO_OVER_SCORE])
			}

			if(g_eOvertime[SecondOvertime] && g_eBooleans[bTeamSwap])
			{
				client_print_color(iPlayer, iPlayer, "^4%s %L", g_ePluginSettings[szPrefix], 0, "SECOND_OVERTIME_SCORE_IS", 0, "CT_TEAM", g_iOvertimeScore[CT_OVER_SCORE], 0, "TERO_TEAM", g_iOvertimeScore[TERO_OVER_SCORE])
			}
#line 2655
		}

		if(OvertimeFinished())
		{
			new szTemp[16]
			WinnerTeam(szTemp, (sizeof(szTemp)-1))


			client_print_color(iPlayer, iPlayer, "^4%s %L", g_ePluginSettings[szPrefix], 0, "MIX_WON_BY_X_TEAM_IN_OVERTIME", szTemp)
			client_print_color(iPlayer, iPlayer, "^4%s %L", g_ePluginSettings[szPrefix], -1, "MIX_OVERTIME_END_SCORE", 0, "CT_TEAM", g_iOvertimeScore[CT_OVER_SCORE], 0, "TERO_TEAM", g_iOvertimeScore[TERO_OVER_SCORE])


		}

		g_iPlayerKills[iPlayer] = 0
	}

	ExecuteForward(g_eForwards[NewRound], g_iRet, g_iScore[CT_SCORE], g_iScore[TERO_SCORE], g_iDuration)

	if(IsLastRound() || OvertimeFinished())
	{
		set_task(5.0, "task_start_warm")

		HLTV_StopRecording()
	}

	g_eBooleans[bIsStoppingMix] = false
	g_eInformations[ACE] = -1
	g_eInformations[SEMI_ACE] = -1

	g_iStart = 1
}

public task_show_dhud()
{
	if(g_iTimer > 0)
	{
		static szMsg[64]
		formatex(szMsg, (sizeof(szMsg)-1), "%s %L [%d]", g_ePluginSettings[szPrefix], 0, "MIX_TIMEOUTED", g_iTimer)
		set_dhudmessage(255, 255, 255, -1.0, 0.2, 0, 0.0, 1.00)
		show_dhudmessage(0, szMsg)

		g_iTimer--

		if(g_bPaused)
		{
			set_task(1.0, "task_show_dhud")
		}
	}
}

public task_delayed_swap()
{
	new iPlayer, iPlayers[32], iNum
	get_players(iPlayers, iNum, "ch")

	for(new i; i < iNum; i++)
	{
		iPlayer = iPlayers[i]
		g_ePlayerScore[iPlayer][iKILLS] = get_user_frags(iPlayer)
		g_ePlayerScore[iPlayer][iDEATHS] = get_user_deaths(iPlayer)
	}

	rg_swap_all_players()

	for(new i; i < iNum; i++)
	{
		iPlayer = iPlayers[i]

		new TeamName:iTeam = get_member_s(iPlayer, m_iTeam)

		if(iTeam == TEAM_UNASSIGNED || iTeam == TEAM_SPECTATOR)
			continue 
		SetMembers()
		set_member_game(m_bCTCantBuy, true)
		set_member_game(m_bTCantBuy, true)
		rg_add_account(iPlayer, get_cvar_num("mp_startmoney"), AS_SET)
		rg_remove_all_items(iPlayer, true)

		set_task(1.4, "task_give_equipment", iPlayer + TASK_GIVE_EQUIPMENT)
	}

	rg_round_end(1.0, WINSTATUS_NONE, ROUND_GAME_OVER)

	set_task(1.2, "task_delayed_members")
}

public SetMembers()
{

	set_member_game(m_iAccountTerrorist, 0)
	set_member_game(m_iAccountCT, 0)
	set_member_game(m_iNumTerroristWins, 0)
	set_member_game(m_iNumCTWins, 0)
	set_member_game(m_iNumConsecutiveTerroristLoses, 0)
	set_member_game(m_iNumConsecutiveCTLoses, 0)
	set_member_game(m_iLoserBonus, rg_get_account_rules(RR_LOSER_BONUS_DEFAULT))
}

public task_delayed_members()
{
	set_member_game(m_bCTCantBuy, false)
	set_member_game(m_bTCantBuy, false)
	g_iGaveC4 = false

	new iCT, iT
	if(g_eBooleans[bOvertime])
	{
		iCT = g_iOvertimeScore[CT_OVER_SCORE]
		iT = g_iOvertimeScore[TERO_OVER_SCORE]
	}
	else
	{
		iCT = g_iScore[CT_SCORE]
		iT = g_iScore[TERO_SCORE]
	}


	set_member_game(m_iNumCTWins, iCT)
	set_member_game(m_iNumTerroristWins, iT)
	rg_update_teamscores(iCT, iT, false)

	new iPlayer, iPlayers[32], iNum
	get_players(iPlayers, iNum, "ch")

	for(new i; i < iNum; i++)
	{
		iPlayer = iPlayers[i]
		set_user_frags(iPlayer, g_ePlayerScore[iPlayer][iKILLS])
		cs_set_user_deaths(iPlayer, g_ePlayerScore[iPlayer][iDEATHS])

		message_begin(2, get_user_msgid("ScoreInfo"))
		write_byte(iPlayer)
		write_short(g_ePlayerScore[iPlayer][iKILLS])
		write_short(g_ePlayerScore[iPlayer][iDEATHS])
		write_short(0)
		write_short(get_member_s(iPlayer, m_iTeam))
		message_end()
	}
}

public task_halftime_restart1()
{
	server_cmd("sv_restart 1")
	set_task(1.5, "task_delayed_members")
	client_print_color(0, print_team_default, "^4%s ^1Restart ^4[1/3]", g_ePluginSettings[szPrefix])
}

public task_halftime_restart2()
{
	server_cmd("sv_restart 1")
	set_task(1.5, "task_delayed_members")
	client_print_color(0, print_team_default, "^4%s ^1Restart ^4[2/3]", g_ePluginSettings[szPrefix])
}

public task_halftime_live()
{
	server_cmd("sv_restart 1")
	set_task(1.5, "task_delayed_members")
	set_task(1.5, "task_show_live")
}

public task_mix_restart1()
{
	server_cmd("sv_restart 1")
	client_print_color(0, print_team_default, "^4%s ^1Restart ^4[1/3]", g_ePluginSettings[szPrefix])
}

public task_mix_restart2()
{
	server_cmd("sv_restart 1")
	client_print_color(0, print_team_default, "^4%s ^1Restart ^4[2/3]", g_ePluginSettings[szPrefix])
}

public task_mix_live()
{
	server_cmd("sv_restart 1")
	set_task(2.5, "task_show_live")
}

public task_give_equipment(iPlayer)
{
	iPlayer -= TASK_GIVE_EQUIPMENT

	if(!is_user_alive(iPlayer))
		return

	new szDefaultWeap[48]

	new TeamName:iTeam = get_member_s(iPlayer, m_iTeam)

	if(iTeam == TEAM_UNASSIGNED || iTeam == TEAM_SPECTATOR)
		return 

	rg_remove_all_items(iPlayer, false)
	rg_set_user_armor(iPlayer, 100, ARMOR_KEVLAR)
	rg_give_item(iPlayer, "weapon_knife")

	switch(iTeam)
	{
		case TEAM_TERRORIST:
		{
			get_cvar_string("mp_t_default_weapons_secondary", szDefaultWeap, (sizeof(szDefaultWeap)-1))

			if(get_member_game(m_bMapHasBombZone) && !g_iGaveC4)
			{
				rg_give_item(iPlayer, "weapon_c4", GT_REPLACE)
				g_iGaveC4 = true
			}
		}
		case TEAM_CT:
		{
			get_cvar_string("mp_ct_default_weapons_secondary", szDefaultWeap, (sizeof(szDefaultWeap)-1))
		}
	}

	format(szDefaultWeap, (sizeof(szDefaultWeap)-1), "weapon_%s", szDefaultWeap)
	rg_give_item(iPlayer, szDefaultWeap)
	new WeaponIdType:wid = rg_get_weapon_info(szDefaultWeap, WI_ID)

	if(!wid)
		return

	rg_set_user_bpammo(iPlayer, wid, rg_get_global_iteminfo(wid, ItemInfo_iMaxClip) * 2)
}

public task_swap_score()
{
	g_eBooleans[bTeamSwap] = true

#line 2888

	new temp[6]
	if(g_eBooleans[bOvertime])
	{
			temp[2] = g_iOvertimeScore[CT_OVER_SCORE]
			temp[3] = g_iOvertimeScore[TERO_OVER_SCORE]
			g_iOvertimeScore[TERO_OVER_SCORE] = temp[2]
			g_iOvertimeScore[CT_OVER_SCORE] = temp[3]

#line 2900
	}
	else
	{
		temp[0] = g_iScore[CT_SCORE]
		temp[1] = g_iScore[TERO_SCORE]
		g_iScore[TERO_SCORE] = temp[0]
		g_iScore[CT_SCORE] = temp[1]

#line 2913
	}

	temp[4] = g_eTeamPause[CT_PAUSE]
	temp[5] = g_eTeamPause[TERO_PAUSE]
	g_eTeamPause[TERO_PAUSE] = temp[4]
	g_eTeamPause[CT_PAUSE] = temp[5]

	set_pcvar_num(g_cFreezeTime, g_iFreezeTime)

	for(new i; i < ArraySize(g_aPlayerData); i++)
	{
		ArrayDeleteItem(g_aPlayerData, i)
	}
}

public clcmd_specall(id)
{
	if(!(get_user_flags(id) & read_flags(g_ePluginSettings[szAdminAccess])))
	{
		client_print_color(id, id, "^4%s %L", g_ePluginSettings[szPrefix], 0, "YOU_DONT_HAVE_ACCESS")
		return 1
	}

	if(g_eBooleans[bIsMixOn])
	{
		client_print_color(id, id, "^4%s %L", g_ePluginSettings[szPrefix], 0, "MIX_NEED_STOPPED")
		return 1
	}

	static iPlayer, iPlayers[32], iNum
	get_players(iPlayers, iNum, "ch")

	g_eInformations[SPECALL_CALLER] = id

	for(new i; i < iNum; i++)
	{
		iPlayer = iPlayers[i]

		if(g_eInformations[SPECALL_CALLER] == iPlayer)
		{
			client_print_color(iPlayer, iPlayer, "^4%s %L", g_ePluginSettings[szPrefix], 0, "PLAYERS_MOVED_SPEC_BY_YOU")
		}
		else
		{
			client_print_color(iPlayer, iPlayer, "^4%s %L", g_ePluginSettings[szPrefix], 0, "PLAYERS_MOVED_SPEC_BY_X", g_szName[g_eInformations[SPECALL_CALLER]])
		}

		rg_join_team(iPlayer, TEAM_SPECTATOR)
		rg_round_end(1.0, WINSTATUS_DRAW, ROUND_END_DRAW, "ROUND DRAW", "ROUND DRAW", true)
	}

	return 1
}

public task_specall(id)
{
	id -= TASK_SPECALL

	if(!is_user_connected(id))
	{
		return
	}

	rg_join_team(id, TEAM_SPECTATOR)
}

public clcmd_restart(id)
{
	if(!(get_user_flags(id) & read_flags(g_ePluginSettings[szAdminAccess])))
	{
		client_print_color(id, id, "^4%s %L", g_ePluginSettings[szPrefix], 0, "YOU_DONT_HAVE_ACCESS")
		return 1
	}

	if(g_eBooleans[bIsKnife])
	{
		g_iKnifes = 0

#line 2992
		g_bVoted = false
		remove_task(TASK_CHECKVOTES)
		arrayset(g_iAnswer, 0, sizeof(g_iAnswer))
#line 2996
	}

	new iPlayer, iPlayers[32], iNum
	get_players(iPlayers, iNum, "ch")
	for(new i; i < iNum; i++)
	{
		iPlayer = iPlayers[i]
		g_ePlayerScore[iPlayer][iKILLS] = get_user_frags(iPlayer)
		g_ePlayerScore[iPlayer][iDEATHS] = get_user_deaths(iPlayer)
	}

	server_cmd("sv_restart 1")
	set_task(1.5, "task_delayed_members")
	client_print_color(0, print_team_default, "^4%s %L", g_ePluginSettings[szPrefix], 0, "MIX_HAS_BEEN_RESTARTED")

	return 1
}

public task_set_score()
{
	rg_update_teamscores(g_iScore[CT_SCORE], g_iScore[TERO_SCORE], false)
}

public clcmd_score(id)
{
	if(!g_eBooleans[bIsMixOn])
	{
		client_print_color(id, id, "^4%s %L", g_ePluginSettings[szPrefix], 0, "MIX_NOT_STARTED_YET")
		return 1
	}

	if(!IsHalf() && !IsLastRound() && !g_eBooleans[bOvertime] && !IsPreLastRound())
	{
		if(!g_iStart)
		{
			client_print_color(id, id, "^4%s %L", g_ePluginSettings[szPrefix], 0, "MIX_SCORE_IS", 0, "CT_TEAM", g_iScore[CT_SCORE], 0, "TERO_TEAM", g_iScore[TERO_SCORE])
		}
		else
		{
			client_print_color(id, id, "^4%s %L", g_ePluginSettings[szPrefix], 0, "MIX_SCORE_IS_WITH_END", 0, "CT_TEAM", g_iScore[CT_SCORE], 0, "TERO_TEAM", g_iScore[TERO_SCORE])
		}
	}

	if(g_eOvertime[FirstOvertime] && !IsHalf() && !OvertimeFinished())
	{
		if(!g_eOvertime[SecondOvertime] && !g_eBooleans[bTeamSwap])
		{
			client_print_color(id, id, "^4%s %L", g_ePluginSettings[szPrefix], 0, "FIRST_OVERTIME_SCORE_IS", 0, "CT_TEAM", g_iOvertimeScore[CT_OVER_SCORE], 0, "TERO_TEAM", g_iOvertimeScore[TERO_OVER_SCORE])
		}
	}

	if(IsPreLastRound() && !g_eBooleans[bOvertime])
	{
		new szTemp[16]
		LastRoundUntilWin(szTemp, (sizeof(szTemp)-1))

		client_print_color(id, id, "^4%s %L", g_ePluginSettings[szPrefix], 0, "MIX_LAST_ROUND_FOR_X_TEAM", szTemp)
		client_print_color(id, id, "^4%s %L", g_ePluginSettings[szPrefix], 0, "MIX_SCORE_IS_WITH_END", 0, "CT_TEAM", g_iScore[CT_SCORE], 0, "TERO_TEAM", g_iScore[TERO_SCORE])
	}

	return 0
}

public clcmd_ct(id)
{
	new arg1[32]
	read_argv(1, arg1, (sizeof(arg1)-1))

	clcmd_move_ct(id, arg1, (sizeof(arg1)-1))

	return 1
}

stock clcmd_move_ct(id, szMessage[], iLen, IsSay = -1)
{
	if(!(get_user_flags(id) & read_flags(g_ePluginSettings[szAdminAccess])))
	{
		client_print_color(id, id, "^4%s %L", g_ePluginSettings[szPrefix], 0, "YOU_DONT_HAVE_ACCESS")
		return 1
	}

	new target

	if(IsSay)
	{
		replace_all(szMessage, iLen, "/ct ", "")
		replace_all(szMessage, iLen, "^"", "")
	}

	target = cmd_target(id, szMessage, (1<<1))

	if(!target)
	{
		client_print_color(id, id, "^4%s %L", g_ePluginSettings[szPrefix], 0, "PLAYER_NOT_FOUND")
		return 1
	}

	static iPlayer, iPlayers[32], iNum, szTeam[22]
	get_players(iPlayers, iNum, "ch")

	GetTeam(CT, szTeam, (sizeof(szTeam)-1))

	for(new i; i < iNum; i++)
	{
		iPlayer = iPlayers[i]

		if(id == iPlayer)
		{
			client_print_color(iPlayer, iPlayer, "^4%s %L", g_ePluginSettings[szPrefix], 0, "PLAYER_X_MOVED_X_BY_YOU", g_szName[target], szTeam)
		}
		else if(target == iPlayer)
		{
			client_print_color(iPlayer, iPlayer, "^4%s %L", g_ePluginSettings[szPrefix], 0, "YOU_WERE_MOVED_X_BY_X", szTeam, g_szName[id])
		}
		else
		{
			client_print_color(iPlayer, iPlayer, "^4%s %L", g_ePluginSettings[szPrefix], 0, "PLAYER_X_MOVED_X_BY_X", g_szName[target], szTeam, g_szName[id])
		}
	}

	rg_join_team(target, TEAM_CT)

	return 1
}

public clcmd_t(id)
{
	new arg1[32]
	read_argv(1, arg1, (sizeof(arg1)-1))

	clcmd_move_t(id, arg1, (sizeof(arg1)-1))

	return 1
}

stock clcmd_move_t(id, szMessage[], iLen, IsSay = -1)
{
	if(!(get_user_flags(id) & read_flags(g_ePluginSettings[szAdminAccess])))
	{
		client_print_color(id, id, "^4%s %L", g_ePluginSettings[szPrefix], 0, "YOU_DONT_HAVE_ACCESS")
		return 1
	}

	new target

	if(IsSay)
	{
		replace_all(szMessage, iLen, "/t ", "")
		replace_all(szMessage, iLen, "^"", "")
	}

	target = cmd_target(id, szMessage, (1<<1))

	if(!target)
	{
		client_print_color(id, id, "^4%s %L", g_ePluginSettings[szPrefix], 0, "PLAYER_NOT_FOUND")
		return 1
	}

	static iPlayer, iPlayers[32], iNum, szTeam[22]
	get_players(iPlayers, iNum, "ch")

	GetTeam(TERO, szTeam, (sizeof(szTeam)-1))

	for(new i; i < iNum; i++)
	{
		iPlayer = iPlayers[i]

		if(id == iPlayer)
		{
			client_print_color(iPlayer, iPlayer, "^4%s %L", g_ePluginSettings[szPrefix], 0, "PLAYER_X_MOVED_X_BY_YOU", g_szName[target], szTeam)
		}
		else if(target == iPlayer)
		{
			client_print_color(iPlayer, iPlayer, "^4%s %L", g_ePluginSettings[szPrefix], 0, "YOU_WERE_MOVED_X_BY_X", szTeam, g_szName[id])
		}
		else
		{
			client_print_color(iPlayer, iPlayer, "^4%s %L", g_ePluginSettings[szPrefix], 0, "PLAYER_X_MOVED_X_BY_X", g_szName[target], szTeam, g_szName[id])
		}
	}

	rg_join_team(target, TEAM_TERRORIST)

	return 1
}

public clcmd_spec(id)
{
	new arg1[32]
	read_argv(1, arg1, (sizeof(arg1)-1))

	clcmd_move_spec(id, arg1, (sizeof(arg1)-1))

	return 1
}

stock clcmd_move_spec(id, szMessage[], iLen, IsSay = -1)
{
	if(!(get_user_flags(id) & read_flags(g_ePluginSettings[szAdminAccess])))
	{
		client_print_color(id, id, "^4%s %L", g_ePluginSettings[szPrefix], 0, "YOU_DONT_HAVE_ACCESS")
		return 1
	}

	new target

	if(IsSay)
	{
		replace_all(szMessage, iLen, "/spec ", "")
		replace_all(szMessage, iLen, "^"", "")
	}

	target = cmd_target(id, szMessage, (1<<1))

	if(!target)
	{
		client_print_color(id, id, "^4%s %L", g_ePluginSettings[szPrefix], 0, "PLAYER_NOT_FOUND")
		return 1
	}

	static iPlayer, iPlayers[32], iNum, szTeam[22]
	get_players(iPlayers, iNum, "ch")

	GetTeam(SPEC, szTeam, (sizeof(szTeam)-1))

	for(new i; i < iNum; i++)
	{
		iPlayer = iPlayers[i]

		if(id == iPlayer)
		{
			client_print_color(iPlayer, iPlayer, "^4%s %L", g_ePluginSettings[szPrefix], 0, "PLAYER_X_MOVED_X_BY_YOU", g_szName[target], szTeam)
		}
		else if(target == iPlayer)
		{
			client_print_color(iPlayer, iPlayer, "^4%s %L", g_ePluginSettings[szPrefix], 0, "YOU_WERE_MOVED_X_BY_X", szTeam, g_szName[id])
		}
		else
		{
			client_print_color(iPlayer, iPlayer, "^4%s %L", g_ePluginSettings[szPrefix], 0, "PLAYER_X_MOVED_X_BY_X", g_szName[target], szTeam, g_szName[id])
		}
	}

	rg_join_team(target, TEAM_SPECTATOR)


	return 1
}

public clcmd_start_demo(id)
{
	if(!(get_user_flags(id) & read_flags(g_ePluginSettings[szAdminAccess])))
	{
		client_print_color(id, id, "^4%s %L", g_ePluginSettings[szPrefix], 0, "YOU_DONT_HAVE_ACCESS")
		return 1
	}

#line 3257

	if(!g_eBooleans[bIsMixOn])
	{
		client_print_color(id, id, "^4%s %L", g_ePluginSettings[szPrefix], 0, "MIX_NOT_STARTED_YET")
		return 1
	}

	new arg1[32], arg2[32], target
	read_argv(1, arg1, (sizeof(arg1)-1))

	if(g_eDemoSettings[iDemoType] == DEMO_CIN_NAME)
	{
		read_argv(2, arg2, (sizeof(arg2)-1))
	}

#line 3275
	target = cmd_target(id, arg1)
#line 3277

	if(!target)
	{
		client_print_color(id, id, "^4%s %L", g_ePluginSettings[szPrefix], 0, "PLAYER_NOT_FOUND")
		return 1
	}

	new len = strlen(arg2)
	if(g_eDemoSettings[iDemoType] == DEMO_CIN_NAME)
	{
		if(len < 2)
		{
			client_print_color(id, id, "^4%s %L", g_ePluginSettings[szPrefix], 0, "DEMO_NAME_REQUIRED")
			return 1
		}
	}

	static iPlayer, iPlayers[32], iNum
	get_players(iPlayers, iNum, "ch")

	for(new i; i < iNum; i++)
	{
		iPlayer = iPlayers[i]

		if(get_user_flags(iPlayer) & read_flags(g_ePluginSettings[szAdminFlags]))
		{
			if(iPlayer == id)
			{
				client_print_color(iPlayer, iPlayer, "^4%s %L", g_ePluginSettings[szPrefix], 0, "DEMO_STARTED_BY_YOU_FOR_X", g_szName[target])
			}
			else
			{
				client_print_color(iPlayer, iPlayer, "^4%s %L", g_ePluginSettings[szPrefix], 0, "DEMO_STARTED_BY_X_FOR_X", g_szName[id], g_szName[target])
			}
		}
	}

	switch(g_eDemoSettings[iDemoType])
	{
		case DEMO_MAPNAME:
		{
			new szMapName[32]
			get_mapname(szMapName, (sizeof(szMapName)-1))

			client_cmd(target, "record ^"%s^"", szMapName)
		}
		case DEMO_CUSTOM_NAME:
		{
			client_cmd(target, "record ^"%s^"", g_eDemoSettings[szDemoName])
		}
		case DEMO_CIN_NAME:
		{
			client_cmd(target, "record ^"%s^"", arg2)
		}
	}

	return 1
}

public clcmd_stop_demo(id)
{
	if(!(get_user_flags(id) & read_flags(g_ePluginSettings[szAdminAccess])))
	{
		client_print_color(id, id, "^4%s %L", g_ePluginSettings[szPrefix], 0, "YOU_DONT_HAVE_ACCESS")
		return 1
	}

#line 3347

	if(!g_eBooleans[bIsMixOn])
	{
		client_print_color(id, id, "^4%s %L", g_ePluginSettings[szPrefix], 0, "MIX_NOT_STARTED_YET")
		return 1
	}

	new arg1[32], target
	read_argv(1, arg1, (sizeof(arg1)-1))

#line 3360
	target = cmd_target(id, arg1)
#line 3362

	if(!target)
	{
		client_print_color(id, id, "^4%s %L", g_ePluginSettings[szPrefix], 0, "PLAYER_NOT_FOUND")
		return 1
	}

	static iPlayer, iPlayers[32], iNum
	get_players(iPlayers, iNum, "ch")

	for(new i; i < iNum; i++)
	{
		iPlayer = iPlayers[i]

		if(get_user_flags(iPlayer) & read_flags(g_ePluginSettings[szAdminFlags]))
		{
			if(iPlayer == id)
			{
				client_print_color(iPlayer, iPlayer, "^4%s %L", g_ePluginSettings[szPrefix], 0, "DEMO_STOPPED_BY_YOU_FOR_X", g_szName[target])
			}
			else
			{
				client_print_color(iPlayer, iPlayer, "^4%s %L", g_ePluginSettings[szPrefix], 0, "DEMO_STOPPED_BY_X_FOR_X", g_szName[id], g_szName[target])
			}
		}
	}

	client_cmd(target, "stop")

	return 1
}


public clcmd_say_pause(id)
{
	if(!g_eBooleans[bIsMixOn])
	{
		client_print_color(id, id, "^4%s %L", g_ePluginSettings[szPrefix], 0, "MIX_NOT_STARTED_YET")
		return 1
	}

	new CsTeams:iTeam = cs_get_user_team(id)

	switch(iTeam)
	{
		case CS_TEAM_T:
		{
			if(!g_eTeamPause[TERO_PAUSE])
			{
				g_eTeamPause[TERO_PAUSE] = 1
				client_print_color(0, 0, "^4%s %L", g_ePluginSettings[szPrefix], 0, "PLAYER_X_REQUESTED_TIMEOUT", g_szName[id])
			}
			else
			{
				client_print_color(id, id, "^4%s %L", g_ePluginSettings[szPrefix], 0, "YOUR_TEAM_ALREADY_TIMEOUT")
			}
		}
		case CS_TEAM_CT:
		{
			if(!g_eTeamPause[CT_PAUSE])
			{
				g_eTeamPause[CT_PAUSE] = 1
				client_print_color(0, 0, "^4%s %L", g_ePluginSettings[szPrefix], 0, "PLAYER_X_REQUESTED_TIMEOUT", g_szName[id])
			}
			else
			{
				client_print_color(id, id, "^4%s %L", g_ePluginSettings[szPrefix], 0, "YOUR_TEAM_ALREADY_TIMEOUT")
			}
		}
	}

	return 0
}


ResetScore()
{
	g_iScore[TERO_SCORE] = 0
	g_iScore[CT_SCORE] = 0
	g_iOvertimeScore[CT_OVER_SCORE] = 0
	g_iOvertimeScore[TERO_OVER_SCORE] = 0
	g_eTeamPause[CT_PAUSE] = 0
	g_eTeamPause[TERO_PAUSE] = 0
	g_iRoundNum = 0
	for(new i; i < 32; i++ )
	{
		g_eBooleans[bCanChat][i] = true
	}
	g_eBooleans[bIsMixOn] = false

	HLTV_StopRecording()
	Client_StopRecordingAll()
	g_eBooleans[bOvertime] = false  
	g_eBooleans[bTeamSwap] = false
	g_eBooleans[bIsWarm] = false
	g_eOvertime[FirstOvertime] = false
	g_eOvertime[SecondOvertime] = false
	g_eBooleans[bIsKnife] = false

#line 3462
	g_bVoted = false
	arrayset(g_iAnswer, 0, sizeof(g_iAnswer))
#line 3465
	server_cmd("sv_restart 1")
}

stock StartConfig()
{
	GetConfigsDir()

	server_cmd("exec %s/%s", g_szConfigsDir, g_ePluginSettings[szStartCfg])
}

stock StopConfig()
{
	GetConfigsDir()

	server_cmd("exec %s/%s", g_szConfigsDir, g_ePluginSettings[szStopCfg])
}

stock OvertimeConfig()
{
	GetConfigsDir()

	server_cmd("exec %s/%s", g_szConfigsDir, g_ePluginSettings[szOvertimeCfg])
}

stock GetConfigsDir()
{
	if(g_szConfigsDir[0] == EOS)
	{
		get_configsdir(g_szConfigsDir, (sizeof(g_szConfigsDir)-1))
	}
}

stock bool:is_bot(id)
{
	if(is_user_bot(id) || is_user_hltv(id))
	{
		return true
	}
	return false
}

public task_stop_mix()
{
	g_iDuration = 0

	remove_task(TASK_COUNT_DURATION)

	ResetScore()
}

stock bool:IsHalf()
{
	if(!g_eBooleans[bTeamSwap] && g_iRoundNum == 15 && !g_eBooleans[bOvertime])
	{
		return true
	}
	return false
}

stock bool:IsLastRound()
{
	if(g_eBooleans[bTeamSwap] && g_iScore[CT_SCORE] == g_ePluginSettings[iMixEndRound] && !g_eBooleans[bOvertime] || g_eBooleans[bTeamSwap] && g_iScore[TERO_SCORE] == g_ePluginSettings[iMixEndRound] && !g_eBooleans[bOvertime])
	{
		return true
	}
	return false
}

stock bool:IsPreLastRound()
{
	if(g_eBooleans[bTeamSwap] && g_iScore[CT_SCORE] == g_ePluginSettings[iOvertimeScore] && !g_eBooleans[bOvertime] || g_eBooleans[bTeamSwap] && g_iScore[TERO_SCORE] == g_ePluginSettings[iOvertimeScore] && !g_eBooleans[bOvertime])
	{
		return true
	}
	return false
}

stock bool:CanOvertime()
{
	if(IsPreLastRound() && g_iScore[CT_SCORE] == g_iScore[TERO_SCORE])
	{
		return true
	}
	return false
}

stock bool:OvertimeFinished()
{
#line 3554
	if(g_eBooleans[bOvertime] && g_eOvertime[SecondOvertime])
	{
		if(CheckOverScore() == g_ePluginSettings[iRoundOvertime] * 2)
		{
			return true
		}
		return false
	}
#line 3572
	return false
}

stock CheckOvertimePhase()
{
	if((CheckOverScore() == g_ePluginSettings[iRoundOvertime]) && g_eOvertime[FirstOvertime])
	{
		if(g_eBooleans[bOvertime] && !OvertimeFinished() && !g_eBooleans[bTeamSwap] && !g_eOvertime[SecondOvertime])
		{
			g_eOvertime[FirstOvertime] = true
			g_eOvertime[SecondOvertime] = true

			set_pcvar_num(g_cFreezeTime, 15)
			set_task(0.1, "task_swap_score")
			set_task(0.2, "task_delayed_swap")
			set_task(2.5, "task_show_halftime")
			set_task(12.0, "task_halftime_restart1")
			set_task(17.0, "task_halftime_restart2")
			set_task(22.0, "task_overtime_halftime_live")
		}
	}

#line 3597
}

stock CheckOverScore()
{
	new iResult
	iResult = g_iOvertimeScore[CT_OVER_SCORE] + g_iOvertimeScore[TERO_OVER_SCORE]

	return iResult
}

stock LastRoundUntilWin(output[], len)
{
	if(IsPreLastRound())
	{
		switch(CheckScore())
		{
			case CT_LAST:
			{
				formatex(output, len, "CTs")
			}
			case T_LAST:
			{
				formatex(output, len, "TERORISTs")
			}
		}
	}
}

stock CheckWinner()
{
	new iResult

	if(!g_eBooleans[bOvertime])
	{
		if(g_iScore[CT_SCORE] == g_ePluginSettings[iMixEndRound])
		{
			iResult = CT_SCORE

#line 3638
		}
		else if(g_iScore[TERO_SCORE] == g_ePluginSettings[iMixEndRound])
		{
			iResult = TERO_SCORE

#line 3646
		}
	}
	else 
	{
		if(CheckOverScore() == (g_ePluginSettings[iRoundOvertime] * 2))
		{
			if(g_iOvertimeScore[CT_OVER_SCORE] > g_iOvertimeScore[TERO_OVER_SCORE])
			{
				iResult = CT_OVER_SCORE

#line 3659
			}
			else if(g_iOvertimeScore[TERO_OVER_SCORE] > g_iOvertimeScore[CT_OVER_SCORE])
			{
				iResult = TERO_OVER_SCORE

#line 3667
			}
			else if(g_iOvertimeScore[TERO_OVER_SCORE] == g_iOvertimeScore[CT_OVER_SCORE])
			{
				iResult = DRAW

#line 3675
			}
		}
	}

#line 3682

	return iResult
}

stock WinnerTeam(output[], len)
{
	if(IsLastRound() || OvertimeFinished())
	{
		switch(CheckWinner())
		{
			case CT_SCORE, CT_OVER_SCORE:
			{
				formatex(output, len, "%L", 0, "CT_TEAM")
			}
			case TERO_SCORE, TERO_OVER_SCORE:
			{
				formatex(output, len, "%L", 0, "TERO_TEAM")
			}
			case DRAW:
			{
				formatex(output, len, "%L", 0, "DRAW")
			}
		}
	}
}

stock GiveTeamReward(iPlayer, iPoints)
{
	if(IsLastRound() || OvertimeFinished())
	{
		client_print_color(iPlayer, iPlayer, "^4%s ^1%L", g_ePluginSettings[szPrefix], 0, "MIX_YOUR_TEAM_WON", g_ePointSystem[PointsTeamWin])

		g_iPoints[iPlayer] += iPoints
	}
}

stock CheckScore()
{
	new iResult
	if(!g_eBooleans[bOvertime])
	{
		if(g_iScore[CT_SCORE] == (g_ePluginSettings[iMixEndRound] - 1 ))
		{
			iResult = CT_LAST
		}

		if(g_iScore[TERO_SCORE] == (g_ePluginSettings[iMixEndRound] - 1))
		{
			iResult = T_LAST
		}
	}

	return iResult
}

stock GetTeam(iNum, output[], len)
{
	switch(iNum)
	{
		case SPEC:
		{
			formatex(output, len, "%L", 0, "SPEC_TEAM")
		}
		case TERO:
		{
			formatex(output, len, "%L", 0, "TERO_TEAM")
		}
		case CT:
		{
			formatex(output, len, "%L", 0, "CT_TEAM")
		}
	}
}

stock _MenuExit(menu)
{
	menu_destroy(menu)
	return 1
}

stock _MenuDisplay(id, menu)
{
	menu_display(id, menu)
	set_member_s(id, m_iMenu, Menu_OFF)
	return 1
}

stock mysql_escape_string(const source[], dest[], length)
{
	SQL_QuoteString(Empty_Handle, dest, length, source)
}

stock SetGameDesc(MatchState:matchState)
{
	new szTemp[30]
	switch(matchState)
	{
		case MATCHSTATE_WARM:
		{
			formatex(szTemp, (sizeof(szTemp)-1), "%L", 0, "MATCHSTATE_WARM")
		}
		case MATCHSTATE_IN_MATCH:
		{
			formatex(szTemp, (sizeof(szTemp)-1), "%L", 0, "MATCHSTATE_IN_MATCH", g_iScore[CT_SCORE], g_iScore[TERO_SCORE])
		}
		case MATCHSTATE_KNIFE_ROUND:
		{
			formatex(szTemp, (sizeof(szTemp)-1), "%L", 0, "MATCHSTATE_KNIFE_ROUND")
		}
		case MATCHSTATE_OVERTIME:
		{
			formatex(szTemp, (sizeof(szTemp)-1), "%L", 0, "MATCHSTATE_OVERTIME", g_iOvertimeScore[CT_OVER_SCORE], g_iOvertimeScore[TERO_OVER_SCORE])
		}
	}

	set_member_game(m_GameDesc, szTemp)
}

public native_is_half(iPluginID, iParamNum)
{
	return IsHalf()
}

public native_is_last_round(iPluginID, iParamNum)
{
	return IsLastRound()
}

public native_is_prelast_round(iPluginID, iParamNum)
{
	return IsPreLastRound()
}

public native_can_overtime(iPluginID, iParamNum)
{
	return CanOvertime()
}

public native_is_started(iPluginID, iParamNum)
{
	return g_eBooleans[bIsMixOn]
}

public native_is_warm(iPluginID, iParamNum)
{
	return g_eBooleans[bIsWarm]
}	

public native_get_prefix(iPluginID, iParamNum)
{
	set_string(1, g_ePluginSettings[szPrefix], get_param(2))
}

public native_get_username(iPluginID, iParamNum)
{
	if (iParamNum != 3)
	{
		log_error(10, "%s Invalid param num ! Valid: (PlayerID, Name[], Len)", g_ePluginSettings[szPrefix])
		return -1
	}
	new id = get_param(1)

	if(!is_user_connected(id))
	{
		log_error(10, "%s Player is not connected (%d)", g_ePluginSettings[szPrefix], id)
		return -1
	}

	set_string(2, g_szName[id], get_param(3))

	return 1
}


public native_has_points_sys(iPluginID, iParamNum)
{
	return false
}

public task_start_warm()
{
	clcmd_warm(0)
}

public task_show_live()
{
	fnScreenFade(0, 5, 5, {0, 255, 0}, 75, 0x0000)
	set_dhudmessage(0, 255, 0, -1.0, 0.3, 2, 0.1, 5.0, 0.1, 5.0)
	show_dhudmessage(0, "=== LIVE LIVE LIVE ===")
}

public task_show_halftime()
{
	fnScreenFade(0, 5, 5, {0, 150, 255}, 75, 0x0000)
	set_dhudmessage(0, 150, 255, -1.0, 0.3, 2, 0.1, 5.0, 0.1, 5.0)
	show_dhudmessage(0, "=== HALF TIME ===")
}

public task_reapply_warm()
{
	server_cmd("mp_freezetime 0")
	server_cmd("mp_buytime 99999")
	server_cmd("mp_startmoney 16000")
	new iPlayer, iPlayers[32], iNum
	get_players(iPlayers, iNum, "ch")
	for(new i; i < iNum; i++)
	{
		iPlayer = iPlayers[i]
		if(is_user_connected(iPlayer))
			rg_add_account(iPlayer, 16000, AS_SET)
	}
}

stock fnScreenFade(id, Timer, FadeTime, Colors[3], Alpha, Type)
{
	if(id == 0)
	{
		message_begin(0, g_iMsgScreenFade)
	}
	else
	{
		if(!is_user_connected(id)) return
		message_begin(8, g_iMsgScreenFade, _, id)
	}
	write_short((1<<12) * Timer)
	write_short((1<<12) * FadeTime)
	write_short(Type)
	write_byte(Colors[0])
	write_byte(Colors[1])
	write_byte(Colors[2])
	write_byte(Alpha)
	message_end()
}

public task_overtime_live()
{
	server_cmd("sv_restart 1")
	set_pcvar_num(g_cFreezeTime, 12)
	set_task(2.5, "task_show_overtime_start")
}

public task_show_overtime_start()
{
	fnScreenFade(0, 5, 5, {255, 100, 0}, 75, 0x0000)
	set_dhudmessage(255, 100, 0, -1.0, 0.3, 2, 0.1, 5.0, 0.1, 5.0)

	new szMsg[128]
	formatex(szMsg, (sizeof(szMsg)-1), "=== OVERTIME STARTED ===^nWINNER GETS %d ROUNDS TOTAL", g_ePluginSettings[iRoundOvertime] + 1)
	show_dhudmessage(0, szMsg)
}

public task_overtime_halftime_live()
{
	server_cmd("sv_restart 1")
	set_pcvar_num(g_cFreezeTime, 12)
	set_task(2.5, "task_show_halftime")
}

public clcmd_hs1(id)
{
	if(id && !(get_user_flags(id) & read_flags(g_ePluginSettings[szAdminAccess])))
	{
		client_print_color(id, id, "^4%s %L", g_ePluginSettings[szPrefix], 0, "YOU_DONT_HAVE_ACCESS")
		return 1
	}

	HLTV_StartRecording("GL_Mix")
	Client_StartRecordingAll("GL_Mix")
	return 1
}

public clcmd_hs0(id)
{
	if(id && !(get_user_flags(id) & read_flags(g_ePluginSettings[szAdminAccess])))
	{
		client_print_color(id, id, "^4%s %L", g_ePluginSettings[szPrefix], 0, "YOU_DONT_HAVE_ACCESS")
		return 1
	}

	HLTV_StopRecording()
	Client_StopRecordingAll()
	return 1
}
#line 1










#line 12
















#file F:\SV GAMELAND\server\cstrike\addons\amxmodx\scripting\include\amxmodx.inc
#line 1









#line 14

#file F:\SV GAMELAND\server\cstrike\addons\amxmodx\scripting\include\core.inc
#line 1







#line 12









native heapspace();










native funcidx(const name[]);






native numargs();









native getarg(arg, index = 0);









native setarg(arg, index = 0, value);










native tolower(c);










native toupper(c);








native swapchars(c);








native random(max);









native min(value1, value2);









native max(value1, value2);











native clamp(value, min = cellmin, max = cellmax);









native power(value, exponent);












native sqroot(value);










native time(&hour = 0, &minute = 0, &second = 0);










native date(&year = 0, &month = 0, &day = 0);













native tickcount(&granularity = 0);








stock abs(x)
{
	return x > 0 ? x : -x;
}
#file F:\SV GAMELAND\server\cstrike\addons\amxmodx\scripting\include\amxmodx.inc
#file F:\SV GAMELAND\server\cstrike\addons\amxmodx\scripting\include\float.inc
#line 1










#line 15

#pragma rational Float




enum floatround_method {
	floatround_round = 0,
	floatround_floor,
	floatround_ceil,
	floatround_tozero
};




enum anglemode {
	radian = 0,
	degrees,
	grades
};








native Float:float(value);








native Float:floatstr(const string[]);








native Float:floatfract(Float:value);












native floatround(Float:value, floatround_method:method=floatround_round);











native floatcmp(Float:fOne, Float:fTwo);










native Float:floatsqroot(Float:value);









native Float:floatpower(Float:value, Float:exponent);










native Float:floatlog(Float:value, Float:base=10.0);












native Float:floatsin(Float:value, anglemode:mode=radian);












native Float:floatcos(Float:value, anglemode:mode=radian);












native Float:floattan(Float:value, anglemode:mode=radian);












native Float:floatsinh(Float:angle, anglemode:mode=radian);












native Float:floatcosh(Float:angle, anglemode:mode=radian);












native Float:floattanh(Float:angle, anglemode:mode=radian);








native Float:floatabs(Float:value);














native Float:floatatan(Float:angle, {anglemode,_}:radix);











native Float:floatacos(Float:angle, {anglemode,_}:radix);











native Float:floatasin(Float:angle, {anglemode,_}:radix);













native Float:floatatan2(Float:x, Float:y, {anglemode,_}:radix);




native Float:floatmul(Float:oper1, Float:oper2);


native Float:floatdiv(Float:dividend, Float:divisor);


native Float:floatadd(Float:dividend, Float:divisor);


native Float:floatsub(Float:oper1, Float:oper2);


native Float:operator*(Float:oper1, Float:oper2) = floatmul;
native Float:operator/(Float:oper1, Float:oper2) = floatdiv;
native Float:operator+(Float:oper1, Float:oper2) = floatadd;
native Float:operator-(Float:oper1, Float:oper2) = floatsub;

stock Float:operator++(Float:oper)
	return oper+1.0;

stock Float:operator--(Float:oper)
	return oper-1.0;

stock Float:operator-(Float:oper)
    return oper^Float:cellmin;                                     

stock Float:operator*(Float:oper1, oper2)
	return floatmul(oper1, float(oper2));                         

stock Float:operator/(Float:oper1, oper2)
	return floatdiv(oper1, float(oper2));

stock Float:operator/(oper1, Float:oper2)
	return floatdiv(float(oper1), oper2);

stock Float:operator+(Float:oper1, oper2)
	return floatadd(oper1, float(oper2));                         

stock Float:operator-(Float:oper1, oper2)
	return floatsub(oper1, float(oper2));

stock Float:operator-(oper1, Float:oper2)
	return floatsub(float(oper1), oper2);

stock bool:operator==(Float:oper1, Float:oper2)
	return floatcmp(oper1, oper2) == 0;

stock bool:operator==(Float:oper1, oper2)
	return floatcmp(oper1, float(oper2)) == 0;                          

stock bool:operator!=(Float:oper1, Float:oper2)
	return floatcmp(oper1, oper2) != 0;

stock bool:operator!=(Float:oper1, oper2)
	return floatcmp(oper1, float(oper2)) != 0;                          

stock bool:operator>(Float:oper1, Float:oper2)
	return floatcmp(oper1, oper2) > 0;

stock bool:operator>(Float:oper1, oper2)
	return floatcmp(oper1, float(oper2)) > 0;

stock bool:operator>(oper1, Float:oper2)
	return floatcmp(float(oper1), oper2) > 0;

stock bool:operator>=(Float:oper1, Float:oper2)
	return floatcmp(oper1, oper2) >= 0;

stock bool:operator>=(Float:oper1, oper2)
	return floatcmp(oper1, float(oper2)) >= 0;

stock bool:operator>=(oper1, Float:oper2)
	return floatcmp(float(oper1), oper2) >= 0;

stock bool:operator<(Float:oper1, Float:oper2)
	return floatcmp(oper1, oper2) < 0;

stock bool:operator<(Float:oper1, oper2)
	return floatcmp(oper1, float(oper2)) < 0;

stock bool:operator<(oper1, Float:oper2)
	return floatcmp(float(oper1), oper2) < 0;

stock bool:operator<=(Float:oper1, Float:oper2)
	return floatcmp(oper1, oper2) <= 0;

stock bool:operator<=(Float:oper1, oper2)
	return floatcmp(oper1, float(oper2)) <= 0;

stock bool:operator<=(oper1, Float:oper2)
	return floatcmp(float(oper1), oper2) <= 0;

stock bool:operator!(Float:oper)
	return (_:oper & ((-1)/2)) == 0;                                                                     

forward operator%(Float:oper1, Float:oper2);
forward operator%(Float:oper1, oper2);
forward operator%(oper1, Float:oper2);










stock Float:floatmin(Float:ValueA, Float:ValueB)
{
	if (ValueA<=ValueB)
	{
		return ValueA;
	}

	return ValueB;
}









stock Float:floatmax(Float:ValueA, Float:ValueB)
{
	if (ValueA>=ValueB)
	{
		return ValueA;
	}

	return ValueB;
}










stock Float:floatclamp(Float:Value, Float:MinValue, Float:MaxValue)
{
	if (Value<=MinValue)
	{
		return MinValue;
	}
	if (Value>=MaxValue)
	{
		return MaxValue;
	}

	return Value;
}#file F:\SV GAMELAND\server\cstrike\addons\amxmodx\scripting\include\amxmodx.inc
#file F:\SV GAMELAND\server\cstrike\addons\amxmodx\scripting\include\amxconst.inc
#line 1









#line 14

#file F:\SV GAMELAND\server\cstrike\addons\amxmodx\scripting\include\amxmodx_version.inc
#line 1

#line 6

#line 18

stock const AMXX_VERSION_STR[] = "1.9.0.5303";

#file F:\SV GAMELAND\server\cstrike\addons\amxmodx\scripting\include\amxconst.inc
#line 16














#line 31









#line 41




public stock const MaxClients; 




public stock const NULL_STRING[1];




public stock const Float:NULL_VECTOR[3];




#line 61




#line 66




#line 71




#line 76




#line 81




#line 86




#line 91




#line 96




#line 101








#line 134




#line 144








#line 155




#line 176




#line 190








#line 207




#line 215




#line 222




#line 227




#line 235








#line 253




#line 259








enum
{
	print_notify = 1,
	print_console,
	print_chat,
	print_center,
	print_radio                              
};




enum
{
	print_team_default = 0,
	print_team_grey = -1,
	print_team_red = -2,
	print_team_blue = -3,
};




enum
{
	engprint_console = 0,
	engprint_center,
	engprint_chat,
};












enum
{
	kRenderNormal = 0,               
	kRenderTransColor,                          
	kRenderTransTexture,                          
	kRenderGlow,                                                  
	kRenderTransAlpha,                                  
	kRenderTransAdd,                        
};




enum
{
	kRenderFxNone = 0,
	kRenderFxPulseSlow,
	kRenderFxPulseFast,
	kRenderFxPulseSlowWide,
	kRenderFxPulseFastWide,
	kRenderFxFadeSlow,
	kRenderFxFadeFast,
	kRenderFxSolidSlow,
	kRenderFxSolidFast,
	kRenderFxStrobeSlow,
	kRenderFxStrobeFast,
	kRenderFxStrobeFaster,
	kRenderFxFlickerSlow,
	kRenderFxFlickerFast,
	kRenderFxNoDissipation,
	kRenderFxDistort,                                                
	kRenderFxHologram,                                                
	kRenderFxDeadPlayer,                                            
	kRenderFxExplode,                                     
	kRenderFxGlowShell,                            
	kRenderFxClampMinScale,                                                                   
	kRenderFxLightMultiplier,                                                                                                  
};








enum
{
	force_exactfile = 0,                                                             
	force_model_samebounds,                                                                       
	force_model_specifybounds,                                                                         
};




enum
{
	module_none = 0,
	module_query,
	module_badload,
	module_loaded,
	module_noinfo,
	module_noquery,
	module_noattach,
	module_old,
};




#line 387




#line 392




#line 403




#line 418




#line 423








#line 435




#line 444








enum LibType
{
	LibType_Library,
	LibType_Class
};




enum AdminProp
{
	AdminProp_Auth = 0,
	AdminProp_Password,
	AdminProp_Access,
	AdminProp_Flags
};





enum HashType
{
	Hash_Crc32 = 0,  
	Hash_Md5,        
	Hash_Sha1,       
	Hash_Sha256,     

	Hash_Sha3_224,   
	Hash_Sha3_256,   
	Hash_Sha3_384,   
	Hash_Sha3_512,   

	Hash_Keccak_224, 
	Hash_Keccak_256, 
	Hash_Keccak_384, 
	Hash_Keccak_512  
};




enum SetTaskFlags (<<= 1)
{
	SetTask_Once = 0,          
	SetTask_RepeatTimes = 1,   
	SetTask_Repeat,            
	SetTask_AfterMapStart,     
	SetTask_BeforeMapChange    
};




enum RegisterEventFlags (<<= 1)
{
	RegisterEvent_None = 0,        
	RegisterEvent_Global = 1,      
	RegisterEvent_Single,          
	RegisterEvent_OnceForMultiple, 
	RegisterEvent_OnlyDead,        
	RegisterEvent_OnlyAlive,       
	RegisterEvent_OnlyHuman,       
	RegisterEvent_OnlyBots         
};




enum GetPlayersFlags (<<= 1)
{
	GetPlayers_None = 0,           
	GetPlayers_ExcludeDead = 1,    
	GetPlayers_ExcludeAlive,       
	GetPlayers_ExcludeBots,        
	GetPlayers_ExcludeHuman,       
	GetPlayers_MatchTeam,          
	GetPlayers_MatchNameSubstring, 
	GetPlayers_CaseInsensitive,    
	GetPlayers_ExcludeHLTV,        
	GetPlayers_IncludeConnecting   
};




enum FindPlayerFlags (<<= 1)
{
	FindPlayer_None = 0,           
	FindPlayer_MatchName = 1,      
	FindPlayer_MatchNameSubstring, 
	FindPlayer_MatchAuthId,        
	FindPlayer_MatchIP,            
	FindPlayer_MatchTeam,          
	FindPlayer_ExcludeDead,        
	FindPlayer_ExcludeAlive,       
	FindPlayer_ExcludeBots,        
	FindPlayer_ExcludeHuman,       
	FindPlayer_LastMatched,        
	FindPlayer_MatchUserId,        
	FindPlayer_CaseInsensitive,    
	FindPlayer_IncludeConnecting   
}




enum
{
	STATSX_KILLS = 0,
	STATSX_DEATHS,
	STATSX_HEADSHOTS,
	STATSX_TEAMKILLS,
	STATSX_SHOTS,
	STATSX_HITS,
	STATSX_DAMAGE,
	STATSX_RANK,
	STATSX_MAX_STATS
}




enum
{
	Origin_Client = 0,      
	Origin_Eyes,            
	Origin_AimEndClient,    
	Origin_AimEndEyes,      
	Origin_CS_LastBullet    
}

#file F:\SV GAMELAND\server\cstrike\addons\amxmodx\scripting\include\cstrike_const.inc
#line 1













#line 18




#line 58

const CSW_ALL_WEAPONS      = (~(1<<31));
const CSW_ALL_PISTOLS      = (1<<1  | 1<<10 | 1<<11 | 1<<16 | 1<<17 | 1<<26);
const CSW_ALL_SHOTGUNS     = (1<<21    | 1<<5);
const CSW_ALL_SMGS         = (1<<7 | 1<<12 | 1<<19 | 1<<23  | 1<<30);
const CSW_ALL_RIFLES       = (1<<8   | 1<<14 | 1<<15   | 1<<22 | 1<<28 | 1<<27);
const CSW_ALL_SNIPERRIFLES = (1<<3 | 1<<18   | 1<<24   | 1<<13);
const CSW_ALL_MACHINEGUNS  = (1<<20);
const CSW_ALL_GRENADES     = (1<<4 | 1<<9 | 1<<25);
const CSW_ALL_ARMORS       = (1<<31 | 1<<32);
const CSW_ALL_GUNS         = (CSW_ALL_PISTOLS | CSW_ALL_SHOTGUNS | CSW_ALL_SMGS | CSW_ALL_RIFLES | CSW_ALL_SNIPERRIFLES | CSW_ALL_MACHINEGUNS);










enum CsInternalModel
{
	CS_NORESET     = -1,
	CS_DONTCHANGE  = 0,
	CS_UNASSIGNED  = 0,
	CS_CT_URBAN    = 1,
	CS_T_TERROR    = 2,
	CS_T_LEET      = 3,
	CS_T_ARCTIC    = 4,
	CS_CT_GSG9     = 5,
	CS_CT_GIGN     = 6,
	CS_CT_SAS      = 7,
	CS_T_GUERILLA  = 8,
	CS_CT_VIP      = 9,
	CZ_T_MILITIA   = 10,
	CZ_CT_SPETSNAZ = 11,
};




enum CsTeams
{
	CS_TEAM_UNASSIGNED = 0,
	CS_TEAM_T          = 1,
	CS_TEAM_CT         = 2,
	CS_TEAM_SPECTATOR  = 3,
};








enum CsArmorType
{
	CS_ARMOR_NONE     = 0,  
	CS_ARMOR_KEVLAR   = 1,  
	CS_ARMOR_VESTHELM = 2,  
};




#line 130




enum
{
	CS_RESET_ZOOM = 0,      
	CS_SET_NO_ZOOM,         
	CS_SET_FIRST_ZOOM,      
	CS_SET_SECOND_ZOOM,     
	CS_SET_AUGSG552_ZOOM,   
};








#line 191

#line 202




#line 211




#line 235




#line 242




enum CsPlayerAnim
{
	CS_PLAYER_IDLE          = 0,
	CS_PLAYER_WALK          = 1,
	CS_PLAYER_JUMP          = 2,
	CS_PLAYER_SUPERJUMP     = 3,
	CS_PLAYER_DIE           = 4,
	CS_PLAYER_ATTACK1       = 5,
	CS_PLAYER_ATTACK2       = 6,
	CS_PLAYER_FLINCH        = 7,
	CS_PLAYER_LARGE_FLINCH  = 8,
	CS_PLAYER_RELOAD        = 9,
	CS_PLAYER_HOLDBOMB      = 10,
};




enum CsMenu
{
	CS_Menu_OFF              = 0,
	CS_Menu_ChooseTeam       = 1,
	CS_Menu_IGChooseTeam     = 2,
	CS_Menu_ChooseAppearance = 3,
	CS_Menu_Buy              = 4,
	CS_Menu_BuyPistol        = 5,
	CS_Menu_BuyRifle         = 6,
	CS_Menu_BuyMachineGun    = 7,
	CS_Menu_BuyShotgun       = 8,
	CS_Menu_BuySubMachineGun = 9,
	CS_Menu_BuyItem          = 10,
	CS_Menu_Radio1           = 11,
	CS_Menu_Radio2           = 12,
	CS_Menu_Radio3           = 13,
	CS_Menu_ClientBuy        = 14,
};




enum CsJoinState
{
	CS_STATE_JOINED           = 0,
	CS_STATE_SHOW_LTEXT       = 1,
	CS_STATE_READING_LTEXT    = 2,
	CS_STATE_SHOW_TEAM_SELECT = 3,
	CS_STATE_PICKING_TEAM     = 4,
	CS_STATE_GET_INTO_GAME    = 5,
};




enum CsThrowDirection
{
	CS_THROW_NONE                = 0,
	CS_THROW_FORWARD             = 1,
	CS_THROW_BACKWARD            = 2,
	CS_THROW_HITVEL              = 3,
	CS_THROW_BOMB                = 4,
	CS_THROW_GRENADE             = 5,
	CS_THROW_HITVEL_MINUS_AIRVEL = 6,
};








#line 320




#line 326




#line 331




#line 338




enum CsStatusBar
{
	CS_SBAR_ID_TARGETTYPE   = 1,
	CS_SBAR_ID_TARGETNAME   = 2,
	CS_SBAR_ID_TARGETHEALTH = 3,
};








#line 361




enum CsWeaponClassType
{
	CS_WEAPONCLASS_NONE          = 0,
	CS_WEAPONCLASS_KNIFE         = 1,
	CS_WEAPONCLASS_PISTOL        = 2,
	CS_WEAPONCLASS_GRENADE       = 3,
	CS_WEAPONCLASS_SUBMACHINEGUN = 4,
	CS_WEAPONCLASS_SHOTGUN       = 5,
	CS_WEAPONCLASS_MACHINEGUN    = 6,
	CS_WEAPONCLASS_RIFLE         = 7,
	CS_WEAPONCLASS_SNIPERRIFLE   = 8,
};




enum CsAutoBuyClassType
{
	CS_AUTOBUYCLASS_PRIMARY     = (1<<0),
	CS_AUTOBUYCLASS_SECONDARY   = (1<<1),
	CS_AUTOBUYCLASS_AMMO        = (1<<2),
	CS_AUTOBUYCLASS_ARMOR       = (1<<3),
	CS_AUTOBUYCLASS_DEFUSER     = (1<<4),
	CS_AUTOBUYCLASS_PISTOL      = (1<<5),
	CS_AUTOBUYCLASS_SMG         = (1<<6),
	CS_AUTOBUYCLASS_RIFLE       = (1<<7),
	CS_AUTOBUYCLASS_SNIPERRIFLE = (1<<8),
	CS_AUTOBUYCLASS_SHOTGUN     = (1<<9),
	CS_AUTOBUYCLASS_MACHINEGUN  = (1<<10),
	CS_AUTOBUYCLASS_GRENADE     = (1<<11),
	CS_AUTOBUYCLASS_NIGHTVISION = (1<<12),
	CS_AUTOBUYCLASS_SHIELD      = (1<<13),
};




enum CsAmmoType
{
	CS_AMMO_BUCKSHOT   = 0,
	CS_AMMO_9MM        = 1,
	CS_AMMO_556NATO    = 2,
	CS_AMMO_556NATOBOX = 3,
	CS_AMMO_762NATO    = 4,
	CS_AMMO_45ACP      = 5,
	CS_AMMO_50AE       = 6,
	CS_AMMO_338MAGNUM  = 7,
	CS_AMMO_57MM       = 8,
	CS_AMMO_357SIG     = 9,
};




enum CsWeaponInfo
{
	CS_WEAPONINFO_COST          = 0,
	CS_WEAPONINFO_CLIP_COST     = 1,
	CS_WEAPONINFO_BUY_CLIP_SIZE = 2,
	CS_WEAPONINFO_GUN_CLIP_SIZE = 3,
	CS_WEAPONINFO_MAX_ROUNDS    = 4,
	CS_WEAPONINFO_AMMO_TYPE     = 5,
};




enum CsWeaponCostType
{
	CS_AK47_PRICE      = 2500,
	CS_AWP_PRICE       = 4750,
	CS_DEAGLE_PRICE    = 650,
	CS_G3SG1_PRICE     = 5000,
	CS_SG550_PRICE     = 4200,
	CS_GLOCK18_PRICE   = 400,
	CS_M249_PRICE      = 5750,
	CS_M3_PRICE        = 1700,
	CS_M4A1_PRICE      = 3100,
	CS_AUG_PRICE       = 3500,
	CS_MP5NAVY_PRICE   = 1500,
	CS_P228_PRICE      = 600,
	CS_P90_PRICE       = 2350,
	CS_UMP45_PRICE     = 1700,
	CS_MAC10_PRICE     = 1400,
	CS_SCOUT_PRICE     = 2750,
	CS_SG552_PRICE     = 3500,
	CS_TMP_PRICE       = 1250,
	CS_USP_PRICE       = 500,
	CS_ELITE_PRICE     = 800,
	CS_FIVESEVEN_PRICE = 750,
	CS_XM1014_PRICE    = 3000,
	CS_GALIL_PRICE     = 2000,
	CS_FAMAS_PRICE     = 2250,
	CS_SHIELDGUN_PRICE = 2200
};




enum CsItemCostType
{
	CS_ASSAULTSUIT_PRICE  = 1000,
	CS_FLASHBANG_PRICE    = 200,
	CS_HEGRENADE_PRICE    = 300,
	CS_SMOKEGRENADE_PRICE = 300,
	CS_KEVLAR_PRICE       = 650,
	CS_HELMET_PRICE       = 350,
	CS_NVG_PRICE          = 1250,
	CS_DEFUSEKIT_PRICE    = 200
};




enum CsAmmoCostType
{
	CS_AMMO_338MAG_PRICE   = 125,
	CS_AMMO_357SIG_PRICE   = 50,
	CS_AMMO_45ACP_PRICE    = 25,
	CS_AMMO_50AE_PRICE     = 40,
	CS_AMMO_556NATO_PRICE  = 60,
	CS_AMMO_57MM_PRICE     = 50,
	CS_AMMO_762NATO_PRICE  = 80,
	CS_AMMO_9MM_PRICE      = 20,
	CS_AMMO_BUCKSHOT_PRICE = 65
};




#line 501




#line 513




#file F:\SV GAMELAND\server\cstrike\addons\amxmodx\scripting\include\amxconst.inc
#line 585

#file F:\SV GAMELAND\server\cstrike\addons\amxmodx\scripting\include\amxmodx.inc
#file F:\SV GAMELAND\server\cstrike\addons\amxmodx\scripting\include\string.inc
#line 1













#line 18

#file F:\SV GAMELAND\server\cstrike\addons\amxmodx\scripting\include\string_const.inc
#line 1













#line 18

#line 20











#line 32



































#line 71

#line 75





#line 85



const UTF8C_LETTER      = (0x00000001 | 0x00000002 | 0x00000004 | 0x00000008  | 0x00000010);
const UTF8C_CASE_MAPPED = (0x00000001 | 0x00000002 | 0x00000004);

#line 94


const UTF8C_MARK = (0x00000020 | 0x00000040 | 0x00000080);

#line 101


const UTF8C_NUMBER = (0x00000100 | 0x00000200 | 0x00000400);

#line 112


#line 116
const UTF8C_PUNCTUATION  = (0x00000800 | 0x00001000    | 0x00002000  | 0x00004000     | 0x00008000 | 0x00010000 | 0x00020000);

#line 122


const UTF8C_SYMBOL = (0x00040000 | 0x00080000 | 0x00100000 | 0x00200000);

#line 129


const UTF8C_SEPARATOR = (0x00400000 | 0x00800000 | 0x01000000);

#line 140


const UTF8C_ISCNTRL  = (0x40000000 | 0x02000000);
const UTF8C_ISPRINT  = (0x40000000 | UTF8C_LETTER | UTF8C_NUMBER | UTF8C_PUNCTUATION | UTF8C_SYMBOL | UTF8C_SEPARATOR);
const UTF8C_ISSPACE  = (0x40000000 | 0x00400000);
const UTF8C_ISBLANK  = (0x40000000 | 0x00400000 | 0x10000000);
const UTF8C_ISGRAPH  = (0x40000000 | UTF8C_LETTER | UTF8C_NUMBER | UTF8C_PUNCTUATION | UTF8C_SYMBOL);
const UTF8C_ISPUNCT  = (0x40000000 | UTF8C_PUNCTUATION | UTF8C_SYMBOL);
const UTF8C_ISALNUM  = (0x40000000 | UTF8C_LETTER | UTF8C_NUMBER);
const UTF8C_ISALPHA  = (0x40000000 | UTF8C_LETTER);
const UTF8C_ISUPPER  = (0x40000000 | 0x00000001);
const UTF8C_ISLOWER  = (0x40000000 | 0x00000002);
const UTF8C_ISDIGIT  = (0x40000000 | UTF8C_NUMBER);
const UTF8C_ISXDIGIT = (0x40000000 | UTF8C_NUMBER | 0x10000000);


const UTF8C_ALL = 0xFFFFFFFF & (~0x40000000);
#file F:\SV GAMELAND\server\cstrike\addons\amxmodx\scripting\include\string.inc
#line 20














native strlen(const string[]);










native contain(const source[], const string[]);












native containi(const source[], const string[]);












native replace(text[], len, const what[], const with[]);





















native replace_string(text[], maxlength, const search[], const replace[], bool:caseSensitive = true);



























native replace_stringex(text[], maxlength, const search[], const replace[], searchLen = -1, replaceLen = -1, bool:caseSensitive = true);











native add(dest[],len,const src[],max=0);

















native format(output[], len, const format[], any:...);




















native formatex(output[], len, const format[], any:...);
















native [256]fmt(const format[], any:...);
























native vformat(buffer[], len, const fmt[], vararg);

















native vdformat(buffer[], len, fmt_arg, vararg, ...);










native format_args(output[], len, pos = 0);










native num_to_str(num,string[],len);







native str_to_num(const string[]);








































native strtol(const string[], &endPos = 0, base = 0);
























native Float:strtof(const string[], &endPos = 0);










native float_to_str(Float:fl, string[], len);







native Float:str_to_float(const string[]);










native equal(const a[],const b[],c=0);












native equali(const a[], const b[], c = 0);













native copy(dest[],len,const src[]);











native copyc(dest[],len,const src[],ch);










native setc(src[],len,ch);














native parse(const text[], ... );
























native strtok(const text[], Left[], leftLen, Right[], rightLen, token=' ', trimSpaces=0);

















native strtok2(const text[], left[], const llen, right[], const rlen, const token = ' ', const trim = 0);







native trim(text[]);







native strtolower(string[]);














native mb_strtolower(string[], maxlength = 0);







native strtoupper(string[]);














native mb_strtoupper(string[], maxlength = 0);







native ucfirst(string[]);













native mb_ucfirst(string[], maxlength = 0);




















native mb_strtotitle(string[], maxlength = 0);


























native bool:is_string_category(const input[], input_size, flags, &output_size = 0);









native isdigit(ch);









native isalpha(ch);









native isspace(ch);









native isalnum(ch);










native is_char_mb(ch);










native bool:is_char_upper(ch);










native bool:is_char_lower(ch);











native get_char_bytes(const source[]);









native strcat(dest[], const source[], maxlength);














native strfind(const string[], const sub[], bool:ignorecase = false, pos = 0);














native strcmp(const string1[], const string2[], bool:ignorecase = false);
















native strncmp(const string1[], const string2[], num, bool:ignorecase = false);

































native argparse(const text[], pos, argbuffer[], maxlen);















native split_string(const source[], const split[], part[], partLen);



#file F:\SV GAMELAND\server\cstrike\addons\amxmodx\scripting\include\string_stocks.inc
#line 1













#line 18

#line 22















stock bool:is_str_num(const sString[])
{
	new i = 0;

	while (sString[i] && isdigit(sString[i]))
	{
		++i;
	}

	return sString[i] == 0 && i != 0;
}










stock char_to_upper(chr)
{
	if (is_char_lower(chr))
	{
		return (chr & ~(1<<5));
	}

	return chr;
}










stock char_to_lower(chr)
{
	if (is_char_upper(chr))
	{
		return (chr | (1<<5));
	}

	return chr;
}





#pragma deprecated Use argbreak() instead
stock strbreak(const text[], Left[], leftLen, Right[], rightLen)
{
	return argbreak(text, Left, leftLen, Right, rightLen);
}














stock argbreak(const text[], left[], leftlen, right[], rightlen)
{
	new pos = argparse(text, 0, left, leftlen);

	if (pos == -1)
	{
		return -1;
	}

	new textlen = strlen(text);

	while (pos < textlen && isspace(text[pos]))
	{
		pos++;
	}

	copy(right, rightlen, text[pos]);

	return pos;
}













stock split(const szInput[], szLeft[], pL_Max, szRight[], pR_Max, const szDelim[])
{
	new iEnd = contain(szInput, szDelim);
	new iStart = iEnd + strlen(szDelim);


	if (iEnd == -1)
	{
		iStart = copy(szLeft, pL_Max, szInput);
		copy(szRight, pR_Max, szInput[iStart]);
		return;
	}


	if (pL_Max >= iEnd)
		copy(szLeft, iEnd, szInput);
	else
		copy(szLeft, pL_Max, szInput);

	copy(szRight, pR_Max, szInput[iStart]);
}










stock remove_filepath(const szFilePath[], szFile[], pMax)
{
	new len = strlen(szFilePath);

	while ((--len >= 0) && (szFilePath[len] != '/') && (szFilePath[len] != '\')) { }

	copy(szFile, pMax, szFilePath[len + 1]);

	return;
}
















stock replace_all(string[], len, const what[], const with[])
{
	new pos = 0;

	if ((pos = contain(string, what)) == -1)
	{
		return 0;
	}

	new total = 0;
	new with_len = strlen(with);
	new diff = strlen(what) - with_len;
	new total_len = strlen(string);
	new temp_pos = 0;

	while (replace(string[pos], len - pos, what, with) != 0)
	{
		total++;


		pos += with_len;


		total_len -= diff;


		if (pos >= total_len)
		{
			break;
		}


		temp_pos = contain(string[pos], what);


		if (temp_pos == -1)
		{
			break;
		}


		pos += temp_pos;
	}

	return total;
}













stock explode_string(const text[], const split[], buffers[][], maxStrings, maxStringLength, bool:copyRemainder = false)
{
	new reloc_idx, idx, total;

	if (maxStrings < 1 || !split[0])
	{
		return 0;
	}

	while ((idx = split_string(text[reloc_idx], split, buffers[total], maxStringLength)) != -1)
	{
		reloc_idx += idx;
		if (++total == maxStrings)
		{
			if (copyRemainder)
			{
				copy(buffers[total-1], maxStringLength, text[reloc_idx-idx]);
			}
			return total;
		}
	}

	copy(buffers[total++], maxStringLength, text[reloc_idx]);

	return total;
}












stock implode_strings(const strings[][], numStrings, const join[], buffer[], maxLength)
{
	new total, length, part_length;
	new join_length = strlen(join);

	for (new i=0; i<numStrings; i++)
	{
		length = copy(buffer[total], maxLength-total, strings[i]);
		total += length;

		if (length < part_length)
		{
			break;
		}

		if (i != numStrings - 1)
		{
			length = copy(buffer[total], maxLength-total, join);
			total += length;

			if (length < join_length)
			{
				break;
			}
		}
	}

	return total;
}
#file F:\SV GAMELAND\server\cstrike\addons\amxmodx\scripting\include\string.inc
#line 787

#file F:\SV GAMELAND\server\cstrike\addons\amxmodx\scripting\include\amxmodx.inc
#file F:\SV GAMELAND\server\cstrike\addons\amxmodx\scripting\include\file.inc
#line 1













#line 18












#line 31




enum FileType
{
	FileType_Unknown,                                              
	FileType_Directory,                              
	FileType_File,                              
};




enum FileTimeType
{
	FileTime_LastAccess,                                            
	FileTime_Created,                                            
	FileTime_LastChange,                           
};




#line 58




#line 65




#line 73




#line 81

#line 86

#line 91

#line 93
















native read_dir(const dirname[], pos, output[], len, &outlen = 0);
















native read_file(const file[], line, text[], len, &txtlen = 0);















native write_file(const file[], const text[], line = -1);













native delete_file(const file[], bool:use_valve_fs = false, const valve_path_id[] = "GAMECONFIG");












native file_exists(const file[], bool:use_valve_fs = false);












native rename_file(const oldname[], const newname[], relative = 0);












native dir_exists(const dir[], bool:use_valve_fs = false);


















native file_size(const file[], flag = 0, bool:use_valve_fs = false, const valve_path_id[] = "GAME");


















































native fopen(const filename[], const mode[], bool:use_valve_fs = false, const valve_path_id[] = "GAME");






native fclose(file);











native fread(file, &any:data, mode);












native fread_blocks(file, any:data[], blocks, mode);














native fread_raw(file, any:stream[], blocksize, blocks);











native fwrite(file, any:data, mode);












native fwrite_blocks(file, const any:data[], blocks, mode);














native fwrite_raw(file, const any:stream[], blocks, mode);








native feof(file);










native fgets(file, buffer[], maxlength);










native fputs(file, const text[], bool:null_term = false);










native fprintf(file, const fmt[], any:...);










native fseek(file, position, start);








native ftell(file);








native fgetc(file);









native fputc(file, data);









native fungetc(file, data);








native fflush(file);









native filesize(const filename[], any:...);










native rmdir(const path[]);















native mkdir(const dirname[], mode = 0x0100 | 0x0080 | 0x0040 | 0x0020 | 0x0010 | 0x0008 | 0x0004 | 0x0002 | 0x0001, bool:use_valve_fs = false, const valve_path_id[] = "GAMECONFIG");













native unlink(const filename[], bool:use_valve_fs = false, const valve_path_id[] = "GAMECONFIG");


















native open_dir(dir[], firstfile[], length, &FileType:type = FileType_Unknown, bool:use_valve_fs = false, const valve_path_id[] = "GAME");














native next_file(dirh, buffer[], length, &FileType:type = FileType_Unknown);






native close_dir(dirh);
















native LoadFileForMe(const file[], buffer[], maxlength, &length = 0);









native GetFileTime(const file[], FileTimeType:tmode);









native bool:SetFilePermissions(const path[], mode);










native bool:FileReadInt8(file, &any:data);










native bool:FileReadUint8(file, &any:data);










native bool:FileReadInt16(file, &any:data);










native bool:FileReadUint16(file, &any:data);









native bool:FileReadInt32(file, &any:data);









native bool:FileWriteInt8(file, any:data);









native bool:FileWriteInt16(file, any:data);









native bool:FileWriteInt32(file, any:data);

#file F:\SV GAMELAND\server\cstrike\addons\amxmodx\scripting\include\amxmodx.inc
#file F:\SV GAMELAND\server\cstrike\addons\amxmodx\scripting\include\vault.inc
#line 1













#line 18













native get_vaultdata(const key[], data[] = "", len = 0);










native set_vaultdata(const key[], const data[] = "");








native remove_vaultdata(const key[]);








native vaultdata_exists(const key[]);
#file F:\SV GAMELAND\server\cstrike\addons\amxmodx\scripting\include\amxmodx.inc
#file F:\SV GAMELAND\server\cstrike\addons\amxmodx\scripting\include\lang.inc
#line 1













#line 18






native get_langsnum();









native get_lang(id, name[3]);














native register_dictionary(const filename[]);






native lang_exists(const name[]);

enum TransKey
{
	TransKey_Bad = -1,
};








native TransKey:CreateLangKey(const key[]);








native TransKey:GetLangTransKey(const key[]);










native AddTranslation(const lang[3], TransKey:key, const phrase[]);















native LookupLangKey(Output[], OutputSize, const Key[], const &id);












native SetGlobalTransTarget(client);
#file F:\SV GAMELAND\server\cstrike\addons\amxmodx\scripting\include\amxmodx.inc
#file F:\SV GAMELAND\server\cstrike\addons\amxmodx\scripting\include\messages.inc
#line 1













#line 18

#file F:\SV GAMELAND\server\cstrike\addons\amxmodx\scripting\include\message_const.inc
#line 1













#line 18




#line 32






#line 97




#line 104




enum
{
	ARG_BYTE = 1,                
	ARG_CHAR,                    
	ARG_SHORT,                   
	ARG_LONG,                    
	ARG_ANGLE,                     
	ARG_COORD,                     
	ARG_STRING,                     
	ARG_ENTITY,                  
};




























#line 148






















#line 171










#line 182















#line 198





#line 208










#line 219













#line 233













#line 247

















#line 265




















#line 286










#line 297










#line 308










#line 319












#line 332













#line 346













#line 360



















#line 380













#line 394















#line 410
























#line 435
























#line 460
























#line 485















#line 501














#line 516




















#line 537

















#line 555
















#line 572

















#line 590
























#line 615

















#line 633

















#line 651








#line 660












#line 673















#line 689













#line 703















#line 719












#line 732










#line 743

















#line 761
















#line 778





















#line 800












#line 813

















#line 831











#line 843














#line 858

















#line 876

















#line 894














#line 909











#line 921











#line 933












#line 946
















#line 963


















#line 982











#line 994











#line 1006













#line 1020





#line 1030











#line 1042








#line 1051






















#line 1074

















#line 1092









#line 1114

#line 1116




#line 1128

#file F:\SV GAMELAND\server\cstrike\addons\amxmodx\scripting\include\messages.inc
#line 20






















native message_begin(dest, msg_type, const origin[3] = {0,0,0}, player = 0);
























native message_begin_f(dest, msg_type, const Float:origin[3] = {0.0,0.0,0.0}, player = 0);









native message_end();












native write_byte(x);












native write_char(x);












native write_short(x);












native write_long(x);












native write_entity(x);












native write_angle(x);












native write_angle_f(Float:x);












native write_coord(x);












native write_coord_f(Float:x);












native write_string(const x[]);




























native emessage_begin(dest, msg_type, const origin[3] = {0,0,0}, player = 0);






























native emessage_begin_f(dest, msg_type, const Float:origin[3] = {0.0,0.0,0.0}, player = 0);









native emessage_end();












native ewrite_byte(x);












native ewrite_char(x);












native ewrite_short(x);












native ewrite_long(x);












native ewrite_entity(x);












native ewrite_angle(x);












native ewrite_angle_f(Float:x);












native ewrite_coord(x);












native ewrite_coord_f(Float:x);












native ewrite_string(const x[]);














native set_msg_block(iMessage, iMessageFlags);










native get_msg_block(iMessage);



























native register_message(iMsgId, const szFunction[]);















native unregister_message(iMsgId, registeredmsg);









native get_msg_args();











native get_msg_argtype(argn);













native get_msg_arg_int(argn);













native Float:get_msg_arg_float(argn);















native get_msg_arg_string(argn, szReturn[], iLength);















native set_msg_arg_int(argn, argtype, iValue);















native set_msg_arg_float(argn, argtype, Float:fValue);














native set_msg_arg_string(argn, const szString[]);













native get_msg_origin(const Float:_Origin[3]);
#file F:\SV GAMELAND\server\cstrike\addons\amxmodx\scripting\include\amxmodx.inc
#file F:\SV GAMELAND\server\cstrike\addons\amxmodx\scripting\include\vector.inc
#line 1













#line 18




#line 25









native get_distance(const origin1[3], const origin2[3]);









native Float:get_distance_f(const Float:Origin1[3], const Float:Origin2[3]);












native velocity_by_aim(iIndex, iVelocity, Float:vRetValue[3]);









native vector_to_angle(const Float:fVector[3], Float:vReturn[3]);










native angle_vector(const Float:vector[3], FRU, Float:ret[3]);








native Float:vector_length(const Float:vVector[3]);









native Float:vector_distance(const Float:vVector[3], const Float:vVector2[3]);









stock IVecFVec(const IVec[3], Float:FVec[3])
{
	FVec[0] = float(IVec[0]);
	FVec[1] = float(IVec[1]);
	FVec[2] = float(IVec[2]);

	return 1;
}









stock FVecIVec(const Float:FVec[3], IVec[3])
{
	IVec[0] = floatround(FVec[0]);
	IVec[1] = floatround(FVec[1]);
	IVec[2] = floatround(FVec[2]);

	return 1;
}
#file F:\SV GAMELAND\server\cstrike\addons\amxmodx\scripting\include\amxmodx.inc
#file F:\SV GAMELAND\server\cstrike\addons\amxmodx\scripting\include\sorting.inc
#line 1



















#line 24




enum SortMethod
{
	Sort_Ascending = 0,
	Sort_Descending,
	Sort_Random,
};




enum SortType
{
	Sort_Integer = 0,
	Sort_Float,
 	Sort_String,
};




native SortIntegers(array[], array_size, SortMethod:order = Sort_Ascending);

native SortFloats(Float:array[], array_size, SortMethod:order = Sort_Ascending);

native SortStrings(array[][], num_strings, SortMethod:order = Sort_Ascending);























native SortCustom1D(array[], array_size, const comparefunc[], data[]="", data_size=0);




















native SortCustom2D(array[][], array_size, const comparefunc[], data[]="", data_size=0);









native SortADTArray(Array:array, SortMethod:order, SortType:type);
#file F:\SV GAMELAND\server\cstrike\addons\amxmodx\scripting\include\amxmodx.inc
#file F:\SV GAMELAND\server\cstrike\addons\amxmodx\scripting\include\cellarray.inc
#line 1









#line 13

#line 15













enum Array
{
	Invalid_Array = 0
};









stock ByteCountToCells(size)
{
	if (!size)
	{
		return 1;
	}

	return (size + 3) / 4;
}




















native Array:ArrayCreate(cellsize = 1, reserved = 32);










native Array:ArrayClone(Array:which);









native ArrayClear(Array:which);










native ArraySize(Array:which);














native bool:ArrayResize(Array:which, newsize);

















native ArrayGetArray(Array:which, item, any:output[], size = -1);














native any:ArrayGetCell(Array:which, item, block = 0, bool:asChar = false);













native ArrayGetString(Array:which, item, output[], size);



















native ArraySetArray(Array:which, item, const any:input[], size =-1);


















native ArraySetCell(Array:which, item, any:input, block = 0, bool:asChar = false);

















native ArraySetString(Array:which, item, const input[]);

















native ArrayPushArray(Array:which, const any:input[], size = -1);












native ArrayPushCell(Array:which, any:input);















native ArrayPushString(Array:which, const input[]);













native ArrayInsertArrayAfter(Array:which, item, const any:input[]);













native ArrayInsertCellAfter(Array:which, item, any:input);
















native ArrayInsertStringAfter(Array:which, item, const input[]);













native ArrayInsertArrayBefore(Array:which, item, const any:input[]);













native ArrayInsertCellBefore(Array:which, item, const any:input);
















native ArrayInsertStringBefore(Array:which, item, const input[]);











native ArraySwap(Array:which, item1, item2);











native ArrayDeleteItem(Array:which, item);











native ArrayFindString(Array:which, const item[]);












native ArrayFindValue(Array:which, any:item);


















native DoNotUse:ArrayGetStringHandle(Array:which, item);












native ArrayDestroy(&Array:which);

































native ArraySort(Array:array, const comparefunc[], data[]="", data_size=0);



















































native ArraySortEx(Array:array, const comparefunc[], data[]="", data_size=0);
#file F:\SV GAMELAND\server\cstrike\addons\amxmodx\scripting\include\amxmodx.inc
#file F:\SV GAMELAND\server\cstrike\addons\amxmodx\scripting\include\cellstack.inc
#line 1









#line 14








enum Stack
{
	Invalid_Stack = 0
};


















native Stack:CreateStack(blocksize = 1);














native PushStackCell(Stack:handle, any:value);











native PushStackString(Stack:handle, const value[]);
















native PushStackArray(Stack:handle, const any:values[], size= -1);














native bool:PopStackCell(Stack:handle, &any:value, block = 0, bool:asChar = false);












native bool:PopStackString(Stack:handle, buffer[], maxlength, &written = 0);












native bool:PopStackArray(Stack:handle, any:buffer[], size = -1);









native bool:IsStackEmpty(Stack:handle);









stock PopStack(Stack:handle)
{
	new value;
	return PopStackCell(handle, value);
}












native DestroyStack(&Stack:handle);
#file F:\SV GAMELAND\server\cstrike\addons\amxmodx\scripting\include\amxmodx.inc
#file F:\SV GAMELAND\server\cstrike\addons\amxmodx\scripting\include\celltrie.inc
#line 1









#line 14











enum Trie
{
	Invalid_Trie = 0
};











enum TrieIter
{
	Invalid_TrieIter = 0
}








enum Snapshot
{
	Invalid_Snapshot = 0
};












native Trie:TrieCreate();










native TrieClear(Trie:handle);














native TrieSetCell(Trie:handle, const key[], any:value, bool:replace = true);














native TrieSetString(Trie:handle, const key[], const value[], bool:replace = true);















native TrieSetArray(Trie:handle, const key[], const any:buffer[], size, bool:replace = true);













native bool:TrieGetCell(Trie:handle, const key[], &any:value);
















native bool:TrieGetString(Trie:handle, const key[], output[], outputsize, &size = 0);
















native bool:TrieGetArray(Trie:handle, const key[], any:output[], outputsize, &size = 0);











native bool:TrieDeleteKey(Trie:handle, const key[]);











native bool:TrieKeyExists(Trie:handle, const key[]);











native TrieDestroy(&Trie:handle);










native TrieGetSize(Trie:handle);













native Snapshot:TrieSnapshotCreate(Trie:handle);












native TrieSnapshotLength(Snapshot:handle);












native TrieSnapshotKeyBufferSize(Snapshot:handle, index);













native TrieSnapshotGetKey(Snapshot:handle, index, buffer[], maxlength);











native TrieSnapshotDestroy(&Snapshot:handle);

















native TrieIter:TrieIterCreate(Trie:handle);











native bool:TrieIterEnded(TrieIter:handle);










native TrieIterNext(TrieIter:handle);













native TrieIterGetKey(TrieIter:handle, key[], outputsize);













native TrieIterGetSize(TrieIter:handle);













native bool:TrieIterGetCell(TrieIter:handle, &any:value);
















native bool:TrieIterGetString(TrieIter:handle, buffer[], outputsize, &size = 0);
















native bool:TrieIterGetArray(TrieIter:handle, any:array[], outputsize, &size = 0);








native TrieIterDestroy(&TrieIter:handle);
#file F:\SV GAMELAND\server\cstrike\addons\amxmodx\scripting\include\amxmodx.inc
#file F:\SV GAMELAND\server\cstrike\addons\amxmodx\scripting\include\datapack.inc
#line 1









#line 14













enum DataPack
{
	Invalid_DataPack = 0
};






native DataPack:CreateDataPack();










native WritePackCell(DataPack:pack, any:cell);










native WritePackFloat(DataPack:pack, Float:val);










native WritePackString(DataPack:pack, const str[]);










native any:ReadPackCell(DataPack:pack);










native Float:ReadPackFloat(DataPack:pack);












native ReadPackString(DataPack:pack, buffer[], maxlen);










native ResetPack(DataPack:pack, bool:clear = false);









native DataPackPos:GetPackPosition(DataPack:pack);















native SetPackPosition(DataPack:pack, DataPackPos:position);









native bool:IsPackEnded(DataPack:pack);








native DestroyDataPack(&DataPack:pack);
#file F:\SV GAMELAND\server\cstrike\addons\amxmodx\scripting\include\amxmodx.inc
#file F:\SV GAMELAND\server\cstrike\addons\amxmodx\scripting\include\newmenus.inc
#line 1









#line 14








#line 23







#line 31




#line 36




#line 41




#line 46




#line 51




#line 56




#line 61




#line 66




#line 71




#line 76






#line 83




#line 88




#line 97





























native menu_create(const title[], const handler[], ml=0);
















native menu_makecallback(const function[]);













native menu_additem(menu, const name[], const info[]="", paccess=0, callback=-1);








native menu_pages(menu);








native menu_items(menu);




















native menu_display(id, menu, page=0, time=-1);











native menu_find_id(menu, page, key);















native menu_item_getinfo(menu, item, &access = 0, info[] = "", infolen = 0, name[]="", namelen=0, &callback = 0);










native menu_item_setname(menu, item, const name[]);










native menu_item_setcmd(menu, item, const info[]);










native menu_item_setcall(menu, item, callback=-1);















native menu_destroy(menu);



















native player_menu_info(id, &menu, &newmenu, &menupage=0);













native menu_addblank(menu, slot=1);














native menu_addtext(menu, const text[], slot=1);
















native menu_addblank2( menu );

















native menu_addtext2( menu, const text[] );










native menu_setprop(menu, prop, ...);










native menu_cancel(player);
#file F:\SV GAMELAND\server\cstrike\addons\amxmodx\scripting\include\amxmodx.inc
#file F:\SV GAMELAND\server\cstrike\addons\amxmodx\scripting\include\textparse_smc.inc
#line 1













#line 18

















































enum SMCParser
{
	Invalid_SMCParser = 0
};




enum SMCResult
{
	SMCParse_Continue,                                
	SMCParse_Halt,                                     
	SMCParse_HaltFail                                                
};




enum SMCError
{
	SMCError_Okay = 0,                        
	SMCError_StreamOpen,                                   
	SMCError_StreamError,                                       
	SMCError_Custom,                                                 
	SMCError_InvalidSection1,                                                                    
	SMCError_InvalidSection2,                                                  
	SMCError_InvalidSection3,                                                                   
	SMCError_InvalidSection4,                                                   
	SMCError_InvalidSection5,                                                   
	SMCError_InvalidTokens,                                                                 
	SMCError_TokenOverflow,                                      
	SMCError_InvalidProperty1,                                                      
};







native SMCParser:SMC_CreateParser();








native SMC_DestroyParser(&SMCParser:handle);













native SMCError:SMC_ParseFile(SMCParser:handle, const file[], &line = 0, &col = 0, any:data = 0);





















native SMC_SetParseStart(SMCParser:handle, const func[]);























native SMC_SetParseEnd(SMCParser:handle, const func[]);















































native SMC_SetReaders(SMCParser:smc, const kvFunc[], const nsFunc[] = "", const esFunc[] = "");






















native SMC_SetRawLine(SMCParser:handle, const func[]);













native bool:SMC_GetErrorString(SMCError:error, buffer[], buf_max);
#file F:\SV GAMELAND\server\cstrike\addons\amxmodx\scripting\include\amxmodx.inc
#file F:\SV GAMELAND\server\cstrike\addons\amxmodx\scripting\include\textparse_ini.inc
#line 1













#line 18















































enum INIParser
{
	Invalid_INIParser = 0
};







native INIParser:INI_CreateParser();








native INI_DestroyParser(&INIParser:handle);













native bool:INI_ParseFile(INIParser:handle, const file[], &line = 0, &col = 0, any:data = 0);





















native INI_SetParseStart(INIParser:handle, const func[]);






















native INI_SetParseEnd(INIParser:handle, const func[]);













































native INI_SetReaders(INIParser:smc, const kvFunc[], const nsFunc[] = "" );























native INI_SetRawLine(INIParser:handle, const func[]);
#file F:\SV GAMELAND\server\cstrike\addons\amxmodx\scripting\include\amxmodx.inc
#file F:\SV GAMELAND\server\cstrike\addons\amxmodx\scripting\include\cvars.inc
#line 1









#line 14




#line 29




enum CvarBounds
{
	CvarBound_Upper = 0,
	CvarBound_Lower
};





























native create_cvar(const name[], const string[], flags = 0, const description[] = "", bool:has_min = false, Float:min_val = 0.0, bool:has_max = false, Float:max_val = 0.0);



















native register_cvar(const name[], const string[], flags = 0, Float:fvalue = 0.0);








native cvar_exists(const cvar[]);












native get_cvar_pointer(const cvar[]);
























native cvarhook:hook_cvar_change(pcvar, const callback[]);










native disable_cvar_hook(cvarhook:handle);










native enable_cvar_hook(cvarhook:handle);













native get_cvar_flags(const cvar[]);


















native set_cvar_flags(const cvar[], flags);
















native remove_cvar_flags(const cvar[], flags=-1);














native get_cvar_string(const cvarname[], output[], iLen);













native set_cvar_string(const cvar[], const value[]);












native Float:get_cvar_float(const cvarname[]);













native set_cvar_float(const cvar[], Float:value);












native get_cvar_num(const cvarname[]);













native set_cvar_num(const cvarname[], value);












native get_pcvar_flags(pcvar);















native set_pcvar_flags(pcvar, flags);










native get_pcvar_num(pcvar);










native bool:get_pcvar_bool(pcvar);











native set_pcvar_num(pcvar, num);











native set_pcvar_bool(pcvar, bool:num);










native Float:get_pcvar_float(pcvar);











native set_pcvar_float(pcvar, Float:num);












native get_pcvar_string(pcvar, string[], maxlen);











native set_pcvar_string(pcvar, const string[]);












native bool:get_pcvar_bounds(pcvar, CvarBounds:type, &Float:value);














native set_pcvar_bounds(pcvar, CvarBounds:type, bool:set, Float:value = 0.0);
















native bind_pcvar_num(pcvar, &any:var);
















native bind_pcvar_float(pcvar, &Float:var);

















native bind_pcvar_string(pcvar, any:var[], varlen);






native get_plugins_cvarsnum();




















native get_plugins_cvar(num, name[], namelen, &flags = 0, &plugin_id = 0, &pcvar_handle = 0, description[] = "", desc_len = 0);


























native query_client_cvar(id, const cvar[], const resultFunc[], paramlen = 0, const params[] = "");
#file F:\SV GAMELAND\server\cstrike\addons\amxmodx\scripting\include\amxmodx.inc
#file F:\SV GAMELAND\server\cstrike\addons\amxmodx\scripting\include\gameconfig.inc
#line 1













#line 18

enum GameConfig
{
	Invalid_GameConfig = 0
};











native GameConfig:LoadGameConfigFile(const file[]);










native GameConfGetOffset(GameConfig:handle, const key[]);











native GameConfGetClassOffset(GameConfig:handle, const classname[], const key[]);












native bool:GameConfGetKeyValue(GameConfig:handle, const key[], buffer[], maxlen);










native GameConfGetAddress(GameConfig:handle, const name[]);











native CloseGameConfigFile(&GameConfig:handle);#file F:\SV GAMELAND\server\cstrike\addons\amxmodx\scripting\include\amxmodx.inc
#line 34










forward plugin_init();






forward plugin_pause();






forward plugin_unpause();

















forward server_changelevel(map[]);









forward plugin_cfg();











forward plugin_end();










forward plugin_log();













forward plugin_precache();








forward client_infochanged(id);











forward client_connect(id);















forward client_connectex(id, const name[], const ip[], reason[128]);












forward client_authorized(id, const authid[]);




#pragma deprecated Use client_disconnected() instead.
forward client_disconnect(id);

















forward client_disconnected(id, bool:drop, message[], maxlen);













forward client_remove(id, bool:drop, const message[]);













forward client_command(id);












forward client_putinserver(id);










native register_plugin(const plugin_name[], const version[], const author[]);












native precache_model(const name[]);

















native precache_sound(const name[]);













native precache_generic(const szFile[]);


















native precache_event(type, const Name[], any:...);














native engine_changelevel(const map[]);












native set_user_info(index, const info[], const value[]);













native get_user_info(index, const info[], output[], len);









native set_localinfo(const info[], const value[]);










native get_localinfo(const info[], output[], len);












native show_motd(player, const message[], const header[] = "");





















native client_print(index, type, const message[], any:...);





































native client_print_color(index, sender, const message[], any:...);





















native engclient_print(player, type, const message[], any:...);












native console_print(id, const message[], any:...);










native console_cmd(id, const cmd[], any:...);













































native register_event(const event[], const function[], const flags[], const cond[] = "", ...);











































native register_event_ex(const event[], const function[], RegisterEventFlags:flags, const cond[] = "", ...);









native enable_event(handle);









native disable_event(handle);


























native register_logevent(const function[], argsnum, ...);









native enable_logevent(handle);









native disable_logevent(handle);


































native set_hudmessage(red = 200, green = 100, blue = 0, Float:x = -1.0, Float:y = 0.35, effects = 0, Float:fxtime = 6.0, Float:holdtime = 12.0, Float:fadeintime = 0.1, Float:fadeouttime = 0.2, channel = -1, alpha1 = 0, color2[4] = {255, 255, 250, 0});




















native show_hudmessage(index, const message[], any:...);
























native set_dhudmessage(red = 200, green = 100, blue = 0, Float:x = -1.0, Float:y = 0.35, effects = 0, Float:fxtime = 6.0, Float:holdtime = 12.0, Float:fadeintime = 0.1, Float:fadeouttime = 0.2);


























native show_dhudmessage(index, const message[], any:...);
























native show_menu(index, keys, const menu[], time = -1, const title[] = "");



























native read_data(value, any:...);








native read_datanum();








native read_datatype();











native read_logdata(output[], len);








native read_logargc();












native read_logargv(id, output[], len);





















native parse_loguser(const text[], name[], nlen, &userid =-2, authid[] = "", alen = 0, team[] = "", tlen = 0);









native server_print(const message[], any:...);








native is_map_valid(const mapname[]);








native is_user_bot(index);








native is_user_hltv(index);












native is_user_authorized(index);












native is_user_connected(index);








native is_user_connecting(index);












native is_user_alive(index);






native is_dedicated_server();






native is_linux_server();






native is_jit_enabled();









native get_amxx_verstring(buffer[], length);

















native get_user_attacker(index, ...);

















native Float:get_user_aiming(index, &id, &body = 0, dist = 9999);















native get_user_frags(index);













native get_user_armor(index);













native get_user_deaths(index);














native get_user_health(index);








native get_user_index(const name[]);











native get_user_ip(index, ip[], len, without_port = 0);













native user_has_weapon(index, weapon, setweapon = -1);













native get_user_weapon(index, &clip = 0, &ammo = 0);














native get_user_ammo(index, weapon, &clip, &ammo);
















native num_to_word(num, output[], len);












native get_user_team(index, team[] = "", len = 0);











native get_user_time(index, flag = 0);











native get_user_ping(index, &ping, &loss);



















native get_user_origin(index, origin[3], mode = 0);
















native get_user_weapons(index, weapons[32], &num);










native get_weaponname(id, weapon[], len);










native get_user_name(index, name[], len);













native get_user_authid(index, authid[], len);









native get_user_userid(index);

















native user_slap(index, power, rnddir = 1);










native user_kill(index, flag = 0);












native log_amx(const string[], any:...);











native log_message(const message[], any:...);












native elog_message(const message[], any:...);











native log_to_file(const file[], const message[], any:...);








native get_playersnum(flag = 0);
























native get_players(players[32], &num, const flags[] = "", const team[] = "");












native read_argv(id, output[], len);










native read_argv_int(id);










native Float:read_argv_float(id);











native read_args(output[], len);










native read_argc();











native read_flags(const flags[]);












native get_flags(flags, output[], len);



























native find_player(const flags[], ...);

























native find_player_ex(FindPlayerFlags:flags, ...);















native remove_quotes(text[]);

















native client_cmd(index, const command[], any:...);





















native engclient_cmd(index, const command[], const arg1[] = "", const arg2[] = "");





















native amxclient_cmd(index, const command[], const arg1[] = "", const arg2[] = "");















native server_cmd(const command[], any:...);









native get_mapname(name[], len);






native get_timeleft();










native Float:get_gametime();










native get_maxplayers();












native get_modname(name[], len);














native get_time(const format[], output[], len);
















native format_time(output[], len, const format[], time = -1);









native get_systime(offset = 0);



















native parse_time(const input[], const format[], time = -1);


























native set_task(Float:time, const function[], id = 0, const any:parameter[] = "", len = 0, const flags[] = "", repeat = 0);









native remove_task(id = 0, outside = 0);










native change_task(id = 0, Float:newTime = 1.0, outside = 0);









native task_exists(id = 0, outside = 0);



















native set_user_flags(index, flags = -1, id = 0);
















native get_user_flags(index, id = 0);


















native remove_user_flags(index, flags = -1, id = 0);

























native register_clcmd(const client_cmd[], const function[], flags = -1, const info[] = "", FlagManager = -1, bool:info_ml = false);

























native register_concmd(const cmd[], const function[], flags = -1, const info[] = "", FlagManager = -1, bool:info_ml = false);


















native register_srvcmd(const server_cmd[], const function[], flags = -1, const info[] = "", bool:info_ml = false);



















native get_clcmd(index, command[], len1, &flags, info[], len2, flag, &bool:info_ml = false);












native get_clcmdsnum(flag);



















native get_srvcmd(index, server_cmd[], len1, &flags, info[], len2, flag, &bool:info_ml = false);












native get_srvcmdsnum(flag);






















native get_concmd(index, cmd[], len1, &flags, info[], len2, flag, id = -1, &bool:info_ml = false);
















native get_concmd_plid(cid, flag_mask, id_type);















native get_concmdsnum(flag, id = -1);









native register_menuid(const menu[], outside = 0);












native register_menucmd(menuid, keys, const function[]);
















native get_user_menu(index, &id, &keys);








native server_exec();





















native emit_sound(index, channel, const sample[], Float:vol, Float:att, flags, pitch);









native Float:random_float(Float:a, Float:b);









native random_num(a, b);















native get_user_msgid(const name[]);










native get_user_msgname(msgid, name[], len);













native get_xvar_id(const name[]);








native xvar_exists(const name[]);













native get_xvar_num(id);













native Float:get_xvar_float(id);















native set_xvar_num(id, value = 0);















native set_xvar_float(id, Float:value = 0.0);








native is_module_loaded(const name[]);


















native get_module(id, name[], nameLen, author[], authorLen, version[], versionLen, &status);






native get_modulesnum();

















native is_plugin_loaded(const name[], bool:usefilename = false);




















native get_plugin(index, filename[] = "", len1 = 0, name[] = "", len2 = 0, version[] = "", len3 = 0, author[] = "", len4 = 0, status[] = "", len5 = 0, ...);






native get_pluginsnum();



















native pause(const flag[], const param1[] = "", const param2[] = "");




















native unpause(const flag[], const param1[] = "", const param2[] = "");



















native callfunc_begin(const func[], const plugin[] = "");



















native callfunc_begin_i(func, plugin = -1);











native get_func_id(const funcName[], pluginId = -1);










native callfunc_push_int(value);










native callfunc_push_float(Float: value);













native callfunc_push_intrf(&value);













native callfunc_push_floatrf(&Float:value);















native callfunc_push_str(const VALUE[], bool:copyback = true);
















native callfunc_push_array(const VALUE[], array_size, bool:copyback = true);









native callfunc_end();











forward inconsistent_file(id, const filename[], reason[64]);















native force_unmodified(force_type, const mins[3], const maxs[3], const filename[]);









#pragma deprecated Use hash_string() function. Also, see Hash_* constants.
native md5(const szString[], md5buffer[34]);










#pragma deprecated Use hash_file() function. Also, see Hash_* constants.
native md5_file(const file[], md5buffer[34]);











native hash_string(const string[], const HashType:type, output[], const outputSize);












native hash_file(const fileName[], const HashType:type, output[], const outputSize);










native plugin_flags(hdr = 0, plid = -1);










#pragma deprecated Module dependency is now automatically handled by the compiler. This forward is no longer called.
forward plugin_modules();









#pragma deprecated Module dependency is now automatically handled by the compiler. This native has no effect.
native require_module(const module[]);










#pragma deprecated AMXX is not shipping 64bits builds anymore. This native is basically guaranteed to return 0.
native is_amd64_server();










native find_plugin_byfile(const filename[], ignoreCase = 1);






forward plugin_natives();


























native register_native(const name[], const handler[], style = 0);













native register_library(const library[]);
















native log_error(error, const fmt[], any:...);

















native param_convert(num);












native get_string(param, dest[], maxlen);












native set_string(param, dest[], maxlen);










native get_param(param);










native Float:get_param_f(param);











native get_param_byref(param);











native Float:get_float_byref(param);












native set_param_byref(param, value);












native set_float_byref(param, Float:value);












native get_array(param, dest[], size);












native get_array_f(param, Float:dest[], size);












native set_array(param, const source[], size);












native set_array_f(param, const Float:source[], size);























native set_error_filter(const handler[]);








native dbg_trace_begin();








native dbg_trace_next(trace);













native dbg_trace_info(trace, &line, function[], maxLength1, file[], maxLength2);











native dbg_fmt_error(buffer[], maxLength);
































native set_native_filter(const handler[]);




























native set_module_filter(const handler[]);



















native abort(error, const fmt[] = "", any:...);












native module_exists(const logtag[]);














native LibraryExists(const library[], LibType:type);













native next_hudchannel(player);



















native CreateHudSyncObj(num = 0, ...);


























native ShowSyncHudMsg(target, syncObj, const fmt[], any:...);

















native ClearSyncHud(target, syncObj);












native int3();
















native set_fail_state(const fmt[], any:...);











native get_var_addr(any:...);












native get_addr_val(addr);













native set_addr_val(addr, val);














native CreateMultiForward(const name[], stop_type, ...);
















native CreateOneForward(plugin_id, const name[], ...);












native PrepareArray(const array[], size, copyback = 0);















native ExecuteForward(forward_handle, &ret = 0, any:...);










native DestroyForward(forward_handle);










native arrayset(any:array[], any:value, size);










native get_weaponid(const name[]);
















native admins_push(const AuthData[], const Password[], Access, Flags);






native admins_num();

















native admins_lookup(num, AdminProp:Property, Buffer[] = "", BufferSize = 0);






native admins_flush();








native bool:has_map_ent_class(const classname[]);













forward OnConfigsExecuted();










forward OnAutoConfigsBuffered();

















native AutoExecConfig(bool:autoCreate = true, const name[] = "", const folder[] = "");












native RequestFrame(const callback[], any:data = 0);


#file F:\SV GAMELAND\server\cstrike\addons\amxmodx\scripting\include\message_stocks.inc
#line 1













#line 18










stock dod_make_deathmsg(killer, victim, weaponNUM)
{
	static msgid = 0;
	if (!msgid)
	{
		msgid = get_user_msgid("DeathMsg");
	}
	message_begin(2, msgid, {0,0,0}, 0);
	write_byte(killer);
	write_byte(victim);
	write_byte(weaponNUM);
	message_end();

	return 1;
}









stock user_silentkill(index, flag = 1)
{
	static msgid = 0;
	new msgblock;
	if (!msgid)
	{
		msgid = get_user_msgid("DeathMsg");
	}
	msgblock = get_msg_block(msgid);
	set_msg_block(msgid, 1);
	user_kill(index, flag);
	set_msg_block(msgid, msgblock);

	return 1;
}











stock make_deathmsg(killer, victim, headshot, const weapon[])
{
	static msgid = 0;
	if (!msgid)
	{
		msgid = get_user_msgid("DeathMsg");
	}
	message_begin(2, msgid, {0,0,0}, 0);
	write_byte(killer);
	write_byte(victim);

	new mod_name[32];
	get_modname(mod_name, 31);
	if (equal(mod_name, "cstrike") || equal(mod_name, "czero") || equal(mod_name, "csv15") || equal(mod_name, "cs13"))
		write_byte(headshot);
	write_string(weapon);
	message_end();

	return 1;
}























stock client_printex(index, type, const msg_name[], const msg_param1[] = "", const msg_param2[] = "", const msg_param3[] = "", const msg_param4[] = "")
{
	new ch = msg_name[0];



	if (ch != '#' && (type != print_radio || !strtol(msg_name)))
	{
		return client_print(index, type, msg_name, msg_param1, msg_param2, msg_param3, msg_param4);
	}


	new length = strlen(msg_name);





	if ((length > 126 && (print_notify <= type <= print_console)) 
	|| ( length > 190 && (print_chat   <= type <= print_radio)))
	{
		return client_print(index, type, msg_name, msg_param1, msg_param2, msg_param3, msg_param4);
	}

	static msgTextMsg; 
	if (!msgTextMsg) 
	{ 
		msgTextMsg = get_user_msgid("TextMsg"); 
	}

	message_begin(index > 0 ? 8 : 0, msgTextMsg, {0,0,0}, index);
	write_byte(type);
	write_string(msg_name);
	if (msg_param1[0]) { write_string(msg_param1); }
	if (msg_param2[0]) { write_string(msg_param2); }
	if (msg_param3[0]) { write_string(msg_param3); }
	if (msg_param4[0]) { write_string(msg_param4); }
	message_end();

	return 1;
}
#file F:\SV GAMELAND\server\cstrike\addons\amxmodx\scripting\include\amxmodx.inc
#line 3436

#file mix_system.sma
#file F:\SV GAMELAND\server\cstrike\addons\amxmodx\scripting\include\amxmisc.inc
#line 1









#line 14

#line 18








stock is_user_admin(id)
{
	new __flags = get_user_flags(id);
	return (__flags > 0 && !(__flags & (1<<25)));
}

















stock cmd_access(id, level, cid, num, bool:accesssilent = false)
{
	new has_access = 0;
	if (id == (is_dedicated_server() ? 0 : 1))
	{
		has_access = 1;
	}
	else if (level == (1<<24))
	{
		if (is_user_admin(id))
		{
			has_access = 1;
		}
	}
	else if (get_user_flags(id) & level)
	{
		has_access = 1;
	}
	else if (level == 0)
	{
		has_access = 1;
	}

	if (has_access == 0)
	{
		if (!accesssilent)
		{
			console_print(id, "%L", id, "NO_ACC_COM");
		}
		return 0;
	}
	if (read_argc() < num)
	{
		new hcmd[32], hinfo[128], hflag, bool:info_ml;
		get_concmd(cid, hcmd, (sizeof(hcmd)-1), hflag, hinfo, (sizeof(hinfo)-1), level, _, info_ml);

		if (info_ml)
		{
			LookupLangKey(hinfo, (sizeof(hinfo)-1), hinfo, id);
		}

		console_print(id, "%L:  %s %s", id, "USAGE", hcmd, hinfo);
		return 0;
	}

	return 1;
}









stock access(id, level)
{
	if (level == (1<<24))
	{
		return is_user_admin(id);
	}
	else if (level == 0)
	{
		return 1;
	}

	return (get_user_flags(id) & level);
}




#line 125























stock cmd_target(id, const arg[], flags = (1<<0))
{
	new player = find_player("bl", arg);
	if (player)
	{
		if (player != find_player("blj", arg))
		{
			console_print(id, "%L", id, "MORE_CL_MATCHT");
			return 0;
		}
	}
	else if ((player = find_player("c", arg)) == 0 && arg[0] == '#' && arg[1])
	{
		player = find_player("k", str_to_num(arg[1]));
	}
	if (!player)
	{
		console_print(id, "%L", id, "CL_NOT_FOUND");
		return 0;
	}
	if (flags & (1<<0))
	{
		if ((get_user_flags(player) & (1<<0)) && ((flags & (1<<1)) ? (id != player) : true))
		{
			new imname[32];
			get_user_name(player, imname, (sizeof(imname)-1));
			console_print(id, "%L", id, "CLIENT_IMM", imname);
			return 0;
		}
	}
	if (flags & (1<<2))
	{
		if (!is_user_alive(player))
		{
			new imname[32];
			get_user_name(player, imname, (sizeof(imname)-1));
			console_print(id, "%L", id, "CANT_PERF_DEAD", imname);
			return 0;
		}
	}
	if (flags & (1<<3))
	{
		if (is_user_bot(player))
		{
			new imname[32];
			get_user_name(player, imname, (sizeof(imname)-1));
			console_print(id, "%L", id, "CANT_PERF_BOT", imname);
			return 0;
		}
	}

	return player;
}












stock show_activity(id, const name[], const fmt[], any:...)
{
	static __amx_show_activity;
	if (__amx_show_activity == 0)
	{
		__amx_show_activity = get_cvar_pointer("amx_show_activity");


		if (__amx_show_activity == 0)
		{
			__amx_show_activity = register_cvar("amx_show_activity", "2", 32);
		}
	}

	new prefix[10];
	if (is_user_admin(id))
	{
		copy(prefix, (sizeof(prefix)-1), "ADMIN");
	}
	else
	{
		copy(prefix, (sizeof(prefix)-1), "PLAYER");
	}
	new buffer[512];
	vformat(buffer, (sizeof(buffer)-1), fmt, 4);

	switch (get_pcvar_num(__amx_show_activity))
	{
		case 5: 
		{
			for (new i = 1; i <= MaxClients; i++)
			{
				if (is_user_connected(i))
				{
					if (is_user_admin(i))
					{
						client_print(i, print_chat, "%L: %s", i, prefix, buffer);
					}
				}
			}
		}
		case 4: 
		{
			for (new i = 1; i <= MaxClients; i++)
			{
				if (is_user_connected(i))
				{
					if (is_user_admin(i))
					{
						client_print(i, print_chat, "%L %s: %s", i, prefix, name, buffer);
					}
				}
			}
		}
		case 3: 
		{
			for (new i = 1; i <= MaxClients; i++)
			{
				if (is_user_connected(i))
				{
					if (is_user_admin(i))
					{
						client_print(i, print_chat, "%L %s: %s", i, prefix, name, buffer);
					}
					else
					{
						client_print(i, print_chat, "%L: %s", i, prefix, buffer);
					}
				}
			}
		}
		case 2: 
		{
			client_print(0, print_chat, "%L %s: %s", -1, prefix , name , buffer);
		}
		case 1: 
		{
			client_print(0, print_chat, "%L: %s", -1, prefix, buffer);
		}
	}
}













stock show_activity_id(idtarget, idadmin, const name[], const fmt[], any:...)
{
	if (idtarget == 0 || !is_user_connected(idtarget))
	{
		return;
	}

	static __amx_show_activity;
	if (__amx_show_activity == 0)
	{
		__amx_show_activity = get_cvar_pointer("amx_show_activity");


		if (__amx_show_activity == 0)
		{
			__amx_show_activity = register_cvar("amx_show_activity", "2", 32);
		}
	}

	static prefix[10];
	if (is_user_admin(idadmin))
	{
		copy(prefix, (sizeof(prefix)-1), "ADMIN");
	}
	else
	{
		copy(prefix, (sizeof(prefix)-1), "PLAYER");
	}

	static buffer[512];
	vformat(buffer, (sizeof(buffer)-1), fmt, 5);

	switch (get_pcvar_num(__amx_show_activity))
	{
		case 5: 
		{
			if (is_user_admin(idtarget))
			{
				client_print(idtarget, print_chat, "%L: %s", idtarget, prefix, buffer);
			}
		}
		case 4: 
		{
			if (is_user_admin(idtarget))
			{
				client_print(idtarget, print_chat, "%L %s: %s", idtarget, prefix, name, buffer);
			}
		}
		case 3: 
		{
			if (is_user_admin(idtarget))
			{
				client_print(idtarget, print_chat, "%L %s: %s", idtarget, prefix, name, buffer);
			}
			else
			{
				client_print(idtarget, print_chat, "%L: %s", idtarget, prefix, buffer);
			}
		}
		case 2: 
		{
			client_print(idtarget, print_chat, "%L %s: %s", idtarget, prefix, name, buffer);
		}
		case 1: 
		{
			client_print(idtarget, print_chat, "%L: %s", idtarget, prefix, buffer);
		}
	}
}















stock show_activity_key(const KeyWithoutName[], const KeyWithName[], const ___AdminName[], any:...)
{

#pragma unused ___AdminName
	static __amx_show_activity;
	if (__amx_show_activity == 0)
	{
		__amx_show_activity = get_cvar_pointer("amx_show_activity");


		if (__amx_show_activity == 0)
		{
			__amx_show_activity = register_cvar("amx_show_activity", "2", 32);
		}
	}

	new buffer[512];
	new keyfmt[256];
	new i;

	switch (get_pcvar_num(__amx_show_activity))
	{
		case 5: 
		{
			while (i++ < MaxClients)
			{
				if (is_user_connected(i))
				{
					if (is_user_admin(i))
					{
						LookupLangKey(keyfmt, (sizeof(keyfmt)-1), KeyWithoutName, i);


						vformat(buffer, (sizeof(buffer)-1), keyfmt, 4);
						client_print(i, print_chat, "%s", buffer);
					}
				}
			}
		}
		case 4: 
		{
			while (i++ < MaxClients)
			{
				if (is_user_connected(i))
				{
					if (is_user_admin(i))
					{
						LookupLangKey(keyfmt, (sizeof(keyfmt)-1), KeyWithName, i);
						vformat(buffer, (sizeof(buffer)-1), keyfmt, 3);
						client_print(i, print_chat, "%s", buffer);
					}
				}
			}
		}
		case 3: 
		{
			while (i++ < MaxClients)
			{
				if (is_user_connected(i))
				{
					if (is_user_admin(i))
					{
						LookupLangKey(keyfmt, (sizeof(keyfmt)-1), KeyWithName, i);
						vformat(buffer, (sizeof(buffer)-1), keyfmt, 3);
					}
					else
					{
						LookupLangKey(keyfmt, (sizeof(keyfmt)-1), KeyWithoutName, i);


						vformat(buffer, (sizeof(buffer)-1), keyfmt, 4);
					}
					client_print(i, print_chat, "%s", buffer);
				}
			}
		}
		case 2: 
		{
			while (i++ < MaxClients)
			{
				if (is_user_connected(i))
				{
					LookupLangKey(keyfmt, (sizeof(keyfmt)-1), KeyWithName, i);
					vformat(buffer, (sizeof(buffer)-1), keyfmt, 3);
					client_print(i, print_chat, "%s", buffer);
				}
			}
		}
		case 1: 
		{
			while (i++ < MaxClients)
			{
				if (is_user_connected(i))
				{
					LookupLangKey(keyfmt, (sizeof(keyfmt)-1), KeyWithoutName, i);


					vformat(buffer, (sizeof(buffer)-1), keyfmt, 4);
					client_print(i, print_chat, "%s", buffer);
				}
			}
		}
	}
}













stock colored_menus()
{
	static ColoredMenus = -1;

	if (ColoredMenus == -1)
	{
		new const ModNames[][] = { "cstrike", "czero", "dmc", "dod", "tfc", "valve" };
		new ModName[32];

		get_modname(ModName, (sizeof(ModName)-1));

		for (new Iterator = 0; Iterator < sizeof(ModNames); Iterator++)
		{
			if (equal(ModName, ModNames[Iterator]))
			{
				ColoredMenus = 1;

				break;
			}
		}

		if (ColoredMenus == -1)
			ColoredMenus = 0;
	}

	return ColoredMenus;
}






stock cstrike_running()
{
	new mod_name[32];
	get_modname(mod_name, (sizeof(mod_name)-1));

	return (equal(mod_name, "cstrike") || equal(mod_name, "czero") || equal(mod_name, "csv15") || equal(mod_name, "cs13"));
}








stock is_running(const mod[])
{
	new mod_name[32];
	get_modname(mod_name, (sizeof(mod_name)-1));

	return equal(mod_name, mod);
}









stock get_basedir(name[], len)
{
	return get_localinfo("amxx_basedir", name, len);
}









stock get_configsdir(name[], len)
{
	return get_localinfo("amxx_configsdir", name, len);
}









stock get_datadir(name[], len)
{
	return get_localinfo("amxx_datadir", name, len);
}
















stock register_menu(const title[], keys, const function[], outside = 0)
{
	register_menucmd(register_menuid(title, outside), keys, function);
}













#pragma deprecated The concept of a custom directory no longer exists in AMXX. Do not use.
stock get_customdir(name[], len)
{
	return get_configsdir(name, len);
}













stock AddMenuItem(const MENU_TEXT[], const MENU_CMD[], const MENU_ACCESS, const MENU_PLUGIN[])
{
	AddMenuItem_call(MENU_TEXT, MENU_CMD, MENU_ACCESS, MENU_PLUGIN, false);
}














stock AddClientMenuItem(const MENU_TEXT[], const MENU_CMD[], const MENU_ACCESS, const MENU_PLUGIN[])
{
	AddMenuItem_call(MENU_TEXT, MENU_CMD, MENU_ACCESS, MENU_PLUGIN, true);
}














stock AddMenuItem_call(const MENU_TEXT[], const MENU_CMD[], const MENU_ACCESS, const MENU_PLUGIN[], const bool:ADD_TO_CLIENT_MENU)
{
	new pluginid = is_plugin_loaded("Menus Front-End");
	if (pluginid == -1)
	{
		log_amx("Can't add menu item ^"%s^" from plugin ^"%s^" to menu set because the Menus Front-End plugin itself is not loaded!", MENU_TEXT, MENU_PLUGIN);
		return; 
	}

	new filename[64], b[1];
	get_plugin(pluginid, filename, (sizeof(filename)-1), b, (sizeof(b)-1), b, (sizeof(b)-1), b, (sizeof(b)-1), b, (sizeof(b)-1));

	new status = callfunc_begin(ADD_TO_CLIENT_MENU ? "AddClientMenu" : "AddMenu", filename);
	new bool:failed = true;
	switch (status)
	{
		case 1:
		{
			failed = false;
		}
		case 0:
		{
			log_amx("Run time error! (AddMenuItem_call failed)");
		}
		case -2:
		{
			log_amx("Function not found! (AddMenuItem_call failed)");
		}
		case -1:
		{
			log_amx("Plugin not found! (AddMenuItem_call failed)");
		}
	}
	if (failed)
	{
		return;
	}

	callfunc_push_str(MENU_TEXT);

	callfunc_push_str(MENU_CMD);

	callfunc_push_int(MENU_ACCESS);

	callfunc_push_str(MENU_PLUGIN);

	callfunc_end();
}


















stock constraint_offset(low, high, seed, offset)
{
	new numElements = high - low + 1;
	offset += seed - low;

	if (offset >= 0)
	{
		return low + (offset % numElements);
	}
	else
	{
		return high - (abs(offset) % numElements) + 1;
	}

	return 0;	
}









stock has_flag(id, const flags[])
{
	return (get_user_flags(id) & read_flags(flags));
}









stock has_all_flags(id, const flags[])
{
	new FlagsNumber = read_flags(flags);
	return ((get_user_flags(id) & FlagsNumber) == FlagsNumber);
}










stock reset_menu(index)
{
	show_menu(index, 0, "", 0);
}
























stock set_task_ex(Float:time, const function[], id = 0, const any:parameter[] = "", len = 0, SetTaskFlags:flags = SetTask_Once, repeat = 0)
{
	new strFlags[2]; 
	get_flags(_:flags, strFlags, (sizeof(strFlags)-1));
	set_task(time, function, id, parameter, len, strFlags, repeat);
}
























stock get_players_ex(players[32] = {}, &num, GetPlayersFlags:flags = GetPlayers_None, const team[] = "")
{
	new strFlags[10];
	get_flags(_:flags, strFlags, (sizeof(strFlags)-1));
	get_players(players, num, strFlags, team);
}






















stock get_playersnum_ex(GetPlayersFlags:flags = GetPlayers_None, const team[] = "")
{
	new PlayersNum;
	get_players_ex(_, PlayersNum, flags, team);
	return PlayersNum;
}
#file mix_system.sma
#file F:\SV GAMELAND\server\cstrike\addons\amxmodx\scripting\include\cstrike.inc
#line 1













#line 18

#pragma reqlib cstrike
#line 21
	#pragma loadlib cstrike
#line 23

#file F:\SV GAMELAND\server\cstrike\addons\amxmodx\scripting\include\cstrike_const.inc
#line 1













#line 15
	#endinput
#file F:\SV GAMELAND\server\cstrike\addons\amxmodx\scripting\include\cstrike.inc
#line 25











native cs_get_user_deaths(index);













native cs_set_user_deaths(index, newdeaths, bool:scoreboard = true);













native cs_get_hostage_foll(index);














native cs_set_hostage_foll(index, followedindex = 0);










native cs_get_hostage_id(index);






























native cs_get_user_bpammo(index, weapon);































native cs_set_user_bpammo(index, weapon, amount);











native cs_get_user_defuse(index);



















native cs_set_user_defuse(index, defusekit = 1, r = 0, g = 160, b = 0, icon[] = "defuser", flash = 0);











native cs_get_user_buyzone(index);












native cs_get_user_hasprim(index);













native cs_get_user_model(index, model[], len);





















native cs_set_user_model(index, const model[], bool:update_index = false);













native cs_reset_user_model(index);











native cs_get_user_money(index);














native cs_set_user_money(index, money, flash = 1);











native cs_get_user_nvg(index);













native cs_set_user_nvg(index, nvgoggles = 1);















native cs_get_user_plant(index);























native cs_set_user_plant(index, plant = 1, showbombicon = 1);


















native cs_set_user_team(index, any:team, any:model = CS_DONTCHANGE, bool:send_teaminfo = true);















native CsTeams:cs_get_user_team(index, &any:model = CS_DONTCHANGE);











native cs_get_user_vip(index);






















native cs_set_user_vip(index, vip = 1, model = 1, scoreboard = 1);















native cs_get_user_tked(index);


















native cs_set_user_tked(index, tk = 1, subtract = 1);















native cs_get_user_driving(index);











native cs_get_user_shield(index);











native cs_get_user_stationary(index);














native cs_get_user_armor(index, &CsArmorType:armortype = CS_ARMOR_NONE);
















native cs_set_user_armor(index, armorvalue, CsArmorType:armortype);















native cs_get_weapon_burst(index);



















native cs_set_weapon_burst(index, burstmode = 1);















native cs_get_weapon_silen(index);

























native cs_set_weapon_silen(index, silence = 1, draw_animation = 1);













native cs_get_weapon_ammo(index);















native cs_set_weapon_ammo(index, newammo);















native cs_get_weapon_id(index);











native cs_get_no_knives();













native cs_set_no_knives(noknives = 0);















native cs_user_spawn(player);



















native cs_get_armoury_type(index, &count = 1);























native cs_set_armoury_type(index, type, count = -1);










native cs_get_weaponbox_item(weaponboxIndex);















native cs_get_user_mapzones(index);





















native cs_set_user_zoom(index, type, mode);














native cs_get_user_zoom(index);















native cs_get_user_submodel(index);















native cs_set_user_submodel(index, value);













native Float:cs_get_user_lastactivity(index);














native cs_set_user_lastactivity(index, Float:value);














native cs_get_user_hostagekills(index);

















native cs_set_user_hostagekills(index, value);










native Float:cs_get_hostage_lastuse(index);











native cs_set_hostage_lastuse(index, Float:value);










native Float:cs_get_hostage_nextuse(index);











native cs_set_hostage_nextuse(index, Float:value);










native Float:cs_get_c4_explode_time(index);











native cs_set_c4_explode_time(index, Float:value);










native bool:cs_get_c4_defusing(c4index);











native cs_set_c4_defusing(c4index, bool:defusing);



























native cs_create_entity(const classname[]);


















native cs_find_ent_by_class(start_index, const classname[]);



















native cs_find_ent_by_owner(start_index, const classname[], owner);













native cs_set_ent_class(index, const classname[]);














native any:cs_get_item_id(const name[], &CsWeaponClassType:classid = CS_WEAPONCLASS_NONE);












native bool:cs_get_item_alias(itemid, name[], name_maxlen, altname[] = "", altname_maxlen = 0);













native bool:cs_get_translated_item_alias(const alias[], itemname[], maxlength);










native any:cs_get_weapon_info(weapon_id, CsWeaponInfo:type);











native cs_get_user_weapon_entity(playerIndex);















native cs_get_user_weapon(playerIndex, &clip = 0, &ammo = 0);








stock CsWeaponClassType:cs_get_weapon_class(weapon_id)
{
	new CsWeaponClassType:type = CS_WEAPONCLASS_NONE;

	if (cs_is_valid_itemid(weapon_id, .weapon_only = true) || weapon_id == 35)
	{
		switch (weapon_id)
		{
			case 99, 35: 
			{
				type = CS_WEAPONCLASS_PISTOL;
			}
			case 29: 
			{
				type = CS_WEAPONCLASS_KNIFE;
			}
			default:
			{
				new const bits = (1 << weapon_id);

				if(bits & CSW_ALL_PISTOLS)
				{
					type = CS_WEAPONCLASS_PISTOL;
				}
				else if(bits & CSW_ALL_GRENADES)
				{
					type = CS_WEAPONCLASS_GRENADE;
				}
				else if(bits & CSW_ALL_SMGS)
				{
					type = CS_WEAPONCLASS_SUBMACHINEGUN;
				}
				else if(bits & CSW_ALL_SHOTGUNS)
				{
					type = CS_WEAPONCLASS_SHOTGUN;
				}
				else if(bits & CSW_ALL_MACHINEGUNS)
				{
					type = CS_WEAPONCLASS_MACHINEGUN;
				}
				else if(bits & CSW_ALL_RIFLES)
				{
					type = CS_WEAPONCLASS_RIFLE;
				}
				else if(bits & CSW_ALL_SNIPERRIFLES)
				{
					type = CS_WEAPONCLASS_SNIPERRIFLE;
				}
			}
		}
	}

	return type;
}










stock bool:cs_is_valid_itemid(id, bool:weapon_only = false)
{
	if (id <= 0)
	{
		return false;
	}

	if (id > 30 && id != 99 && weapon_only)
	{
		return false;
	}

	if (id >= 38)
	{
		return false;
	}

	return true;
}













forward CS_InternalCommand(id, const cmd[]);














forward CS_OnBuyAttempt(index, item);














forward CS_OnBuy(index, item);
#file mix_system.sma
#file F:\SV GAMELAND\server\cstrike\addons\amxmodx\scripting\include\fun.inc
#line 1













#line 18

#pragma reqlib fun
#line 21
	#pragma loadlib fun
#line 23





const HITZONE_GENERIC  = (1 << 0);   
const HITZONE_HEAD     = (1 << 1);      
const HITZONE_CHEST    = (1 << 2);     
const HITZONE_STOMACH  = (1 << 3);   
const HITZONE_LEFTARM  = (1 << 4);   
const HITZONE_RIGHTARM = (1 << 5);  
const HITZONE_LEFTLEG  = (1 << 6);   
const HITZONE_RIGHTLEG = (1 << 7);  
const HITZONES_DEFAULT = HITZONE_GENERIC | HITZONE_HEAD     | HITZONE_CHEST   | HITZONE_STOMACH | 
                         HITZONE_LEFTARM | HITZONE_RIGHTARM | HITZONE_LEFTLEG | HITZONE_RIGHTLEG; 











native get_client_listen(receiver, sender);












native set_client_listen(receiver, sender, listen);











native set_user_godmode(index, godmode = 0);










native get_user_godmode(index);











native set_user_armor(index, armor);











native set_user_health(index, health);











native set_user_origin(index, const origin[3]);



















native set_user_rendering(index, fx = kRenderFxNone, r = 0, g = 0, b = 0, render = kRenderNormal, amount = 0);



















native get_user_rendering(index, &fx = kRenderFxNone, &r = 0, &g = 0, &b = 0, &render = kRenderNormal, &amount = 0);














native give_item(index, const item[]);
















native set_user_hitzones(index = 0, target = 0, body = HITZONES_DEFAULT);













native get_user_hitzones(index, target);











native set_user_maxspeed(index, Float:speed = -1.0);










native Float:get_user_maxspeed(index);











native set_user_gravity(index, Float:gravity = 1.0);










native Float:get_user_gravity(index);










native spawn(index);











native set_user_noclip(index, noclip = 0);










native get_user_noclip(index);










native get_user_footsteps(index);











native set_user_footsteps(id, set = 1);










native strip_user_weapons(index);











native set_user_frags(index, frags);
#file mix_system.sma
#file F:\SV GAMELAND\server\cstrike\addons\amxmodx\scripting\include\reapi.inc
#line 4

#line 6

#line 8
	#pragma reqlib reapi
#line 10
		#pragma loadlib reapi
#line 15

enum hooks_tables_e
{
	ht_engine,
	ht_gamedll,
	ht_animating,
	ht_player,
	ht_gamerules,
	ht_rechecker,
	ht_grenade,
	ht_weaponbox,
	ht_weapon,
	ht_gib,
	ht_cbaseentity,
	ht_botmanager
};

enum members_tables_e
{
	mt_gamerules,
	mt_base,
	mt_animating,
	mt_basemonster,
	mt_player,
	mt_entvars,
	mt_playermove,
	mt_movevars,
	mt_usercmd,
	mt_pmtrace,
	mt_csplayer,
	mt_baseitem,
	mt_baseweapon,
	mt_weaponbox,
	mt_armoury,
	mt_grenade,
	mt_p228,
	mt_scout,
	mt_hegrenade,
	mt_xm1014,
	mt_c4,
	mt_mac10,
	mt_aug,
	mt_smokegrenade,
	mt_elite,
	mt_fiveseven,
	mt_ump45,
	mt_sg550,
	mt_galil,
	mt_famas,
	mt_usp,
	mt_glock18,
	mt_awp,
	mt_mp5n,
	mt_m249,
	mt_m3,
	mt_m4a1,
	mt_tmp,
	mt_g3sg1,
	mt_deagle,
	mt_sg552,
	mt_ak47,
	mt_knife,
	mt_p90,
	mt_shield,
	mt_rebuystruct,
	mt_mapinfo,
	mt_csplayerweapon,
	mt_gib,
	mt_netadr,
	mt_csentity,
	mt_netchan
};

#line 89


#line 92

#line 94

#line 97

#file F:\SV GAMELAND\server\cstrike\addons\amxmodx\scripting\include\cssdk_const.inc
#line 5




#line 10

#line 12

#line 16

#line 19




#line 39




#line 73





#line 81




#line 97








#line 110




#line 119







#line 129




#line 146




#line 154

#line 159

#line 161




#line 173




#line 180








#line 195





#line 207





#line 238


#line 241


#line 244





#line 252





#line 264





#line 277




#line 287








#line 298




#line 304




#line 310




#line 318




#line 324




#line 329




#line 335




#line 340







#line 349




#line 359




#line 364




#line 369




#line 374




#line 382




#line 389




#line 396




#line 410




#line 417




#line 423




#line 433




#line 444




#line 449




#line 455




#line 460




#line 466




#line 472




#line 477




#line 484




#line 490





#line 498




#line 503





#line 513




#line 521




#line 530




#line 537




#line 543




#line 552




#line 558




#line 563




#line 569






#line 579




#line 584




#line 589




#line 596




#line 610




#line 618




#line 623




#line 628




#line 636




#line 641




#line 646




#line 651




#line 658




#line 663








#line 673

#line 680




#line 686




#line 691


#line 697





#line 713


#line 716




#line 724




enum
{
	IGNOREMSG_NONE,  
	IGNOREMSG_ENEMY, 
	IGNOREMSG_TEAM   
}




enum HitBoxGroup
{
	HITGROUP_GENERIC = 0,
	HITGROUP_HEAD,
	HITGROUP_CHEST,
	HITGROUP_STOMACH,
	HITGROUP_LEFTARM,
	HITGROUP_RIGHTARM,
	HITGROUP_LEFTLEG,
	HITGROUP_RIGHTLEG,
	HITGROUP_SHIELD
};




enum ArmorType
{
	ARMOR_NONE,     
	ARMOR_KEVLAR,   
	ARMOR_VESTHELM, 
};




enum ArmouryItemPack
{
	ARMOURY_MP5NAVY,
	ARMOURY_TMP,
	ARMOURY_P90,
	ARMOURY_MAC10,
	ARMOURY_AK47,
	ARMOURY_SG552,
	ARMOURY_M4A1,
	ARMOURY_AUG,
	ARMOURY_SCOUT,
	ARMOURY_G3SG1,
	ARMOURY_AWP,
	ARMOURY_M3,
	ARMOURY_XM1014,
	ARMOURY_M249,
	ARMOURY_FLASHBANG,
	ARMOURY_HEGRENADE,
	ARMOURY_KEVLAR,
	ARMOURY_ASSAULT,
	ARMOURY_SMOKEGRENADE,
	ARMOURY_SHIELD,
	ARMOURY_FAMAS,
	ARMOURY_SG550,
	ARMOURY_GALIL,
	ARMOURY_UMP45,
	ARMOURY_GLOCK18,
	ARMOURY_USP,
	ARMOURY_ELITE,
	ARMOURY_FIVESEVEN,
	ARMOURY_P228,
	ARMOURY_DEAGLE,
};




enum RewardType
{
	RT_NONE,
	RT_ROUND_BONUS,
	RT_PLAYER_RESET,
	RT_PLAYER_JOIN,
	RT_PLAYER_SPEC_JOIN,
	RT_PLAYER_BOUGHT_SOMETHING,
	RT_HOSTAGE_TOOK,
	RT_HOSTAGE_RESCUED,
	RT_HOSTAGE_DAMAGED,
	RT_HOSTAGE_KILLED,
	RT_TEAMMATES_KILLED,
	RT_ENEMY_KILLED,
	RT_INTO_GAME,
	RT_VIP_KILLED,
	RT_VIP_RESCUED_MYSELF
};




enum TeamName
{
	TEAM_UNASSIGNED,
	TEAM_TERRORIST,
	TEAM_CT,
	TEAM_SPECTATOR
};




enum ModelName
{
	MODEL_UNASSIGNED,
	MODEL_CT_URBAN,
	MODEL_T_TERROR,
	MODEL_T_LEET,
	MODEL_T_ARCTIC,
	MODEL_CT_GSG9,
	MODEL_CT_GIGN,
	MODEL_CT_SAS,
	MODEL_T_GUERILLA,
	MODEL_CT_VIP,
	MODEL_T_MILITIA,
	MODEL_CT_SPETSNAZ,
	MODEL_AUTO
};




enum
{
	GR_NONE = 0,
	GR_WEAPON_RESPAWN_YES,
	GR_WEAPON_RESPAWN_NO,
	GR_AMMO_RESPAWN_YES,
	GR_AMMO_RESPAWN_NO,
	GR_ITEM_RESPAWN_YES,
	GR_ITEM_RESPAWN_NO,
	GR_PLR_DROP_GUN_ALL,
	GR_PLR_DROP_GUN_ACTIVE,
	GR_PLR_DROP_GUN_NO,
	GR_PLR_DROP_AMMO_ALL,
	GR_PLR_DROP_AMMO_ACTIVE,
	GR_PLR_DROP_AMMO_NO,

	GR_PLR_DROP_GUN_BEST
};




enum WeaponIdType
{
	WEAPON_NONE,
	WEAPON_P228,
	WEAPON_GLOCK,
	WEAPON_SCOUT,
	WEAPON_HEGRENADE,
	WEAPON_XM1014,
	WEAPON_C4,
	WEAPON_MAC10,
	WEAPON_AUG,
	WEAPON_SMOKEGRENADE,
	WEAPON_ELITE,
	WEAPON_FIVESEVEN,
	WEAPON_UMP45,
	WEAPON_SG550,
	WEAPON_GALIL,
	WEAPON_FAMAS,
	WEAPON_USP,
	WEAPON_GLOCK18,
	WEAPON_AWP,
	WEAPON_MP5N,
	WEAPON_M249,
	WEAPON_M3,
	WEAPON_M4A1,
	WEAPON_TMP,
	WEAPON_G3SG1,
	WEAPON_FLASHBANG,
	WEAPON_DEAGLE,
	WEAPON_SG552,
	WEAPON_AK47,
	WEAPON_KNIFE,
	WEAPON_P90,
	WEAPON_SHIELDGUN = 99
};





enum TimeBasedDamage
{
	ITDB_PARALYZE,
	ITDB_NERVEGAS,
	ITDB_POISON,
	ITDB_RADIATION,
	ITDB_DROWNRECOVER,
	ITDB_ACID,
	ITDB_SLOWBURN,
	ITDB_SLOWFREEZE
};




enum Activity
{
	ACT_INVALID = -1,
	ACT_RESET, 
	ACT_IDLE,
	ACT_GUARD,
	ACT_WALK,
	ACT_RUN,
	ACT_FLY,
	ACT_SWIM,
	ACT_HOP,
	ACT_LEAP,
	ACT_FALL,
	ACT_LAND,
	ACT_STRAFE_LEFT,
	ACT_STRAFE_RIGHT,
	ACT_ROLL_LEFT,
	ACT_ROLL_RIGHT,
	ACT_TURN_LEFT,
	ACT_TURN_RIGHT,
	ACT_CROUCH,
	ACT_CROUCHIDLE,
	ACT_STAND,
	ACT_USE,
	ACT_SIGNAL1,
	ACT_SIGNAL2,
	ACT_SIGNAL3,
	ACT_TWITCH,
	ACT_COWER,
	ACT_SMALL_FLINCH,
	ACT_BIG_FLINCH,
	ACT_RANGE_ATTACK1,
	ACT_RANGE_ATTACK2,
	ACT_MELEE_ATTACK1,
	ACT_MELEE_ATTACK2,
	ACT_RELOAD,
	ACT_ARM,
	ACT_DISARM,
	ACT_EAT,
	ACT_DIESIMPLE,
	ACT_DIEBACKWARD,
	ACT_DIEFORWARD,
	ACT_DIEVIOLENT,
	ACT_BARNACLE_HIT,
	ACT_BARNACLE_PULL,
	ACT_BARNACLE_CHOMP,
	ACT_BARNACLE_CHEW,
	ACT_SLEEP,
	ACT_INSPECT_FLOOR,
	ACT_INSPECT_WALL,
	ACT_IDLE_ANGRY,
	ACT_WALK_HURT,
	ACT_RUN_HURT,
	ACT_HOVER,
	ACT_GLIDE,
	ACT_FLY_LEFT,
	ACT_FLY_RIGHT,
	ACT_DETECT_SCENT,
	ACT_SNIFF,
	ACT_BITE,
	ACT_THREAT_DISPLAY,
	ACT_FEAR_DISPLAY,
	ACT_EXCITED,
	ACT_SPECIAL_ATTACK1,
	ACT_SPECIAL_ATTACK2,
	ACT_COMBAT_IDLE,
	ACT_WALK_SCARED,
	ACT_RUN_SCARED,
	ACT_VICTORY_DANCE,
	ACT_DIE_HEADSHOT,
	ACT_DIE_CHESTSHOT,
	ACT_DIE_GUTSHOT,
	ACT_DIE_BACKSHOT,
	ACT_FLINCH_HEAD,
	ACT_FLINCH_CHEST,
	ACT_FLINCH_STOMACH,
	ACT_FLINCH_LEFTARM,
	ACT_FLINCH_RIGHTARM,
	ACT_FLINCH_LEFTLEG,
	ACT_FLINCH_RIGHTLEG,
	ACT_FLINCH,
	ACT_LARGE_FLINCH,
	ACT_HOLDBOMB,
	ACT_IDLE_FIDGET,
	ACT_IDLE_SCARED,
	ACT_IDLE_SCARED_FIDGET,
	ACT_FOLLOW_IDLE,
	ACT_FOLLOW_IDLE_FIDGET,
	ACT_FOLLOW_IDLE_SCARED,
	ACT_FOLLOW_IDLE_SCARED_FIDGET,
	ACT_CROUCH_IDLE,
	ACT_CROUCH_IDLE_FIDGET,
	ACT_CROUCH_IDLE_SCARED,
	ACT_CROUCH_IDLE_SCARED_FIDGET,
	ACT_CROUCH_WALK,
	ACT_CROUCH_WALK_SCARED,
	ACT_CROUCH_DIE,
	ACT_WALK_BACK,
	ACT_IDLE_SNEAKY,
	ACT_IDLE_SNEAKY_FIDGET,
	ACT_WALK_SNEAKY,
	ACT_WAVE,
	ACT_YES,
	ACT_NO
};




enum WinStatus
{
	WINSTATUS_NONE = 0,
	WINSTATUS_CTS,
	WINSTATUS_TERRORISTS,
	WINSTATUS_DRAW,
};


#line 1053




enum ScenarioEventEndRound
{
	ROUND_NONE,
	ROUND_TARGET_BOMB,
	ROUND_VIP_ESCAPED,
	ROUND_VIP_ASSASSINATED,
	ROUND_TERRORISTS_ESCAPED,
	ROUND_CTS_PREVENT_ESCAPE,
	ROUND_ESCAPING_TERRORISTS_NEUTRALIZED,
	ROUND_BOMB_DEFUSED,
	ROUND_CTS_WIN,
	ROUND_TERRORISTS_WIN,
	ROUND_END_DRAW,
	ROUND_ALL_HOSTAGES_RESCUED,
	ROUND_TARGET_SAVED,
	ROUND_HOSTAGE_NOT_RESCUED,
	ROUND_TERRORISTS_NOT_ESCAPED,
	ROUND_VIP_NOT_ESCAPED,
	ROUND_GAME_COMMENCE,
	ROUND_GAME_RESTART,
	ROUND_GAME_OVER
};




enum PLAYER_ANIM
{
	PLAYER_IDLE,
	PLAYER_WALK,
	PLAYER_JUMP,
	PLAYER_SUPERJUMP,
	PLAYER_DIE,
	PLAYER_ATTACK1,
	PLAYER_ATTACK2,
	PLAYER_FLINCH,
	PLAYER_LARGE_FLINCH,
	PLAYER_RELOAD,
	PLAYER_HOLDBOMB
};




enum JoinState
{
	JOINED,
	SHOWLTEXT,
	READINGLTEXT,
	SHOWTEAMSELECT,
	PICKINGTEAM,
	GETINTOGAME
};




enum _Menu
{
	Menu_OFF,
	Menu_ChooseTeam,
	Menu_IGChooseTeam,
	Menu_ChooseAppearance,
	Menu_Buy,
	Menu_BuyPistol,
	Menu_BuyRifle,
	Menu_BuyMachineGun,
	Menu_BuyShotgun,
	Menu_BuySubMachineGun,
	Menu_BuyItem,
	Menu_Radio1,
	Menu_Radio2,
	Menu_Radio3,
	Menu_ClientBuy
};




enum TrackCommands
{
	CMD_SAY,
	CMD_SAYTEAM,
	CMD_FULLUPDATE,
	CMD_VOTE,
	CMD_VOTEMAP,
	CMD_LISTMAPS,
	CMD_LISTPLAYERS,
	CMD_NIGHTVISION,
	COMMANDS_TO_TRACK,
};




enum InventorySlotType
{
	NONE_SLOT,
	PRIMARY_WEAPON_SLOT,
	PISTOL_SLOT,
	KNIFE_SLOT,
	GRENADE_SLOT,
	C4_SLOT,
};




enum shieldgren_e
{
	SHIELDREN_IDLE = 4,
	SHIELDREN_UP,
	SHIELDREN_DOWN
};

enum shieldgun_e
{
	SHIELDGUN_IDLE,
	SHIELDGUN_SHOOT1,
	SHIELDGUN_SHOOT2,
	SHIELDGUN_SHOOT_EMPTY,
	SHIELDGUN_RELOAD,
	SHIELDGUN_DRAW,
	SHIELDGUN_DRAWN_IDLE,
	SHIELDGUN_UP,
	SHIELDGUN_DOWN,
};




enum SignalState
{
	SIGNAL_BUY       = (1<<(0)),
	SIGNAL_BOMB      = (1<<(1)),
	SIGNAL_RESCUE    = (1<<(2)),
	SIGNAL_ESCAPE    = (1<<(3)),
	SIGNAL_VIPSAFETY = (1<<(4)),
};




enum WeaponState
{
	WPNSTATE_USP_SILENCED       = (1<<(0)),
	WPNSTATE_GLOCK18_BURST_MODE = (1<<(1)),
	WPNSTATE_M4A1_SILENCED      = (1<<(2)),
	WPNSTATE_ELITE_LEFT         = (1<<(3)),
	WPNSTATE_FAMAS_BURST_MODE   = (1<<(4)),
	WPNSTATE_SHIELD_DRAWN       = (1<<(5)),
};




enum Bullet
{
	BULLET_NONE,
	BULLET_PLAYER_9MM,
	BULLET_PLAYER_MP5,
	BULLET_PLAYER_357,
	BULLET_PLAYER_BUCKSHOT,
	BULLET_PLAYER_CROWBAR,
	BULLET_MONSTER_9MM,
	BULLET_MONSTER_MP5,
	BULLET_MONSTER_12MM,
	BULLET_PLAYER_45ACP,
	BULLET_PLAYER_338MAG,
	BULLET_PLAYER_762MM,
	BULLET_PLAYER_556MM,
	BULLET_PLAYER_50AE,
	BULLET_PLAYER_57MM,
	BULLET_PLAYER_357SIG,
};




enum RewardRules
{
	RR_CTS_WIN,
	RR_TERRORISTS_WIN,
	RR_TARGET_BOMB,
	RR_VIP_ESCAPED,
	RR_VIP_ASSASSINATED,
	RR_TERRORISTS_ESCAPED,
	RR_CTS_PREVENT_ESCAPE,
	RR_ESCAPING_TERRORISTS_NEUTRALIZED,
	RR_BOMB_DEFUSED,
	RR_BOMB_PLANTED,
	RR_BOMB_EXPLODED,
	RR_ALL_HOSTAGES_RESCUED,
	RR_TARGET_BOMB_SAVED,
	RR_HOSTAGE_NOT_RESCUED,
	RR_VIP_NOT_ESCAPED,
	RR_LOSER_BONUS_DEFAULT,
	RR_LOSER_BONUS_MIN,
	RR_LOSER_BONUS_MAX,
	RR_LOSER_BONUS_ADD,
	RR_RESCUED_HOSTAGE,
	RR_TOOK_HOSTAGE_ACC,
	RR_TOOK_HOSTAGE,
	RR_END
};




enum ItemRestType
{
	ITEM_TYPE_BUYING,  
	ITEM_TYPE_TOUCHED, 
	ITEM_TYPE_EQUIPPED 
};




enum ItemID
{
	ITEM_NONE = -1,
	ITEM_SHIELDGUN,
	ITEM_P228,
	ITEM_GLOCK,
	ITEM_SCOUT,
	ITEM_HEGRENADE,
	ITEM_XM1014,
	ITEM_C4,
	ITEM_MAC10,
	ITEM_AUG,
	ITEM_SMOKEGRENADE,
	ITEM_ELITE,
	ITEM_FIVESEVEN,
	ITEM_UMP45,
	ITEM_SG550,
	ITEM_GALIL,
	ITEM_FAMAS,
	ITEM_USP,
	ITEM_GLOCK18,
	ITEM_AWP,
	ITEM_MP5N,
	ITEM_M249,
	ITEM_M3,
	ITEM_M4A1,
	ITEM_TMP,
	ITEM_G3SG1,
	ITEM_FLASHBANG,
	ITEM_DEAGLE,
	ITEM_SG552,
	ITEM_AK47,
	ITEM_KNIFE,
	ITEM_P90,
	ITEM_NVG,
	ITEM_DEFUSEKIT,
	ITEM_KEVLAR,
	ITEM_ASSAULT,
	ITEM_LONGJUMP,
	ITEM_SODACAN,
	ITEM_HEALTHKIT,
	ITEM_ANTIDOTE,
	ITEM_BATTERY
};




enum InfoMapBuyParam
{
	BUYING_EVERYONE = 0,
	BUYING_ONLY_CTS,
	BUYING_ONLY_TERRORISTS,
	BUYING_NO_ONE,
};




#line 1339




#line 1349




#line 1356





#line 1366





#line 1376




enum GameEventType
{
	EVENT_INVALID = 0,
	EVENT_WEAPON_FIRED,                 
	EVENT_WEAPON_FIRED_ON_EMPTY,        
	EVENT_WEAPON_RELOADED,              

	EVENT_HE_GRENADE_EXPLODED,          
	EVENT_FLASHBANG_GRENADE_EXPLODED,   
	EVENT_SMOKE_GRENADE_EXPLODED,       
	EVENT_GRENADE_BOUNCED,

	EVENT_BEING_SHOT_AT,
	EVENT_PLAYER_BLINDED_BY_FLASHBANG,  
	EVENT_PLAYER_FOOTSTEP,              
	EVENT_PLAYER_JUMPED,                
	EVENT_PLAYER_DIED,                  
	EVENT_PLAYER_LANDED_FROM_HEIGHT,    
	EVENT_PLAYER_TOOK_DAMAGE,           
	EVENT_HOSTAGE_DAMAGED,              
	EVENT_HOSTAGE_KILLED,               

	EVENT_DOOR,                         
	EVENT_BREAK_GLASS,                  
	EVENT_BREAK_WOOD,                   
	EVENT_BREAK_METAL,                  
	EVENT_BREAK_FLESH,                  
	EVENT_BREAK_CONCRETE,               

	EVENT_BOMB_PLANTED,                 
	EVENT_BOMB_DROPPED,                 
	EVENT_BOMB_PICKED_UP,               
	EVENT_BOMB_BEEP,                    
	EVENT_BOMB_DEFUSING,                
	EVENT_BOMB_DEFUSE_ABORTED,          
	EVENT_BOMB_DEFUSED,                 
	EVENT_BOMB_EXPLODED,                

	EVENT_HOSTAGE_USED,                 
	EVENT_HOSTAGE_RESCUED,              
	EVENT_ALL_HOSTAGES_RESCUED,         

	EVENT_VIP_ESCAPED,                  
	EVENT_VIP_ASSASSINATED,             
	EVENT_TERRORISTS_WIN,               
	EVENT_CTS_WIN,                      
	EVENT_ROUND_DRAW,                   
	EVENT_ROUND_WIN,                    
	EVENT_ROUND_LOSS,                   
	EVENT_ROUND_START,                  
	EVENT_PLAYER_SPAWNED,               
	EVENT_CLIENT_CORPSE_SPAWNED,
	EVENT_BUY_TIME_START,
	EVENT_PLAYER_LEFT_BUY_ZONE,
	EVENT_DEATH_CAMERA_START,
	EVENT_KILL_ALL,
	EVENT_ROUND_TIME,
	EVENT_DIE,
	EVENT_KILL,
	EVENT_HEADSHOT,
	EVENT_KILL_FLASHBANGED,
	EVENT_TUTOR_BUY_MENU_OPENNED,
	EVENT_TUTOR_AUTOBUY,
	EVENT_PLAYER_BOUGHT_SOMETHING,
	EVENT_TUTOR_NOT_BUYING_ANYTHING,
	EVENT_TUTOR_NEED_TO_BUY_PRIMARY_WEAPON,
	EVENT_TUTOR_NEED_TO_BUY_PRIMARY_AMMO,
	EVENT_TUTOR_NEED_TO_BUY_SECONDARY_AMMO,
	EVENT_TUTOR_NEED_TO_BUY_ARMOR,
	EVENT_TUTOR_NEED_TO_BUY_DEFUSE_KIT,
	EVENT_TUTOR_NEED_TO_BUY_GRENADE,
	EVENT_CAREER_TASK_DONE,

	EVENT_START_RADIO_1,
	EVENT_RADIO_COVER_ME,
	EVENT_RADIO_YOU_TAKE_THE_POINT,
	EVENT_RADIO_HOLD_THIS_POSITION,
	EVENT_RADIO_REGROUP_TEAM,
	EVENT_RADIO_FOLLOW_ME,
	EVENT_RADIO_TAKING_FIRE,
	EVENT_START_RADIO_2,
	EVENT_RADIO_GO_GO_GO,
	EVENT_RADIO_TEAM_FALL_BACK,
	EVENT_RADIO_STICK_TOGETHER_TEAM,
	EVENT_RADIO_GET_IN_POSITION_AND_WAIT,
	EVENT_RADIO_STORM_THE_FRONT,
	EVENT_RADIO_REPORT_IN_TEAM,
	EVENT_START_RADIO_3,
	EVENT_RADIO_AFFIRMATIVE,
	EVENT_RADIO_ENEMY_SPOTTED,
	EVENT_RADIO_NEED_BACKUP,
	EVENT_RADIO_SECTOR_CLEAR,
	EVENT_RADIO_IN_POSITION,
	EVENT_RADIO_REPORTING_IN,
	EVENT_RADIO_GET_OUT_OF_THERE,
	EVENT_RADIO_NEGATIVE,
	EVENT_RADIO_ENEMY_DOWN,
	EVENT_END_RADIO,

	EVENT_NEW_MATCH,                    
	EVENT_PLAYER_CHANGED_TEAM,          
	EVENT_BULLET_IMPACT,                
	EVENT_GAME_COMMENCE,                
	EVENT_WEAPON_ZOOMED,                
	EVENT_HOSTAGE_CALLED_FOR_HELP,      
	NUM_GAME_EVENTS,
};





enum SecondaryAtkState
{
	WEAPON_SECONDARY_ATTACK_NONE = 0,
	WEAPON_SECONDARY_ATTACK_SET,
	WEAPON_SECONDARY_ATTACK_BLOCK
};




enum Decal
{
	DECAL_GUNSHOT1 = 0,
	DECAL_GUNSHOT2,
	DECAL_GUNSHOT3,
	DECAL_GUNSHOT4,
	DECAL_GUNSHOT5,
	DECAL_LAMBDA1,
	DECAL_LAMBDA2,
	DECAL_LAMBDA3,
	DECAL_LAMBDA4,
	DECAL_LAMBDA5,
	DECAL_LAMBDA6,
	DECAL_SCORCH1,
	DECAL_SCORCH2,
	DECAL_BLOOD1,
	DECAL_BLOOD2,
	DECAL_BLOOD3,
	DECAL_BLOOD4,
	DECAL_BLOOD5,
	DECAL_BLOOD6,
	DECAL_YBLOOD1,
	DECAL_YBLOOD2,
	DECAL_YBLOOD3,
	DECAL_YBLOOD4,
	DECAL_YBLOOD5,
	DECAL_YBLOOD6,
	DECAL_GLASSBREAK1,
	DECAL_GLASSBREAK2,
	DECAL_GLASSBREAK3,
	DECAL_BIGSHOT1,
	DECAL_BIGSHOT2,
	DECAL_BIGSHOT3,
	DECAL_BIGSHOT4,
	DECAL_BIGSHOT5,
	DECAL_SPIT1,
	DECAL_SPIT2,
	DECAL_BPROOF1,           
	DECAL_GARGSTOMP1,        
	DECAL_SMALLSCORCH1,      
	DECAL_SMALLSCORCH2,      
	DECAL_SMALLSCORCH3,      
	DECAL_MOMMABIRTH,        
	DECAL_MOMMASPLAT,
};




enum
{
	GR_NOTTEAMMATE = 0,
	GR_TEAMMATE,
	GR_ENEMY,
	GR_ALLY,
	GR_NEUTRAL,
};


enum DeathMessageFlags
{


	PLAYERDEATH_POSITION          = 0x001,



	PLAYERDEATH_ASSISTANT         = 0x002,




	PLAYERDEATH_KILLRARITY        = 0x004
};


enum KillRarity
{
	KILLRARITY_HEADSHOT         = 0x001, 
	KILLRARITY_KILLER_BLIND     = 0x002, 
	KILLRARITY_NOSCOPE          = 0x004, 
	KILLRARITY_PENETRATED       = 0x008, 
	KILLRARITY_THRUSMOKE        = 0x010, 
	KILLRARITY_ASSISTEDFLASH    = 0x020, 
	KILLRARITY_DOMINATION_BEGAN = 0x040, 
	KILLRARITY_DOMINATION       = 0x080, 
	KILLRARITY_REVENGE          = 0x100, 
	KILLRARITY_INAIR            = 0x200  
};
#file F:\SV GAMELAND\server\cstrike\addons\amxmodx\scripting\include\reapi.inc
#line 99

#file F:\SV GAMELAND\server\cstrike\addons\amxmodx\scripting\include\reapi_version.inc
#line 5


#file F:\SV GAMELAND\server\cstrike\addons\amxmodx\scripting\include\reapi.inc
#file F:\SV GAMELAND\server\cstrike\addons\amxmodx\scripting\include\reapi_engine.inc
#line 4

#line 6

#file F:\SV GAMELAND\server\cstrike\addons\amxmodx\scripting\include\reapi_engine_const.inc
#line 4

#line 6




enum MapNameType
{
	MNT_TRUE,   
	MNT_SET     
};




enum CheckVisibilityType
{
	VisibilityInPVS = 0, 
	VisibilityInPAS      
};




enum ResourceType_t
{
	t_sound = 0,
	t_skin,
	t_model,
	t_decal,
	t_generic,
	t_eventscript,
	t_world,		
	rt_unk,

	rt_max
};




#line 47




enum EngineFunc
{




	RH_SV_StartSound = (any:1024 * hooks_tables_e:ht_engine),





	RH_SV_DropClient,





	RH_SV_ActivateServer,





	RH_Cvar_DirectSet,





	RH_SV_WriteFullClientUpdate,





	RH_GetEntityInit,





	RH_ClientConnected,





	RH_SV_ConnectClient,





	RH_SV_EmitPings,






	RH_ED_Alloc,





	RH_ED_Free,





	RH_Con_Printf,








	RH_SV_CheckUserInfo,






	RH_PF_precache_generic_I,






	RH_PF_precache_model_I,






	RH_PF_precache_sound_I,






	RH_EV_Precache,





	RH_SV_AddResource,





	RH_SV_ClientPrintf,






	RH_SV_AllowPhysent,





	RH_ExecuteServerStringCmd,





	RH_SV_SendResources,

};




enum EntVars
{






	var_classname = (any:1024 * members_tables_e:mt_entvars),







	var_globalname,







	var_origin,







	var_oldorigin,







	var_velocity,







	var_basevelocity,







	var_clbasevelocity,







	var_movedir,







	var_angles,







	var_avelocity,







	var_punchangle,







	var_v_angle,







	var_endpos,







	var_startpos,







	var_impacttime,







	var_starttime,







	var_fixangle,







	var_idealpitch,







	var_pitch_speed,







	var_ideal_yaw,







	var_yaw_speed,







	var_modelindex,







	var_model,







	var_viewmodel,







	var_weaponmodel,







	var_absmin,







	var_absmax,







	var_mins,







	var_maxs,







	var_size,







	var_ltime,







	var_nextthink,







	var_movetype,







	var_solid,







	var_skin,







	var_body,







	var_effects,







	var_gravity,







	var_friction,







	var_light_level,







	var_sequence,







	var_gaitsequence,







	var_frame,







	var_animtime,







	var_framerate,







	var_controller,







	var_blending,







	var_scale,







	var_rendermode,







	var_renderamt,







	var_rendercolor,







	var_renderfx,







	var_health,







	var_frags,







	var_weapons,







	var_takedamage,







	var_deadflag,







	var_view_ofs,







	var_button,







	var_impulse,







	var_chain,







	var_dmg_inflictor,







	var_enemy,







	var_aiment,







	var_owner,







	var_groundentity,







	var_spawnflags,







	var_flags,







	var_colormap,







	var_team,







	var_max_health,







	var_teleport_time,







	var_armortype,







	var_armorvalue,







	var_waterlevel,







	var_watertype,







	var_target,







	var_targetname,







	var_netname,







	var_message,







	var_dmg_take,







	var_dmg_save,







	var_dmg,







	var_dmgtime,







	var_noise,







	var_noise1,







	var_noise2,







	var_noise3,







	var_speed,







	var_air_finished,







	var_pain_finished,







	var_radsuit_finished,







	var_pContainingEntity,







	var_playerclass,







	var_maxspeed,







	var_fov,







	var_weaponanim,







	var_pushmsec,







	var_bInDuck,







	var_flTimeStepSound,







	var_flSwimTime,







	var_flDuckTime,







	var_iStepLeft,







	var_flFallVelocity,







	var_gamestate,







	var_oldbuttons,







	var_groupinfo,







	var_iuser1,







	var_iuser2,







	var_iuser3,







	var_iuser4,







	var_fuser1,







	var_fuser2,







	var_fuser3,







	var_fuser4,







	var_vuser1,







	var_vuser2,







	var_vuser3,







	var_vuser4,







	var_euser1,







	var_euser2,







	var_euser3,







	var_euser4
};




enum UCmd
{






	ucmd_lerp_msec = (any:1024 * members_tables_e:mt_usercmd),







	ucmd_msec,







	ucmd_viewangles,







	ucmd_forwardmove,







	ucmd_sidemove,







	ucmd_upmove,







	ucmd_lightlevel,







	ucmd_buttons,







	ucmd_impulse,







	ucmd_weaponselect,







	ucmd_impact_index,







	ucmd_impact_position
};

enum NetAdrType
{
	NA_NULL = 0,
	NA_LOOPBACK,
	NA_BROADCAST,
	NA_IP,
	NA_IPX,				
	NA_BROADCAST_IPX,	
};

enum NetAdrVars
{






	netadr_type = (any:1024 * members_tables_e:mt_netadr),







	netadr_ip,







	netadr_port
};




enum NetSrc
{
	NS_CLIENT,
	NS_SERVER,
	NS_MULTICAST	
};




enum NetChan
{






	net_sock = (any:1024 * members_tables_e:mt_netchan),







	net_remote_address,







	net_player_slot,







	net_last_received,







	net_connect_time,







	net_rate,







	net_cleartime,







	net_incoming_sequence,







	net_incoming_acknowledged,







	net_incoming_reliable_acknowledged,







	net_incoming_reliable_sequence,







	net_outgoing_sequence,







	net_reliable_sequence,







	net_last_reliable_sequence
};




enum MsgArgType
{
	ArgByte,
	ArgChar,
	ArgShort,
	ArgLong,
	ArgAngle,
	ArgCoord,
	ArgString,
	ArgEntity,
};





enum MsgDataType
{



	MsgAny,







	MsgDest,







	MsgMsgId,







	MsgOrigin,







	MsgTargetId,
















	MsgArg
};





enum MsgBlockType
{
	MSG_BLOCK_NOT,  
	MSG_BLOCK_ONCE, 
	MSG_BLOCK_SET   
};
#file F:\SV GAMELAND\server\cstrike\addons\amxmodx\scripting\include\reapi_engine.inc
#line 8





native set_entvar(const index, const EntVars:var, any:...);





native any:get_entvar(const index, const EntVars:var, any:...);





native set_ucmd(const ucmd, const UCmd:var, any:...);





native any:get_ucmd(const ucmd, const UCmd:var, any:...);





native set_netchan(const index, const NetChan:var, any:...);





native any:get_netchan(const index, const NetChan:var, any:...);








native set_netadr(const adr, const NetAdrVars:var, any:...);








native any:get_netadr(const adr, const NetAdrVars:var, any:...);












native get_key_value(const pbuffer, const key[], const value[], const maxlen);











native set_key_value(const pbuffer, const key[], const value[]);










native get_key_value_buffer(const pbuffer, const output[], const maxlen);










native set_key_value_buffer(const pbuffer, const value[], const maxlen = -1);













native GetBonePosition(const entity, const bone, Float:vecOrigin[3], Float:vecAngles[3] = {0.0, 0.0, 0.0});













native GetAttachment(const entity, const attachment, Float:vecOrigin[3], Float:vecAngles[3] = {0.0, 0.0, 0.0});













native SetBodygroup(const entity, const group, const value);












native GetBodygroup(const entity, const group);














native bool:GetSequenceInfo(const entity, &piFlags, &Float:pflFrameRate, &Float:pflGroundSpeed);















native CheckVisibilityInOrigin(const ent, Float:origin[3], CheckVisibilityType:type = VisibilityInPVS);








native rh_set_mapname(const mapname[]);











native rh_get_mapname(output[], len, MapNameType:type = MNT_SET);






native rh_reset_mapname();

















native bool:rh_emit_sound2(const entity, const recipient, const channel, const sample[], Float:vol = 1.0, Float:attn = 0.80, const flags = 0, const pitch = 100, emitFlags = 0, const Float:origin[3] = {0.0,0.0,0.0});








native rh_update_user_info(const index);










native rh_drop_client(const index, const message[] = "");










native rh_get_net_from(output[], len);








native rh_get_client_connect_time(const index);













native bool:rh_is_entity_fullpacked(const host, const entity, const frame = -1);






native Float:rh_get_realtime();







native bool:rh_is_server_paused();









native rh_set_server_pause(const bool:status);

enum MessageHook
{
	INVALID_MESSAGEHOOK = 0
};





















native MessageHook:RegisterMessage(const msg_id, const callback[], post = 0);








native bool:UnregisterMessage(const MessageHook:handle);








native bool:EnableHookMessage(const MessageHook:handle);








native bool:DisableHookMessage(const MessageHook:handle);









native bool:SetMessageData(const MsgDataType:type, any:...);









native any:GetMessageData(const MsgDataType:type, any:...);









native any:GetMessageOrigData(const MsgDataType:type, any:...);








native MsgArgType:GetMessageArgType(const number);






native GetMessageArgsNum();









native bool:SetMessageBlock(const msgid, MsgBlockType:type);








native MsgBlockType:GetMessageBlock(const msgid);





















native bool:IsMessageDataModified(MsgDataType:type = MsgAny, const number = -1);


















native bool:ResetModifiedMessageData(MsgDataType:type = MsgAny, const number = -1);
#file F:\SV GAMELAND\server\cstrike\addons\amxmodx\scripting\include\reapi.inc
#file F:\SV GAMELAND\server\cstrike\addons\amxmodx\scripting\include\reapi_gamedll.inc
#line 4

#line 6

#file F:\SV GAMELAND\server\cstrike\addons\amxmodx\scripting\include\reapi_gamedll_const.inc
#line 4

#line 6






#line 13




#line 43




enum UnifiedSignals
{
	US_Signal,
	US_State
};




enum AccountSet
{
	AS_SET, 
	AS_ADD  
};




enum WpnInfo
{






	WI_ID,







	WI_COST,







	WI_CLIP_COST,







	WI_BUY_CLIP_SIZE,







	WI_GUN_CLIP_SIZE,







	WI_MAX_ROUNDS,







	WI_AMMO_TYPE,







	WI_AMMO_NAME,







	WI_NAME,







	WI_SLOT,
};




enum ItemInfo
{






	ItemInfo_iSlot,







	ItemInfo_iPosition,







	ItemInfo_pszAmmo1,







	ItemInfo_iMaxAmmo1,







	ItemInfo_pszAmmo2,







	ItemInfo_iMaxAmmo2,







	ItemInfo_pszName,







	ItemInfo_iMaxClip,







	ItemInfo_iId,







	ItemInfo_iFlags,







	ItemInfo_iWeight
};




enum GiveType
{
	GT_APPEND,          
	GT_REPLACE,         
	GT_DROP_AND_REPLACE 
};




enum MenuChooseTeam
{
	MenuChoose_T = 1,
	MenuChoose_CT,
	MenuChoose_VIP,

	MenuChoose_AutoSelect = 5,
	MenuChoose_Spec,
};




enum VGUIMenu
{
	VGUI_Menu_Team = 2,
	VGUI_Menu_MapBriefing = 4,

	VGUI_Menu_Class_T = 26,
	VGUI_Menu_Class_CT,
	VGUI_Menu_Buy,
	VGUI_Menu_Buy_Pistol,
	VGUI_Menu_Buy_ShotGun,
	VGUI_Menu_Buy_Rifle,
	VGUI_Menu_Buy_SubMachineGun,
	VGUI_Menu_Buy_MachineGun,
	VGUI_Menu_Buy_Item,
};




enum GamedllFunc
{





	RG_GetForceCamera = (any:1024 * hooks_tables_e:ht_gamedll),





	RG_PlayerBlind,





	RG_RadiusFlash_TraceLine,





	RG_RoundEnd,





	RG_PM_Move,





	RG_PM_AirMove,





	RG_HandleMenu_ChooseAppearance,





	RG_HandleMenu_ChooseTeam,





	RG_ShowMenu,





	RG_ShowVGUIMenu,






	RG_BuyGunAmmo,






	RG_BuyWeaponByWeaponID,






	RG_ThrowHeGrenade,






	RG_ThrowFlashbang,






	RG_ThrowSmokeGrenade,






	RG_PlantBomb,






	RG_IsPenetrableEntity,






	RG_SpawnHeadGib,





	RG_SpawnRandomGibs,






	RG_CreateWeaponBox,





	RG_PM_LadderMove,





	RG_PM_WaterJump,





	RG_PM_CheckWaterJump,





	RG_PM_Jump,





	RG_PM_Duck,





	RG_PM_UnDuck,





	RG_PM_PlayStepSound,





	RG_PM_AirAccelerate,





	RG_ClearMultiDamage,





	RG_AddMultiDamage,





	RG_ApplyMultiDamage,





	RG_BuyItem,





	RG_SendSayMessage,
};




enum GamedllFunc_CBaseAnimating
{




	RG_CBaseAnimating_ResetSequenceInfo = (any:1024 * hooks_tables_e:ht_animating)
};




enum GamedllFunc_CGrenade
{




	RG_CGrenade_DefuseBombStart = (any:1024 * hooks_tables_e:ht_grenade),





	RG_CGrenade_DefuseBombEnd,





	RG_CGrenade_ExplodeHeGrenade,





	RG_CGrenade_ExplodeFlashbang,





	RG_CGrenade_ExplodeSmokeGrenade,





	RG_CGrenade_ExplodeBomb,
};




enum GamedllFunc_CWeaponBox
{




	RG_CWeaponBox_SetModel = (any:1024 * hooks_tables_e:ht_weaponbox),
};




enum GamedllFunc_CBasePlayer
{




	RG_CBasePlayer_Spawn = (any:1024 * hooks_tables_e:ht_player),





	RG_CBasePlayer_Precache,






	RG_CBasePlayer_ObjectCaps,






	RG_CBasePlayer_Classify,





	RG_CBasePlayer_TraceAttack,






	RG_CBasePlayer_TakeDamage,





	RG_CBasePlayer_TakeHealth,





	RG_CBasePlayer_Killed,





	RG_CBasePlayer_AddPoints,





	RG_CBasePlayer_AddPointsToTeam,






	RG_CBasePlayer_AddPlayerItem,






	RG_CBasePlayer_RemovePlayerItem,






	RG_CBasePlayer_GiveAmmo,





	RG_CBasePlayer_ResetMaxSpeed,





	RG_CBasePlayer_Jump,





	RG_CBasePlayer_Duck,





	RG_CBasePlayer_PreThink,





	RG_CBasePlayer_PostThink,





	RG_CBasePlayer_UpdateClientData,





	RG_CBasePlayer_ImpulseCommands,





	RG_CBasePlayer_RoundRespawn,





	RG_CBasePlayer_Blind,





	RG_CBasePlayer_SetClientUserInfoModel,





	RG_CBasePlayer_SetClientUserInfoName,





	RG_CBasePlayer_Observer_IsValidTarget,





	RG_CBasePlayer_SetAnimation,





	RG_CBasePlayer_GiveDefaultItems,






	RG_CBasePlayer_GiveNamedItem,





	RG_CBasePlayer_AddAccount,





	RG_CBasePlayer_GiveShield,






	RG_CBasePlayer_DropPlayerItem,





	RG_CBasePlayer_HasRestrictItem,






	RG_CBasePlayer_DropShield,





	RG_CBasePlayer_OnSpawnEquip,






	RG_CBasePlayer_Radio,





	RG_CBasePlayer_Disappear,





	RG_CBasePlayer_MakeVIP,






	RG_CBasePlayer_MakeBomber,





	RG_CBasePlayer_StartObserver,






	RG_CBasePlayer_GetIntoGame,





	RG_CBasePlayer_StartDeathCam,






	RG_CBasePlayer_SwitchTeam,






	RG_CBasePlayer_CanSwitchTeam,






	RG_CBasePlayer_ThrowGrenade,






	RG_CBasePlayer_SetSpawnProtection,






	RG_CBasePlayer_RemoveSpawnProtection,






	RG_CBasePlayer_HintMessageEx,






	RG_CBasePlayer_UseEmpty,






	RG_CBasePlayer_DropIdlePlayer,





	RG_CBasePlayer_Observer_SetMode,






	RG_CBasePlayer_Observer_FindNextPlayer,






	RG_CBasePlayer_Pain,






	RG_CBasePlayer_DeathSound,







	RG_CBasePlayer_JoiningThink,






	RG_CBasePlayer_CheckTimeBasedDamage,






	RG_CBasePlayer_EntSelectSpawnPoint,





	RG_CBasePlayer_PlayerDeathThink,





	RG_CBasePlayer_Observer_Think,





	RG_CBasePlayer_RemoveAllItems,





	RG_CBasePlayer_UpdateStatusBar,





	RG_CBasePlayer_TakeDamageImpulse,
};




enum GamedllFunc_CBasePlayerWeapon
{





	RG_CBasePlayerWeapon_CanDeploy = (any:1024 * hooks_tables_e:ht_weapon),






	RG_CBasePlayerWeapon_DefaultDeploy,






	RG_CBasePlayerWeapon_DefaultReload,






	RG_CBasePlayerWeapon_DefaultShotgunReload,






	RG_CBasePlayerWeapon_ItemPostFrame,







	RG_CBasePlayerWeapon_KickBack,







	RG_CBasePlayerWeapon_SendWeaponAnim,
};




enum GamedllFunc_CGib
{




	RG_CGib_Spawn = (any:1024 * hooks_tables_e:ht_gib),





	RG_CGib_BounceGibTouch,





	RG_CGib_WaitTillLand,
};




enum GamedllFunc_CBaseEntity
{






	RG_CBaseEntity_FireBullets = (any:1024 * hooks_tables_e:ht_cbaseentity),






	RG_CBaseEntity_FireBuckshots,






	RG_CBaseEntity_FireBullets3,
};




enum GamedllFunc_CBotManager
{






	RG_CBotManager_OnEvent = (any:1024 * hooks_tables_e:ht_botmanager),
}





enum GamedllFunc_CSGameRules
{





	RG_CSGameRules_FShouldSwitchWeapon = (any:1024 * hooks_tables_e:ht_gamerules),






	RG_CSGameRules_GetNextBestWeapon,






	RG_CSGameRules_FlPlayerFallDamage,






	RG_CSGameRules_FPlayerCanTakeDamage,





	RG_CSGameRules_PlayerSpawn,






	RG_CSGameRules_FPlayerCanRespawn,






	RG_CSGameRules_GetPlayerSpawnSpot,





	RG_CSGameRules_ClientUserInfoChanged,





	RG_CSGameRules_PlayerKilled,





	RG_CSGameRules_DeathNotice,






	RG_CSGameRules_CanHavePlayerItem,






	RG_CSGameRules_DeadPlayerWeapons,





	RG_CSGameRules_ServerDeactivate,





	RG_CSGameRules_CheckMapConditions,







	RG_CSGameRules_CleanUpMap,





	RG_CSGameRules_RestartRound,





	RG_CSGameRules_CheckWinConditions,





	RG_CSGameRules_RemoveGuns,






	RG_CSGameRules_GiveC4,





	RG_CSGameRules_ChangeLevel,





	RG_CSGameRules_GoToIntermission,





	RG_CSGameRules_BalanceTeams,





	RG_CSGameRules_OnRoundFreezeEnd,






	RG_CSGameRules_CanPlayerHearPlayer,





	RG_CSGameRules_Think,






	RG_CSGameRules_TeamFull,






	RG_CSGameRules_TeamStacked,





	RG_CSGameRules_PlayerGotWeapon,







	RG_CSGameRules_SendDeathMessage,
};




enum CSGameRules_Members
{






	m_bFreezePeriod = (any:1024 * members_tables_e:mt_gamerules),







	m_bBombDropped,







	m_GameDesc,







	m_msgPlayerVoiceMask,







	m_msgRequestState,







	m_nMaxPlayers,







	m_UpdateInterval,







	m_flRestartRoundTime,







	m_flCheckWinConditions,







	m_fRoundStartTime,







	m_iRoundTime,







	m_iRoundTimeSecs,







	m_iIntroRoundTime,







	m_fRoundStartTimeReal,







	m_iAccountTerrorist,







	m_iAccountCT,







	m_iNumTerrorist,







	m_iNumCT,







	m_iNumSpawnableTerrorist,







	m_iNumSpawnableCT,







	m_iSpawnPointCount_Terrorist,







	m_iSpawnPointCount_CT,







	m_iHostagesRescued,







	m_iHostagesTouched,







	m_iRoundWinStatus,







	m_iNumCTWins,







	m_iNumTerroristWins,







	m_bTargetBombed,







	m_bBombDefused,







	m_bMapHasBombTarget,







	m_bMapHasBombZone,







	m_bMapHasBuyZone,







	m_bMapHasRescueZone,







	m_bMapHasEscapeZone,







	m_bMapHasVIPSafetyZone,







	m_bMapHasCameras,







	m_iC4Timer,







	m_iC4Guy,







	m_iLoserBonus,







	m_iNumConsecutiveCTLoses,







	m_iNumConsecutiveTerroristLoses,







	m_fMaxIdlePeriod,







	m_iLimitTeams,







	m_bLevelInitialized,







	m_bRoundTerminating,







	m_bCompleteReset,







	m_flRequiredEscapeRatio,







	m_iNumEscapers,







	m_iHaveEscaped,







	m_bCTCantBuy,







	m_bTCantBuy,







	m_flBombRadius,







	m_iConsecutiveVIP,







	m_iTotalGunCount,







	m_iTotalGrenadeCount,







	m_iTotalArmourCount,







	m_iUnBalancedRounds,







	m_iNumEscapeRounds,







	m_iMapVotes,







	m_iLastPick,







	m_iMaxMapTime,







	m_iMaxRounds,







	m_iTotalRoundsPlayed,







	m_iMaxRoundsWon,







	m_iStoredSpectValue,







	m_flForceCameraValue,







	m_flForceChaseCamValue,







	m_flFadeToBlackValue,







	m_pVIP,







	m_pVIPQueue,







	m_flIntermissionEndTime,







	m_flIntermissionStartTime,








	m_iEndIntermissionButtonHit,







	m_tmNextPeriodicThink,







	m_bGameStarted,







	m_bInCareerGame,







	m_fCareerRoundMenuTime,







	m_iCareerMatchWins,







	m_iRoundWinDifference,







	m_fCareerMatchMenuTime,







	m_bSkipSpawn,







	m_bSkipShowMenu,







	m_bNeededPlayers,







	m_flEscapeRatio,







	m_flTimeLimit,








	m_flGameStartTime,







	m_bTeamBalanced,
};




enum CBaseEntity_Members
{






	currentammo = (any:1024 * members_tables_e:mt_base),







	maxammo_buckshot,







	ammo_buckshot,







	maxammo_9mm,







	ammo_9mm,







	maxammo_556nato,







	ammo_556nato,







	maxammo_556natobox,







	ammo_556natobox,







	maxammo_762nato,







	ammo_762nato,







	maxammo_45acp,







	ammo_45acp,







	maxammo_50ae,







	ammo_50ae,







	maxammo_338mag,







	ammo_338mag,







	maxammo_57mm,







	ammo_57mm,







	maxammo_357sig,







	ammo_357sig,







	m_flStartThrow,







	m_flReleaseThrow,







	m_iSwing,







	has_disconnected,
};




enum CBaseAnimating_Members
{






	m_flFrameRate = (any:1024 * members_tables_e:mt_animating),







	m_flGroundSpeed,







	m_flLastEventCheck,







	m_fSequenceFinished,







	m_fSequenceLoops,
};




enum CBaseMonster_Members
{






	m_Activity = (any:1024 * members_tables_e:mt_basemonster),







	m_IdealActivity,







	m_LastHitGroup,







	m_bitsDamageType,







	m_rgbTimeBasedDamage,







	m_MonsterState,







	m_IdealMonsterState,







	m_afConditions,







	m_afMemory,







	m_flNextAttack,







	m_hEnemy,







	m_hTargetEnt,







	m_flFieldOfView,







	m_bloodColor,







	m_HackedGunPos,







	m_vecEnemyLKP,
};




enum CBasePlayer_Members
{






	random_seed = (any:1024 * members_tables_e:mt_player),







	m_usPlayerBleed,







	m_hObserverTarget,







	m_flNextObserverInput,







	m_iObserverWeapon,







	m_iObserverC4State,







	m_bObserverHasDefuser,







	m_iObserverLastMode,







	m_flFlinchTime,







	m_flAnimTime,







	m_bHighDamage,







	m_flVelocityModifier,







	m_iLastZoom,







	m_bResumeZoom,







	m_flEjectBrass,







	m_iKevlar,







	m_bNotKilled,







	m_iTeam,







	m_iAccount,







	m_bHasPrimary,







	m_flDeathThrowTime,







	m_iThrowDirection,







	m_flLastTalk,







	m_bJustConnected,







	m_bContextHelp,







	m_iJoiningState,







	m_pIntroCamera,







	m_fIntroCamTime,







	m_fLastMovement,







	m_bMissionBriefing,







	m_bTeamChanged,







	m_iModelName,







	m_iTeamKills,







	m_iIgnoreGlobalChat,







	m_bHasNightVision,







	m_bNightVisionOn,







	m_vRecentPath,







	m_flIdleCheckTime,







	m_flRadioTime,







	m_iRadioMessages,







	m_bIgnoreRadio,







	m_bHasC4,







	m_bHasDefuser,







	m_bKilledByBomb,







	m_vBlastVector,







	m_bKilledByGrenade,







	m_flDisplayHistory,







	m_iMenu,







	m_iChaseTarget,







	m_pChaseTarget,







	m_fCamSwitch,







	m_bEscaped,







	m_bIsVIP,







	m_tmNextRadarUpdate,







	m_vLastOrigin,







	m_iCurrentKickVote,







	m_flNextVoteTime,







	m_bJustKilledTeammate,







	m_iHostagesKilled,







	m_iMapVote,








	m_bCanShoot,







	m_flLastFired,







	m_flLastAttackedTeammate,







	m_bHeadshotKilled,







	m_bPunishedForTK,







	m_bReceivesNoMoneyNextRound,







	m_iTimeCheckAllowed,







	m_bHasChangedName,







	m_szNewName,







	m_bIsDefusing,







	m_tmHandleSignals,







	m_signals,







	m_pentCurBombTarget,







	m_iPlayerSound,







	m_iTargetVolume,







	m_iWeaponVolume,







	m_iExtraSoundTypes,







	m_iWeaponFlash,







	m_flStopExtraSoundTime,







	m_flFlashLightTime,







	m_iFlashBattery,







	m_afButtonLast,







	m_afButtonPressed,







	m_afButtonReleased,







	m_pentSndLast,







	m_flSndRoomtype,







	m_flSndRange,







	m_flFallVelocity,







	m_rgItems,







	m_fNewAmmo,







	m_afPhysicsFlags,







	m_fNextSuicideTime,







	m_flTimeStepSound,







	m_flTimeWeaponIdle,







	m_flSwimTime,







	m_flDuckTime,







	m_flWallJumpTime,







	m_flSuitUpdate,







	m_rgSuitPlayList,







	m_iSuitPlayNext,







	m_rgiSuitNoRepeat,







	m_rgflSuitNoRepeatTime,







	m_lastDamageAmount,







	m_tbdPrev,







	m_flgeigerRange,







	m_flgeigerDelay,







	m_igeigerRangePrev,







	m_iStepLeft,







	m_szTextureName,







	m_chTextureType,







	m_idrowndmg,







	m_idrownrestored,







	m_bitsHUDDamage,







	m_fInitHUD,







	m_fGameHUDInitialized,







	m_iTrain,







	m_fWeapon,







	m_pTank,







	m_fDeadTime,







	m_fNoPlayerSound,







	m_fLongJump,







	m_tSneaking,







	m_iUpdateTime,







	m_iClientHealth,







	m_iClientBattery,







	m_iHideHUD,







	m_iClientHideHUD,







	m_iFOV,







	m_iClientFOV,







	m_iNumSpawns,







	m_pObserver,







	m_rgpPlayerItems,







	m_pActiveItem,







	m_pClientActiveItem,







	m_pLastItem,







	m_rgAmmo,







	m_rgAmmoLast,







	m_vecAutoAim,







	m_fOnTarget,







	m_iDeaths,







	m_izSBarState,







	m_flNextSBarUpdateTime,







	m_flStatusBarDisappearDelay,







	m_SbarString0,







	m_lastx,







	m_lasty,







	m_nCustomSprayFrames,







	m_flNextDecalTime,







	m_szTeamName,







	m_modelIndexPlayer,







	m_szAnimExtention,







	m_iGaitsequence,







	m_flGaitframe,







	m_flGaityaw,







	m_prevgaitorigin,







	m_flPitch,







	m_flYaw,







	m_flGaitMovement,







	m_iAutoWepSwitch,







	m_bVGUIMenus,







	m_bShowHints,







	m_bShieldDrawn,







	m_bOwnsShield,







	m_bWasFollowing,







	m_flNextFollowTime,







	m_flYawModifier,







	m_blindUntilTime,







	m_blindStartTime,







	m_blindHoldTime,







	m_blindFadeTime,







	m_blindAlpha,







	m_allowAutoFollowTime,







	m_autoBuyString,







	m_rebuyString,







	m_rebuyStruct,







	m_bIsInRebuy,







	m_flLastUpdateTime,







	m_lastLocation,







	m_progressStart,







	m_progressEnd,







	m_bObserverAutoDirector,







	m_canSwitchObserverModes,







	m_heartBeatTime,







	m_intenseTimestamp,







	m_silentTimestamp,







	m_musicState,







	m_flLastCommandTime,







	m_iLastAccount,







	m_iLastClientHealth,







	m_tmNextAccountHealthUpdate,
};




enum RebuyStruct
{






	m_primaryWeapon = (any:1024 * members_tables_e:mt_rebuystruct),







	m_primaryAmmo,







	m_secondaryWeapon,







	m_secondaryAmmo,







	m_heGrenade,







	m_flashbang,







	m_smokeGrenade,







	m_defuser,







	m_nightVision,







	m_armor,
};




enum PlayerMove
{






	pm_player_index = (any:1024 * members_tables_e:mt_playermove),







	pm_server,







	pm_multiplayer,







	pm_time,







	pm_frametime,







	pm_forward,







	pm_right,







	pm_up,







	pm_origin,







	pm_angles,







	pm_oldangles,







	pm_velocity,







	pm_movedir,







	pm_basevelocity,







	pm_view_ofs,







	pm_flDuckTime,







	pm_bInDuck,







	pm_flTimeStepSound,







	pm_iStepLeft,







	pm_flFallVelocity,







	pm_punchangle,







	pm_flSwimTime,







	pm_flNextPrimaryAttack,







	pm_effects,







	pm_flags,







	pm_usehull,







	pm_gravity,







	pm_friction,







	pm_oldbuttons,







	pm_waterjumptime,







	pm_dead,







	pm_deadflag,







	pm_spectator,







	pm_movetype,







	pm_onground,







	pm_waterlevel,







	pm_watertype,







	pm_oldwaterlevel,







	pm_sztexturename,







	pm_chtexturetype,







	pm_maxspeed,







	pm_clientmaxspeed,







	pm_iuser1,







	pm_iuser2,







	pm_iuser3,







	pm_iuser4,







	pm_fuser1,







	pm_fuser2,







	pm_fuser3,







	pm_fuser4,







	pm_vuser1,







	pm_vuser2,







	pm_vuser3,







	pm_vuser4,







	pm_numphysent,







	pm_cmd,







	pm_numtouch,







	pm_physinfo,







	pm_player_mins,







	pm_player_maxs,
};




enum MoveVars
{






	mv_gravity = (any:1024 * members_tables_e:mt_movevars),







	mv_stopspeed,







	mv_maxspeed,







	mv_spectatormaxspeed,







	mv_accelerate,







	mv_airaccelerate,







	mv_wateraccelerate,







	mv_friction,







	mv_edgefriction,







	mv_waterfriction,







	mv_entgravity,







	mv_bounce,







	mv_stepsize,







	mv_maxvelocity,







	mv_zmax,







	mv_waveHeight,







	mv_footsteps,







	mv_skyName,







	mv_rollangle,







	mv_rollspeed,







	mv_skycolor_r,







	mv_skycolor_g,







	mv_skycolor_b,







	mv_skyvec_x,







	mv_skyvec_y,







	mv_skyvec_z,
};




enum PMTrace
{






	pmt_allsolid = (any:1024 * members_tables_e:mt_pmtrace),







	pmt_startsolid,







	pmt_inopen,







	pmt_inwater,







	pmt_fraction,







	pmt_endpos,







	pmt_ent,







	pmt_deltavelocity,







	pmt_hitgroup
};




enum CCSPlayer_Members
{






	m_szModel = (any:1024 * members_tables_e:mt_csplayer),







	m_bForceShowMenu,







	m_flRespawnPending,







	m_flSpawnProtectionEndTime,







	m_vecOldvAngle,







	m_iWeaponInfiniteAmmo,







	m_iWeaponInfiniteIds,







	m_bCanShootOverride,







	m_bGameForcingRespawn,







	m_bAutoBunnyHopping,







	m_bMegaBunnyJumping,







	m_bPlantC4Anywhere,







	m_bSpawnProtectionEffects,







	m_flJumpHeight,







	m_flLongJumpHeight,







	m_flLongJumpForce,







	m_flDuckSpeedMultiplier,







	m_iNumKilledByUnanswered,







	m_bPlayerDominated,
};




enum CBasePlayerItem_Members
{






	m_pPlayer = (any:1024 * members_tables_e:mt_baseitem),







	m_pNext,







	m_iId,
};




enum CBasePlayerWeapon_Members
{






	m_Weapon_iPlayEmptySound = (any:1024 * members_tables_e:mt_baseweapon),







	m_Weapon_fFireOnEmpty,







	m_Weapon_flNextPrimaryAttack,







	m_Weapon_flNextSecondaryAttack,







	m_Weapon_flTimeWeaponIdle,







	m_Weapon_iPrimaryAmmoType,







	m_Weapon_iSecondaryAmmoType,







	m_Weapon_iClip,







	m_Weapon_iClientClip,







	m_Weapon_iClientWeaponState,







	m_Weapon_fInReload,







	m_Weapon_fInSpecialReload,







	m_Weapon_iDefaultAmmo,







	m_Weapon_iShellId,







	m_Weapon_fMaxSpeed,







	m_Weapon_bDelayFire,







	m_Weapon_iDirection,







	m_Weapon_bSecondarySilencerOn,







	m_Weapon_flAccuracy,







	m_Weapon_flLastFire,







	m_Weapon_iShotsFired,







	m_Weapon_flGlock18Shoot,







	m_Weapon_iGlock18ShotsFired,







	m_Weapon_flFamasShoot,







	m_Weapon_iFamasShotsFired,







	m_Weapon_fBurstSpread,







	m_Weapon_iWeaponState,







	m_Weapon_flNextReload,







	m_Weapon_flDecreaseShotsFired,







	m_Weapon_usFireGlock18,







	m_Weapon_usFireFamas,







	m_Weapon_flPrevPrimaryAttack,







	m_Weapon_flLastFireTime,
};




enum CWeaponBox_Members
{






	m_WeaponBox_rgpPlayerItems = (any:1024 * members_tables_e:mt_weaponbox),







	m_WeaponBox_rgiszAmmo,







	m_WeaponBox_rgAmmo,







	m_WeaponBox_cAmmoTypes,







	m_WeaponBox_bIsBomb,
};




enum CArmoury_Members
{






	m_Armoury_iItem = (any:1024 * members_tables_e:mt_armoury),







	m_Armoury_iCount,







	m_Armoury_iInitialCount,







	m_Armoury_bAlreadyCounted,
};




enum CGrenade_Members
{






	m_Grenade_bStartDefuse = (any:1024 * members_tables_e:mt_grenade),







	m_Grenade_bIsC4,







	m_Grenade_pBombDefuser,







	m_Grenade_flDefuseCountDown,







	m_Grenade_flC4Blow,







	m_Grenade_flNextFreqInterval,







	m_Grenade_flNextBeep,







	m_Grenade_flNextFreq,







	m_Grenade_sBeepName,







	m_Grenade_fAttenu,







	m_Grenade_flNextBlink,







	m_Grenade_fNextDefuse,







	m_Grenade_bJustBlew,







	m_Grenade_iTeam,







	m_Grenade_iCurWave,







	m_Grenade_pentCurBombTarget,







	m_Grenade_SGSmoke,







	m_Grenade_angle,







	m_Grenade_usEvent,







	m_Grenade_bLightSmoke,







	m_Grenade_bDetonated,







	m_Grenade_vSmokeDetonate,







	m_Grenade_iBounceCount,







	m_Grenade_fRegisteredSound,
};




enum CP228_Members
{






	m_P228_iShell = (any:1024 * members_tables_e:mt_p228),







	m_P228_usFire,
};




enum CSCOUT_Members
{






	m_SCOUT_iShell = (any:1024 * members_tables_e:mt_scout),







	m_SCOUT_usFire,
};




enum CHEGrenade_Members
{






	m_HEGrenade_usCreate = (any:1024 * members_tables_e:mt_hegrenade),
};




enum CXM1014_Members
{






	m_XM1014_iShell = (any:1024 * members_tables_e:mt_xm1014),







	m_XM1014_flPumpTime,







	m_XM1014_usFire,
};




enum CC4_Members
{






	m_C4_bStartedArming = (any:1024 * members_tables_e:mt_c4),







	m_C4_bBombPlacedAnimation,







	m_C4_fArmedTime,







	m_C4_bHasShield,
};




enum CMAC10_Members
{






	m_MAC10_iShell = (any:1024 * members_tables_e:mt_mac10),







	m_MAC10_iShellOn,







	m_MAC10_usFire,
};




enum CAUG_Members
{






	m_AUG_iShell = (any:1024 * members_tables_e:mt_aug),







	m_AUG_iShellOn,







	m_AUG_usFire,
};




enum CSmokeGrenade_Members
{






	m_SmokeGrenade_usCreate = (any:1024 * members_tables_e:mt_smokegrenade),
};




enum CELITE_Members
{






	m_ELITE_iShell = (any:1024 * members_tables_e:mt_elite),







	m_ELITE_usFire_LEFT,







	m_ELITE_usFire_RIGHT,
};




enum CFiveSeven_Members
{






	m_FiveSeven_iShell = (any:1024 * members_tables_e:mt_fiveseven),







	m_FiveSeven_usFire,
};




enum CUMP45_Members
{






	m_UMP45_iShell = (any:1024 * members_tables_e:mt_ump45),







	m_UMP45_iShellOn,







	m_UMP45_usFire,
};




enum CSG550_Members
{
	m_SG550_iShell = (any:1024 * members_tables_e:mt_sg550),







	m_SG550_usFire,
};




enum CGalil_Members
{






	m_Galil_iShell = (any:1024 * members_tables_e:mt_galil),







	m_Galil_iShellOn,







	m_Galil_usFire,
};




enum CFamas_Members
{






	m_Famas_iShell = (any:1024 * members_tables_e:mt_famas),







	m_Famas_iShellOn,







	m_Famas_flBaseDamageBurst,
};




enum CUSP_Members
{






	m_USP_iShell = (any:1024 * members_tables_e:mt_usp),







	m_USP_usFire,







	m_USP_flBaseDamageSil,
};




enum CGLOCK18_Members
{






	m_GLOCK18_iShell = (any:1024 * members_tables_e:mt_glock18),







	m_GLOCK18_bBurstFire,
};




enum CAWP_Members
{






	m_AWP_iShell = (any:1024 * members_tables_e:mt_awp),







	m_AWP_usFire,
};




enum CMP5N_Members
{






	m_MP5N_iShell = (any:1024 * members_tables_e:mt_mp5n),







	m_MP5N_iShellOn,







	m_MP5N_usFire,
};




enum CM249_Members
{






	m_M249_iShell = (any:1024 * members_tables_e:mt_m249),







	m_M249_iShellOn,







	m_M249_usFire,
};




enum CM3_Members
{
	m_M3_iShell = (any:1024 * members_tables_e:mt_m3),







	m_M3_flPumpTime,







	m_M3_usFire,
};




enum CM4A1_Members
{






	m_M4A1_iShell = (any:1024 * members_tables_e:mt_m4a1),







	m_M4A1_iShellOn,







	m_M4A1_usFire,







	m_M4A1_flBaseDamageSil,
};




enum CTMP_Members
{






	m_TMP_iShell = (any:1024 * members_tables_e:mt_tmp),







	m_TMP_iShellOn,







	m_TMP_usFire,
};




enum CG3SG1_Members
{






	m_G3SG1_iShell = (any:1024 * members_tables_e:mt_g3sg1),







	m_G3SG1_usFire,
};




enum CDEAGLE_Members
{






	m_DEAGLE_iShell = (any:1024 * members_tables_e:mt_deagle),







	m_DEAGLE_usFire,
};




enum CSG552_Members
{






	m_SG552_iShell = (any:1024 * members_tables_e:mt_sg552),







	m_SG552_iShellOn,







	m_SG552_usFire,
};




enum CAK47_Members
{






	m_AK47_iShell = (any:1024 * members_tables_e:mt_ak47),







	m_AK47_iShellOn,







	m_AK47_usFire,
};




enum CKnife_Members
{






	m_Knife_trHit = (any:1024 * members_tables_e:mt_knife),







	m_Knife_usKnife,







	m_Knife_flStabBaseDamage,







	m_Knife_flSwingBaseDamage,







	m_Knife_flSwingBaseDamage_Fast,







	m_Knife_flStabDistance,







	m_Knife_flSwingDistance,







	m_Knife_flBackStabMultiplier,
};




enum CP90_Members
{






	m_P90_iShell = (any:1024 * members_tables_e:mt_p90),







	m_P90_iShellOn,







	m_P90_usFire,
};




enum CShield_Members
{






	m_Shield_hEntToIgnoreTouchesFrom = (any:1024 * members_tables_e:mt_shield),







	m_Shield_flTimeToIgnoreTouches,
};




enum CMapInfo_Members
{






	m_MapInfo_iBuyingStatus = (any:1024 * members_tables_e:mt_mapinfo),







	m_MapInfo_flBombRadius,
};




enum CCSPlayerWeapon_Members
{






	m_Weapon_iStateSecondaryAttack = (any:1024 * members_tables_e:mt_csplayerweapon),







	m_Weapon_flBaseDamage,
};


#line 6360




enum CGib_Members
{






	m_Gib_bloodColor = (any:1024 * members_tables_e:mt_gib),







	m_Gib_cBloodDecals,







	m_Gib_material,







	m_Gib_lifeTime,
};




enum CCSEntity_Members
{






	m_ucDmgPenetrationLevel = (any:1024 * members_tables_e:mt_csentity),







	m_pevLastInflictor,
};
#file F:\SV GAMELAND\server\cstrike\addons\amxmodx\scripting\include\reapi_gamedll.inc
#line 8














native SetThink(const ent, const callback[], const params[] = "", const len = 0);














native SetTouch(const ent, const callback[], const params[] = "", const len = 0);














native SetUse(const ent, const callback[], const params[] = "", const len = 0);














native SetBlocked(const ent, const callback[], const params[] = "", const len = 0);















native SetMoveDone(const ent, const callback[], const params[] = "", const len = 0);








native set_member_game(CSGameRules_Members:member, any:...);








native any:get_member_game(CSGameRules_Members:member, any:...);









native set_member(const index, any:member, any:...);









native any:get_member(const index, any:member, any:...);










native set_member_s(const index, any:member, any:...);










native any:get_member_s(const index, any:member, any:...);








native set_pmove(const PlayerMove:var, any:...);








native any:get_pmove(const PlayerMove:var, any:...);








native set_movevar(const MoveVars:var, any:...);








native any:get_movevar(const MoveVars:var, any:...);








native set_pmtrace(const tracehandle, const PMTrace:var, any:...);








native any:get_pmtrace(const tracehandle, const PMTrace:var, any:...);








native set_rebuy(const RebuyHandle:rebuyhandle, const RebuyStruct:member, any:value);








native any:get_rebuy(const RebuyHandle:rebuyhandle, RebuyStruct:member);









native rg_set_animation(const index, PLAYER_ANIM:playerAnim);










native rg_add_account(const index, amount, AccountSet:typeSet = AS_ADD, const bool:bTrackChange = true);










native rg_give_item(const index, const pszName[], GiveType:type = GT_APPEND);














native rg_give_custom_item(const index, const pszName[], GiveType:type = GT_APPEND, const uid = 0);








native rg_give_default_items(const index);









native rg_give_shield(const index, const bool:bDeploy = true);














native rg_dmg_radius(Float:vecSrc[3], const inflictor, const attacker, const Float:flDamage, const Float:flRadius, const iClassIgnore, const bitsDamageType);






native rg_multidmg_clear();









native rg_multidmg_apply(const inflictor, const attacker);











native rg_multidmg_add(const inflictor, const victim, const Float:flDamage, const bitsDamageType);




















native rg_fire_bullets(const inflictor, const attacker, const shots, Float:vecSrc[3], Float:vecDirShooting[3], Float:vecSpread[3], const Float:flDistance, const Bullet:iBulletType, const iTracerFreq, const iDamage);



















native rg_fire_buckshots(const inflictor, const attacker, const shots, Float:vecSrc[3], Float:vecDirShooting[3], Float:vecSpread[3], const Float:flDistance, const iTracerFreq, const iDamage);






















native Float:[3] rg_fire_bullets3(const inflictor, const attacker, Float:vecSrc[3], Float:vecDirShooting[3], const Float:vecSpread, const Float:flDistance, const iPenetration, const Bullet:iBulletType, const iDamage, const Float:flRangeModifier, const bool:bPistol, const shared_rand);














native rg_round_end(const Float:tmDelay, const WinStatus:st, const ScenarioEventEndRound:event = ROUND_NONE, const message[] = "default", const sentence[] = "default", const bool:trigger = false);










native rg_update_teamscores(const iCtsWins = 0, const iTsWins = 0, const bool:bAdd = true);












native rg_create_entity(const classname[], const bool:useHashTable = false);












native rg_find_ent_by_class(start_index, const classname[], const bool:useHashTable = false);









native bool:rg_find_ent_by_owner(&start_index, const classname[], owner);









native rg_find_weapon_bpack_by_name(const index, const weapon[]);









native bool:rg_has_item_by_name(const index, const item[]);












native any:rg_get_weapon_info(any:...);









native rg_set_weapon_info(const {WeaponIdType,_}:weapon_id, WpnInfo:type, any:...);











native rg_remove_items_by_slot(const index, const InventorySlotType:slot, const bool:removeAmmo = true);










native rg_drop_items_by_slot(const index, const InventorySlotType:slot);









native rg_remove_all_items(const index, const bool:removeSuit = false);










native rg_drop_item(const index, const item_name[]);










native rg_internal_cmd(const index, const cmd[], const arg[] = "");










native rg_remove_item(const index, const item_name[], const bool:removeAmmo = false);










native rg_set_user_bpammo(const index, WeaponIdType:weapon, amount);









native rg_get_user_bpammo(const index, WeaponIdType:weapon);










native rg_set_user_ammo(const index, WeaponIdType:weapon, amount);









native rg_get_user_ammo(const index, WeaponIdType:weapon);












native rg_give_defusekit(const index, const bool:bDefusekit = true, const Float:color[] = {0.0, 160.0, 0.0}, const icon[] = "defuser", const bool:bFlash = false);









native rg_get_user_armor(const index, &ArmorType:armortype = ARMOR_NONE);










native rg_set_user_armor(const index, armorvalue, ArmorType:armortype);















native rg_set_user_team(const index, {TeamName,_}:team, {ModelName,_}:model = MODEL_AUTO, const bool:send_teaminfo = true, const bool:check_win_conditions = false);










native rg_set_user_model(const index, const model[], const bool:update_index = false);









native rg_reset_user_model(const index, const bool:update_index = false);









native rg_set_user_footsteps(const index, bool:silent = false);








native rg_get_user_footsteps(const index);









native rg_transfer_c4(const index, const receiver = 0);









native rg_instant_reload_weapons(const index, const weapon = 0);










native rg_plant_bomb(const index, Float:vecOrigin[3], Float:vecAngles[3] = {0.0,0.0,0.0});









native rg_set_account_rules(const RewardRules:rules_index, const amount);









native rg_get_account_rules(const RewardRules:rules_index);






native bool:rg_is_bomb_planted();









native rg_join_team(const index, const TeamName:team);






native rg_balance_teams();






native rg_swap_all_players();









native rg_switch_team(const index);









native rg_switch_weapon(const index, const weapon);






native TeamName:rg_get_join_team_priority();









native bool:rg_is_player_can_takedamage(const index, const attacker);








native bool:rg_is_player_can_respawn(const index);








native WeaponIdType:rg_get_weaponbox_id(const entity);








native rg_round_respawn(const index);








native rg_reset_maxspeed(const index);











native rg_send_bartime(const index, const duration, const bool:observer = true);











native rg_send_bartime2(const index, const duration, const Float:startPercent, const bool:observer = true);










native rg_send_audio(const index, const sample[], const pitch = 100);








native rg_set_iteminfo(const entity, ItemInfo:type, any:...);








native rg_get_iteminfo(const ent, ItemInfo:type, any:...);












native rg_set_global_iteminfo(const {WeaponIdType,_}:weapon_id, ItemInfo:type, any:...);








native rg_get_global_iteminfo(const {WeaponIdType,_}:weapon_id, ItemInfo:type, any:...);












native bool:rg_hint_message(const index, const message[], Float:duration = 6.0, bool:bDisplayIfPlayerDead = false, bool:bOverride = false);






native rg_restart_round();






native rg_check_win_conditions();











native rg_initialize_player_counts(&num_alive_terrorist = 0, &num_alive_ct = 0, &num_dead_terrorist = 0, &num_dead_ct = 0);







native rg_reset_can_hear_player(const index);










native rg_set_can_hear_player(const listener, const sender, const bool:can_hear);









native bool:rg_get_can_hear_player(const listener, const sender);








native rg_spawn_head_gib(const index);










native rg_spawn_random_gibs(const index, const cGibs, const bool:bHuman = true);














native rg_spawn_grenade(WeaponIdType:weaponId, pevOwner, Float:vecSrc[3], Float:vecThrow[3], Float:time, TeamName:iTeam, usEvent = 0);















native rg_create_weaponbox(const pItem, const pPlayerOwner, const modelName[], Float:origin[3], Float:angles[3], Float:velocity[3], Float:lifeTime, bool:packAmmo);








native rg_remove_entity(const pEntity);









native rg_decal_trace(const ptr, Decal:decalNumber);












native rg_emit_texture_sound(const ptr, Float:vecSrc[3], Float:vecEnd[3], Bullet:iBulletType);











native rg_add_ammo_registry(const szAmmoname[]);














native rg_weapon_deploy(const entity, const szViewModel[], const szWeaponModel[], iAnim, const szAnimExt[], skiplocal = 0);











native rg_weapon_reload(const entity, iClipSize, iAnim, Float:fDelay);















native rg_weapon_shotgun_reload(const entity, iAnim, iStartAnim, Float:fDelay, Float:fStartDelay, const pszReloadSound1[] = "", const pszReloadSound2[] = "");










native rg_weapon_send_animation(const entity, iAnim, skiplocal = 0);















native rg_weapon_kickback(const entity, Float:up_base, Float:lateral_base, Float:up_modifier, Float:lateral_modifier, Float:up_max, Float:lateral_max, direction_change);










native rg_switch_best_weapon(const player, const currentWeapon = 0);








native rg_disappear(const player);










native rg_set_observer_mode(const player, const mode);











native rg_observer_find_next_player(const player, const bool:bReverse = false, const name[] = "");










native rg_death_notice(const pVictim, const pKiller, const pevInflictor);









native rg_player_relationship(const player, const target);















native rg_send_death_message(const pKiller, const pVictim, const pAssister, const pevInflictor, const killerWeaponName[], const DeathMessageFlags:iDeathMessageFlags, const KillRarity:iRarityOfKill);











native rg_player_takedamage_impulse(const player, const attacker, const Float:flKnockbackForce, const Float:flVelModifier);













native rg_trace_line(Float:vecStart[3], Float:vecEnd[3], const ignoreMonsters, const ignoreEntity, const ptr, const traceFlags = 0);














native rg_trace_hull(Float:vecStart[3], Float:vecEnd[3], const ignoreMonsters, const hullNumber, const ignoreEntity, const ptr, const traceFlags = 0);
#file F:\SV GAMELAND\server\cstrike\addons\amxmodx\scripting\include\reapi.inc
#line 103



#line 110


#file F:\SV GAMELAND\server\cstrike\addons\amxmodx\scripting\include\reapi_vtc.inc
#line 5








native bool:VTC_IsClientSpeaking(const index);








native VTC_MuteClient(const index);








native VTC_UnmuteClient(const index);








native bool:VTC_IsClientMuted(const index);












native VTC_PlaySound(const receiver, const soundFilePath[]);








forward VTC_OnClientStartSpeak(const index);








forward VTC_OnClientStopSpeak(const index);
#file F:\SV GAMELAND\server\cstrike\addons\amxmodx\scripting\include\reapi.inc
#file F:\SV GAMELAND\server\cstrike\addons\amxmodx\scripting\include\reapi_reunion.inc
#line 5

enum client_auth_type
{
	CA_TYPE_NONE = 0,
	CA_TYPE_DPROTO,
	CA_TYPE_STEAM,
	CA_TYPE_STEAMEMU,
	CA_TYPE_REVEMU,
	CA_TYPE_OLDREVEMU,
	CA_TYPE_HLTV,
	CA_TYPE_SC2009,
	CA_TYPE_AVSMP,
	CA_TYPE_SXEI,
	CA_TYPE_REVEMU2013,
	CA_TYPE_SSE3,
};

#line 23








native REU_GetProtocol(const index);








native client_auth_type:REU_GetAuthtype(const index);











native REU_GetAuthKey(const index, dest[], maxlen);








native bool:REU_IsRevemuWithoutAdminRights(const index);
#file F:\SV GAMELAND\server\cstrike\addons\amxmodx\scripting\include\reapi.inc
#file F:\SV GAMELAND\server\cstrike\addons\amxmodx\scripting\include\reapi_rechecker.inc
#line 5

enum ResourceType
{
	RES_TYPE_NONE = 0,
	RES_TYPE_EXISTS,    
	RES_TYPE_MISSING,   
	RES_TYPE_IGNORE,    
	RES_TYPE_HASH_ANY,  
};

enum ReCheckerFunc
{




	RC_FileConsistencyProcess = (any:1024 * hooks_tables_e:ht_rechecker),





	RC_FileConsistencyFinal,





	RC_CmdExec,


};











native QueryFileHook:RegisterQueryFile(const file[], const function[], const ResourceType:type, const hash = -1);









native bool:UnRegisterQueryFile(QueryFileHook:hook);
#file F:\SV GAMELAND\server\cstrike\addons\amxmodx\scripting\include\reapi.inc
#line 115




enum
{
	HC_CONTINUE = 0, 
	HC_SUPERCEDE,    
	HC_BREAK,        


	HC_BYPASS        

};




enum AType
{
	ATYPE_INTEGER = 0,
	ATYPE_FLOAT,
	ATYPE_STRING,
	ATYPE_CLASSPTR,
	ATYPE_EDICT,
	ATYPE_EVARS,
	ATYPE_BOOL,
	ATYPE_VECTOR,
	ATYPE_TRACE
};

enum HookChain
{
	INVALID_HOOKCHAIN = 0
};











native HookChain:RegisterHookChain({EngineFunc, GamedllFunc, GamedllFunc_CBaseAnimating, GamedllFunc_CBasePlayer, GamedllFunc_CSGameRules, GamedllFunc_CGrenade, GamedllFunc_CWeaponBox, ReCheckerFunc, GamedllFunc_CBasePlayerWeapon, GamedllFunc_CGib, GamedllFunc_CBaseEntity, GamedllFunc_CBotManager}:function_id, const callback[], post = 0);








native bool:DisableHookChain(HookChain:hook);









native bool:EnableHookChain(HookChain:hook);








native SetHookChainReturn(AType:type, any:...);










native any:GetHookChainReturn(AType:type, any:...);











native SetHookChainArg(number, AType:type, any:...);









native bool:IsReapiHookOriginalWasCalled({EngineFunc, GamedllFunc, GamedllFunc_CBaseAnimating, GamedllFunc_CBasePlayer, GamedllFunc_CSGameRules, GamedllFunc_CGrenade, GamedllFunc_CWeaponBox, ReCheckerFunc, GamedllFunc_CBasePlayerWeapon, GamedllFunc_CGib, GamedllFunc_CBaseEntity, GamedllFunc_CBotManager}:function_id);






native HookChain:GetCurrentHookChainHandle();







native bool:FClassnameIs(const entityIndex, const className[]);








native WeaponIdType:GetGrenadeType(const entityIndex);









native engset_view(const index, const viewEntity);







native get_viewent(const index);






native bool:is_entity(const entityIndex);






native bool:is_rehlds();






native bool:is_regamedll();







native bool:has_reunion();






native bool:has_vtc();






native bool:has_rechecker();






public __reapi_version_check(const majorVersion, const minorVersion)
{
	if (majorVersion != 5)
	{
		new temp[512];
		formatex(temp, sizeof temp - 1, "[ReAPI]: Api major version mismatch; expected %d, real %d", 5, majorVersion);
		set_fail_state(temp);
		return;
	}

	if (minorVersion < 29)
	{
		new temp[512];
		formatex(temp, sizeof temp - 1, "[ReAPI]: Api minor version mismatch; expected at least %d, real %d", 29, minorVersion);
		set_fail_state(temp);
		return;
	}
}
#file mix_system.sma
#file F:\SV GAMELAND\server\cstrike\addons\amxmodx\scripting\include\regex.inc
#line 1













#line 18

#pragma reqlib regex
#line 21
	#pragma loadlib regex
#line 23


enum Regex
{
	REGEX_MATCH_FAIL   = -2,
	REGEX_PATTERN_FAIL = -1,
	REGEX_NO_MATCH     =  0,
	REGEX_OK           =  1
};





#line 55





enum               
{
	REGEX_ERROR_NONE           =  0,                  
	REGEX_ERROR_NOMATCH        = -1,                            
	REGEX_ERROR_NULL           = -2,
	REGEX_ERROR_BADOPTION      = -3,
	REGEX_ERROR_BADMAGIC       = -4,
	REGEX_ERROR_UNKNOWN_OPCODE = -5,
	REGEX_ERROR_NOMEMORY       = -6,
	REGEX_ERROR_NOSUBSTRING    = -7,
	REGEX_ERROR_MATCHLIMIT     = -8,
	REGEX_ERROR_CALLOUT        = -9,                                   
	REGEX_ERROR_BADUTF8        = -10,
	REGEX_ERROR_BADUTF8_OFFSET = -11,
	REGEX_ERROR_PARTIAL        = -12,
	REGEX_ERROR_BADPARTIAL     = -13,
	REGEX_ERROR_INTERNAL       = -14,
	REGEX_ERROR_BADCOUNT       = -15,
	REGEX_ERROR_DFA_UITEM      = -16,
	REGEX_ERROR_DFA_UCOND      = -17,
	REGEX_ERROR_DFA_UMLIMIT    = -18,
	REGEX_ERROR_DFA_WSSIZE     = -19,
	REGEX_ERROR_DFA_RECURSE    = -20,
	REGEX_ERROR_RECURSIONLIMIT = -21,
	REGEX_ERROR_NULLWSLIMIT    = -22,                                
	REGEX_ERROR_BADNEWLINE     = -23,
	REGEX_ERROR_BADOFFSET      = -24,
	REGEX_ERROR_SHORTUTF8      = -25,
	REGEX_ERROR_RECURSELOOP    = -26,
	REGEX_ERROR_JIT_STACKLIMIT = -27,
	REGEX_ERROR_BADMODE        = -28,
	REGEX_ERROR_BADENDIANNESS  = -29,
	REGEX_ERROR_DFA_BADRESTART = -30,
	REGEX_ERROR_JIT_BADOPTION  = -31,
	REGEX_ERROR_BADLENGTH      = -32,
	REGEX_ERROR_UNSET          = -33
};




























native Regex:regex_compile(const pattern[], &ret = 0, error[] = "", maxLen = 0, const flags[]="");


















native regex_match_c(const string[], Regex:pattern, &ret = 0);
































native Regex:regex_match(const string[], const pattern[], &ret = 0, error[] = "", maxLen = 0, const flags[] = "");














native regex_substr(Regex:id, str_id, buffer[], maxLen);















native regex_free(&Regex:id);






















native Regex:regex_compile_ex(const pattern[], flags = 0, error[]= "", maxLen = 0, &errcode = 0);





















native regex_match_all_c(const string[], Regex:pattern, &ret = 0);


























native Regex:regex_match_all(const string[], const pattern[], flags = 0, error[]= "", maxLen = 0, &errcode = 0);




















stock regex_match_simple(const str[], const pattern[], flags = 0, error[]= "", maxLen = 0, &errcode = 0)
{
	new Regex:regex = regex_compile_ex(pattern, flags, error, maxLen, errcode);
	if (regex < REGEX_OK)
	{
		return -1;
	}
	new substrings = regex_match_c(str, regex);
	regex_free(regex);
	return substrings;
}




#line 319





























native regex_replace(Regex:pattern, string[], maxLen, const replace[], flags = 0, &errcode = 0);
#file mix_system.sma
#file F:\SV GAMELAND\server\cstrike\addons\amxmodx\scripting\include\mix_system.inc
#line 1


#line 7

#pragma reqlib mix_system
#line 10
    #pragma loadlib mix_system  
#line 12








native Mix_IsHalf()








native Mix_IsLastRound()








native Mix_IsPreLastRound()








native Mix_CanOvertime()








native Mix_IsStarted()








native Mix_IsWarm()








native Mix_UserPoints(id)










native Mix_GetUserName(id, name[], len)










native Mix_GetPrefix(szPrefix[], iLen)










native Mix_SearchForUser(szSteamID[], iPoints, bool:bAdd = true)










native Mix_MultiplyFactor(id, iFactor)









native Mix_HasPointsSys()











native Mix_GetPointsTable(szTable[], iLen)












forward mix_player_killed(id, iVictim, bHeadshot, szName[], szAuthID[])











forward mix_game_over(id, iDuration, iTeamWon, iPoints)












forward mix_game_begin_post(id, bFinished, szAuthID[], szName[], iPoints)








forward mix_game_begin_pre()










forward mix_game_stopped(id, iDuration, iPoints)








forward mix_sys_leaver(szAuthID[])










forward mix_game_new_round(iCTScore, iTeroScore, iDuration)









forward mix_database_connected(Handle:hTuple, Handle:iSqlConn)








forward mix_match_winner(iPlayer)








forward mix_user_save(iPlayer)
#file mix_system.sma
#line 35

#line 38
#undef PLUGIN
#line 41

#line 44

#line 47

enum (+=1200)
{
	TASK_WARM = 8200,
	TASK_SET_MONEY,
	TASK_GIVE_WEAPON,
	TASK_SWAP,
	TASK_REVIVE,
	TASK_CHANGE_BOOL,
#line 57
	TASK_ASK,
	TASK_CHECKVOTES,
#line 60
	TASK_SPECALL,
	TASK_LOAD,
	TASK_COUNT_DURATION,
	TASK_GIVE_EQUIPMENT
}

enum MatchState
{
	MATCHSTATE_WARM = 0,
	MATCHSTATE_IN_MATCH,
	MATCHSTATE_KNIFE_ROUND,
	MATCHSTATE_OVERTIME
}

new const CHAT_PREFIX[]			=		"CHAT_PREFIX"
new const OVERTIME_ROUNDS[]		=		"OVERTIME_ROUNDS"
new const OVERTIME_SCORE[]		=		"OVERTIME_SCORE"
new const MIX_END_ROUND[]		=		"MIX_END_ROUND"
new const ADMIN_CHAT_FLAGS[]	=		"ADMIN_CHAT_FLAGS"
new const ADMIN_ACCESS[]		=		"ADMIN_LEVEL_ACCESS"
new const FREEZETIME_SWAP[]		=		"FREEZE_TIME_SWAP"
new const AUTO_OVERTIME[]		=		"AUTOMATIC_OVERTIME"
new const START_CFG[]			=		"START_CONFIG"
new const STOP_CFG[]			=		"STOP_CONFIG"
new const OVERTIME_CFG[]		=		"OVERTIME_CONFIG"
new const FREEZETIME[]			=		"FREEZETIME"
new const PAUSE_TIME[]			=		"PAUSE_DURATION"
new const TEN_REQUIRED[]		=		"START_TEN_REQUIRED"
new const KNIFE_ROUND_DELAY[]	=		"KNIFE_ROUND_START_DELAY"
new const DEFAULT_POINTS[]		=		"DEFAULT_START_POINTS"
new const FORCE_WARMUP[]		=		"FORCE_WARMUP"
new const SHOW_COMMANDS[]		=		"SHOW_COMMANDS"
new const START_COMMANDS[]		=		"START_MIX_COMMANDS"
new const STOP_COMMANDS[]		=		"STOP_MIX_COMMANDS"
new const WARM_COMMANDS[]		=		"WARM_COMMANDS"
new const KNIFE_COMMANDS[]		=		"KNIFE_COMMANDS"
new const CHAT_ON_COMMANDS[]	=		"CHAT_ON_COMMANDS"
new const CHAT_OFF_COMMANDS[]	=		"CHAT_OFF_COMMANDS"
new const OVERTIME_COMMANDS[]	=		"OVERTIME_COMMANDS"
new const PASSON_COMMANDS[]		=		"PASSWORD_ON_COMMANDS"
new const PASSOFF_COMMANDS[]	=		"PASSWORD_OFF_COMMANDS"
new const SPECALL_COMMANDS[]	=		"SPECALL_COMMANDS"
new const RESTART_COMMANDS[]	=		"RESTART_COMMANDS"
new const SCORE_COMMANDS[]		=		"SCORE_COMMANDS"
new const CT_COMMANDS[]			=		"MOVE_CT_COMMANDS"
new const T_COMMANDS[]			=		"MOVE_TERO_COMMANDS"
new const SPEC_COMMANDS[]		=		"MOVE_SPEC_COMMANDS"
new const STARTDEMO_COMMANDS[]	=		"START_DEMO_COMMANDS"
new const STOPDEMO_COMMANDS[]	=		"STOPDEMO_COMMANDS"
new const PAUSE_COMMANDS[]		=		"PAUSE_COMMANDS"
new const WARM_TYPE[]			=		"WARMUP_TYPE"
new const WARM_SPAWN_MONEY[]	=		"WARMUP_SPAWN_MONEY"
new const WARM_WEAPON_CT[]		=		"WARMUP_WEAPON_CT"
new const WARM_WEAPON_TERO[]	=		"WARMUP_WEAPON_TERO"
new const WARM_PISTOL[]			=		"WARMUP_PISTOL"
new const WARM_BP_AMMO[]		=		"WARMUP_BP_AMMO"
new const HUD_COLORS[]			=		"HUD_COLOR"
new const HUD_POSITION[]		=		"HUD_POSITION"
new const DEMO_AUTO[]			=		"AUTO_DEMO"
new const DEMO_TYPE[]			= 		"DEMO_TYPE"
new const DEMO_NAME[]			=		"DEMO_NAME"


enum
{
	SETTINGS_SECTION = 1,
	COMMANDS_SECTION,
	WARM_SETTINGS,
	HUD_SETTINGS,
	DEMO_SETTINGS,
	POINTS_SYSTEM,
	RANK_SYSTEM
}

enum _:Settings
{
	szPrefix[64],
	iRoundOvertime,
	iMixEndRound,
	iOvertimeScore[5],
	szAdminFlags[22],
	szAdminAccess[4],
	iFreezetimeSwap,
	iAutoOvertime,
	szStartCfg[32],
	szOvertimeCfg[32],
	iPauseTime,
	bool:bRequireTen,
	iKnifeStartDelay,
	iStartPoints,
	bool:bForceWarmup,
	szStopCfg[32],
	}

enum _:WarmSettings
{
	bool:bWarmType,
	iWarmMoney[6],
	szWeaponCT[16],
	szWeaponT[16],
	szPistol[16],
	iBpAmmo
}

enum _:DemoSettings
{
	iDemoAuto,
	iDemoType,
	szDemoName[32],
}

enum
{
	DEMO_MAPNAME,
	DEMO_CUSTOM_NAME,
	DEMO_CIN_NAME
}

enum _:Score
{
	CT_SCORE,
	TERO_SCORE,
	CT_OVER_SCORE,
	TERO_OVER_SCORE,
	DRAW 
}

enum
{
	CT_LAST = 1,
	T_LAST
}

enum _:Infos
{
	MIX_STARTER[32],
	MIX_STOPER[32],
	CHAT[32],
	WARM_CALLER[32],
	KNIFE_STRATER[32],
	OVERTIME_STARTER[32],
	PASSON_CALLER[32],
	PASSOFF_CALLER[32],
	SPECALL_CALLER[32],
	ACE[32],
	SEMI_ACE[32]
}

enum _:Bools
{
#line 211
	bool:bWasKnife,
#line 213
	bool:bCanChat[32 + 1],
	bool:bIsMixOn,
	bool:bIsKnife,
	bool:bIsWarm,
	bool:bTeamSwap,
	bool:bOvertime,
	bool:bIsStoppingMix,
	bool:bCanShowStats
}

enum _:HudSettings
{
	Float:fHudPosX,
	Float:fHudPosY,
	iHudColorR,
	iHudColorG,
	iHudColorB
}

enum _:OVERTIME
{
	bool:FirstOvertime,
	bool:SecondOvertime
}

enum 
{
	SPEC,
	CT,
	TERO
}

enum _:Pdata
{
	STEAMID[32],
	KILLS,
	DEATHS,
	MONEY
}

#line 254
new g_iPlayers

enum _:TeamAnswers
{
	SWITCH = 0,
	STAY
}
#line 262

enum _:PlayerScore
{
	iKILLS,
	iDEATHS
}

enum _:Teams
{
	CT_PAUSE,
	TERO_PAUSE
}

enum _:PlayerStats
{
	DamageGiven,
	HitsGiven,
	PlayerHealth
}

enum _:Forwards
{
	Kill,
	GameOver,
	GameBeginPre,
	GameBeginPost,
	GameStopped,
	NewRound,
	DatabaseConnected,
	Winners,
	Save,
	MaxFwds
}

new Array:g_aStartCmds
new Array:g_aStopCmds
new Array:g_aWarmCmds
new Array:g_aKnifeCmds
new Array:g_aChatOnCmds
new Array:g_aChatOffCmds
new Array:g_aOvertimeCmds
new Array:g_aPassOnCmds
new Array:g_aPassOffCmds
new Array:g_aSpecAllCmds
new Array:g_aCTCmds
new Array:g_aTCmds
new Array:g_aSpecCmds
new Array:g_aStartDemoCmds
new Array:g_aStopDemoCmds

new g_ePluginSettings[Settings]
new g_eHudSettings[HudSettings]
new g_eWarmSettings[WarmSettings]
new g_eInformations[Infos]
new g_eDemoSettings[DemoSettings]

new g_eOvertime[OVERTIME]
new g_iOvertimeScore[Score]

new g_iScore[Score]
new g_iRoundNum
new g_iKnifes
new g_iStart

new g_szName[32 + 1][32]
new g_szAuthID[32][32]
new Array:g_aPlayerData

new g_eBooleans[Bools]

new g_cFreezeTime
new g_iFreezeTime

new g_szHltvDemoName[64]


new g_iPlayerKills[32 + 1]
new g_szWeapon[32 + 1][32]

new g_ePlayerScore[32 + 1][PlayerScore]

new g_eTeamPause[Teams]
new bool:g_bPaused
new g_iTimer

#line 348
new bool:g_bVoted
new g_iVote
new g_iAnswer[TeamAnswers]
#line 352

new g_ePlayerStats[32 + 1][32 + 1][PlayerStats]

new g_eForwards[Forwards]
new g_iDuration

new g_iRet


new g_szConfigsDir[48]
new g_iGaveC4

new g_iMsgScreenFade

public plugin_init()
{
	register_plugin("Mix System ~ Fastcup Mode", "2.19.10", "Shadows Adi")

	register_cvar("mix_sys", "2.19.10", 4|8|256|64)

	register_dictionary("mix_system.txt")

	g_iMsgScreenFade = get_user_msgid("ScreenFade")

	register_clcmd("say", "hook_say")

	register_clcmd("fullupdate", "clcmd_fullupdate")

	RegisterHookChain(RG_RoundEnd, "RG_EndRound")
	RegisterHookChain(RG_CSGameRules_PlayerKilled, "RG_Player_Killed_Post", 1)
	RegisterHookChain(RG_CWeaponBox_SetModel, "RG_Weapon_Remove")
	RegisterHookChain(RG_HandleMenu_ChooseTeam, "RG_ChooseTeam_Pre")
	RegisterHookChain(RG_HandleMenu_ChooseTeam, "RG_ChooseTeam_Post", 1)
	RegisterHookChain(RG_CSGameRules_CanHavePlayerItem, "RG_CSGameRules_CanHavePlayerItem_Pre")

		RegisterHookChain(RG_CBasePlayer_TakeDamage, "RG_PlayerTakeDamage_Pre")
	RegisterHookChain(RG_CBasePlayer_TakeDamage, "RG_PlayerTakeDamage_Post", 1)
#line 392

	register_message(get_user_msgid("SayText"), "HookSay")
	register_event("HLTV", "ev_NewRound", "a", "1=0", "2=0");
	register_event("TextMsg", "ev_GameRestart", "a", "2=#Game_will_restart_in")
	g_cFreezeTime = get_cvar_pointer("mp_freezetime")

#line 403

	register_clcmd("hs1", "clcmd_hs1")
	register_clcmd("say hs1", "clcmd_hs1")
	register_clcmd("say /hs1", "clcmd_hs1")
	register_clcmd("say .hs1", "clcmd_hs1")
	register_clcmd("say_team hs1", "clcmd_hs1")
	register_clcmd("say_team /hs1", "clcmd_hs1")

	register_clcmd("hs0", "clcmd_hs0")
	register_clcmd("say hs0", "clcmd_hs0")
	register_clcmd("say /hs0", "clcmd_hs0")
	register_clcmd("say .hs0", "clcmd_hs0")
	register_clcmd("say_team hs0", "clcmd_hs0")
	register_clcmd("say_team /hs0", "clcmd_hs0")


	g_eForwards[Kill] = CreateMultiForward("mix_player_killed", 0, 0, 0, 0, 2, 2)
	g_eForwards[GameBeginPre] = CreateMultiForward("mix_game_begin_pre", 0)
		g_eForwards[NewRound] = CreateMultiForward("mix_game_new_round", 0, 0, 0, 0)

	new pcvar = get_cvar_pointer("amx_mode")
	if(pcvar != 0)
	{
		hook_cvar_change(pcvar, "OnCvarChange")
	}


	set_task(0.1, "task_read_config")
}

public task_read_config()
{
	ReadConfig()
}

public plugin_natives()
{
	g_aStartCmds = ArrayCreate(32)
	g_aStopCmds = ArrayCreate(32)
	g_aWarmCmds = ArrayCreate(32)
	g_aKnifeCmds = ArrayCreate(32)
	g_aChatOnCmds = ArrayCreate(32)
	g_aChatOffCmds = ArrayCreate(32)
	g_aOvertimeCmds = ArrayCreate(32)
	g_aPassOnCmds = ArrayCreate(32)
	g_aPassOffCmds = ArrayCreate(32)
	g_aSpecAllCmds = ArrayCreate(32)
	g_aCTCmds = ArrayCreate(32)
	g_aTCmds = ArrayCreate(32)
	g_aSpecCmds = ArrayCreate(32)
	g_aStartDemoCmds = ArrayCreate(32)
	g_aStopDemoCmds = ArrayCreate(32)
	g_aPlayerData = ArrayCreate(Pdata)


	register_library("mix_system")

	register_native("Mix_IsHalf", "native_is_half")
	register_native("Mix_IsLastRound", "native_is_last_round")
	register_native("Mix_IsPreLastRound", "native_is_prelast_round")
	register_native("Mix_CanOvertime", "native_can_overtime")
	register_native("Mix_IsStarted", "native_is_started")
	register_native("Mix_IsWarm", "native_is_warm")
	register_native("Mix_GetPrefix", "native_get_prefix")
	register_native("Mix_GetUserName", "native_get_username")
		register_native("Mix_HasPointsSys", "native_has_points_sys")
}

public plugin_end()
{
	ArrayDestroy(g_aStartCmds)
	ArrayDestroy(g_aStopCmds)
	ArrayDestroy(g_aWarmCmds)
	ArrayDestroy(g_aKnifeCmds)
	ArrayDestroy(g_aChatOnCmds)
	ArrayDestroy(g_aChatOffCmds)
	ArrayDestroy(g_aOvertimeCmds)
	ArrayDestroy(g_aPassOnCmds)
	ArrayDestroy(g_aPassOffCmds)
	ArrayDestroy(g_aSpecAllCmds)
	ArrayDestroy(g_aCTCmds)
	ArrayDestroy(g_aTCmds)
	ArrayDestroy(g_aSpecCmds)
	ArrayDestroy(g_aStartDemoCmds)
	ArrayDestroy(g_aStopDemoCmds)
	ArrayDestroy(g_aPlayerData)

	for(new i; i < MaxFwds; i++)
	{
		DestroyForward(g_eForwards[i])
	}

	}

public OnCvarChange(pcvar, const old_value[], const new_value[])
{
	if(get_pcvar_num(pcvar) != 1)
	{
		set_pcvar_num(pcvar, 1)
	}

	server_cmd("amx_reloadadmins")
	server_exec()
}

#line 513

#line 516

#line 523

#line 544

ReadConfig()
{
	new szConfigsDir[128], szFileDir[64]
	get_configsdir(szConfigsDir, (sizeof(szConfigsDir)-1))

	formatex(szFileDir, (sizeof(szFileDir)-1), "%s/MixSettings.ini", szConfigsDir)

	new iFile = fopen(szFileDir, "rt")

	if(iFile)
	{
		new szData[128], iSection, szString[64], szValue[64]


		while(!feof(iFile))
		{
			fgets(iFile, szData, (sizeof(szData)-1))
			trim(szData)

			if(szData[0] == '#' || szData[0] == EOS || szData[0] == ';')
				continue

			if(szData[0] == '[')
			{
				iSection += 1
			}
			switch(iSection)
			{
				case SETTINGS_SECTION:
				{
					if(szData[0] != '[')
					{
						strtok2(szData, szString, (sizeof(szString)-1), szValue, (sizeof(szValue)-1), '=', (1<<1)|(1<<2))

						if(szValue[0] == EOS || !szValue[0])
							continue

						if(equal(szString, CHAT_PREFIX))
						{
							copy(g_ePluginSettings[szPrefix], (sizeof(g_ePluginSettings[szPrefix])-1), szValue)
						}
						else if(equal(szString, OVERTIME_ROUNDS))
						{
							g_ePluginSettings[iRoundOvertime] = str_to_num(szValue)
						}
						else if(equal(szString, OVERTIME_SCORE))
						{
							g_ePluginSettings[iOvertimeScore] = str_to_num(szValue)
						}
						else if(equal(szString, MIX_END_ROUND))
						{
							g_ePluginSettings[iMixEndRound] = str_to_num(szValue)
						}
						else if(equal(szString, ADMIN_CHAT_FLAGS))
						{
							copy(g_ePluginSettings[szAdminFlags], (sizeof(g_ePluginSettings[szAdminFlags])-1), szValue)
						}
						else if(equal(szString, ADMIN_ACCESS))
						{
							copy(g_ePluginSettings[szAdminAccess], (sizeof(g_ePluginSettings[szAdminAccess])-1), szValue)
						}
						else if(equal(szString, FREEZETIME_SWAP))
						{
							g_ePluginSettings[iFreezetimeSwap] = str_to_num(szValue)
						}
						else if(equal(szString, AUTO_OVERTIME))
						{
							g_ePluginSettings[iAutoOvertime] = str_to_num(szValue)
						}
						else if(equal(szString, START_CFG))
						{
							copy(g_ePluginSettings[szStartCfg], (sizeof(g_ePluginSettings[szStartCfg])-1), szValue)
						}
						else if(equal(szString, STOP_CFG))
						{
							copy(g_ePluginSettings[szStopCfg], (sizeof(g_ePluginSettings[szStopCfg])-1), szValue)
						}
						else if(equal(szString, OVERTIME_CFG))
						{
							copy(g_ePluginSettings[szOvertimeCfg], (sizeof(g_ePluginSettings[szOvertimeCfg])-1), szValue)
						}
						else if(equal(szString, FREEZETIME))
						{
							g_iFreezeTime = str_to_num(szValue)
						}
						else if(equal(szString, PAUSE_TIME))
						{
							g_ePluginSettings[iPauseTime] = str_to_num(szValue)
						}
						else if (equal(szString, TEN_REQUIRED))
						{
							g_ePluginSettings[bRequireTen] = bool:clamp(str_to_num(szValue), 0, 1) 
						}
						else if (equal(szString, KNIFE_ROUND_DELAY))
						{
							g_ePluginSettings[iKnifeStartDelay] = str_to_num(szValue)
						}
						else if (equal(szString, DEFAULT_POINTS))
						{
							g_ePluginSettings[iStartPoints] = str_to_num(szValue)
						}
						else if (equal(szString, FORCE_WARMUP))
						{
							g_ePluginSettings[bForceWarmup] = bool:clamp(str_to_num(szValue), 0, 1) 
						}
					}
				}
				case COMMANDS_SECTION:
				{
					if(szData[0] != '[')
					{
						strtok2(szData, szString, (sizeof(szString)-1), szValue, (sizeof(szValue)-1), '=', (1<<1)|(1<<2))

						if(szValue[0] == EOS || !szValue[0])
							continue

						if(equal(szString, SHOW_COMMANDS))
						{
							while(szValue[0] != EOS && strtok2(szValue, szString, (sizeof(szString)-1), szValue, (sizeof(szValue)-1), ',', (1<<1)|(1<<2)))
							{
								register_clcmd(szString, "clcmd_showcmds")
							}
						}
						else if(equal(szString, START_COMMANDS))
						{
							while(szValue[0] != EOS && strtok2(szValue, szString, (sizeof(szString)-1), szValue, (sizeof(szValue)-1), ',', (1<<1)|(1<<2)))
							{
								register_clcmd(szString, "clcmd_startmix")
								ArrayPushString(g_aStartCmds, szString)
							}
						}
						else if(equal(szString, STOP_COMMANDS))
						{
							while(szValue[0] != EOS && strtok2(szValue, szString, (sizeof(szString)-1), szValue, (sizeof(szValue)-1), ',', (1<<1)|(1<<2)))
							{
								register_clcmd(szString, "clcmd_stopmix")
								ArrayPushString(g_aStopCmds, szString)
							}
						}
						else if(equal(szString, WARM_COMMANDS))
						{
							while(szValue[0] != EOS && strtok2(szValue, szString, (sizeof(szString)-1), szValue, (sizeof(szValue)-1), ',', (1<<1)|(1<<2)))
							{
								register_clcmd(szString, "clcmd_warm")
								ArrayPushString(g_aWarmCmds, szString)
							}
						}
						else if(equal(szString, KNIFE_COMMANDS))
						{
							while(szValue[0] != EOS && strtok2(szValue, szString, (sizeof(szString)-1), szValue, (sizeof(szValue)-1), ',', (1<<1)|(1<<2)))
							{
								register_clcmd(szString, "clcmd_knife")
								ArrayPushString(g_aKnifeCmds, szString)
							}
						}
						else if(equal(szString, CHAT_ON_COMMANDS))
						{
							while(szValue[0] != EOS && strtok2(szValue, szString, (sizeof(szString)-1), szValue, (sizeof(szValue)-1), ',', (1<<1)|(1<<2)))
							{
								register_clcmd(szString, "clcmd_chat_on")
								ArrayPushString(g_aChatOnCmds, szString)
							}
						}
						else if(equal(szString, CHAT_OFF_COMMANDS))
						{
							while(szValue[0] != EOS && strtok2(szValue, szString, (sizeof(szString)-1), szValue, (sizeof(szValue)-1), ',', (1<<1)|(1<<2)))
							{
								register_clcmd(szString, "clcmd_chat_off")
								ArrayPushString(g_aChatOffCmds, szString)
							}
						}
						else if(equal(szString, OVERTIME_COMMANDS))
						{
							while(szValue[0] != EOS && strtok2(szValue, szString, (sizeof(szString)-1), szValue, (sizeof(szValue)-1), ',', (1<<1)|(1<<2)))
							{
								register_clcmd(szString, "clcmd_overtime")
								ArrayPushString(g_aOvertimeCmds, szString)
							}
						}
						else if(equal(szString, PASSON_COMMANDS))
						{
							while(szValue[0] != EOS && strtok2(szValue, szString, (sizeof(szString)-1), szValue, (sizeof(szValue)-1), ',', (1<<1)|(1<<2)))
							{
								register_clcmd(szString, "clcmd_passon")
								ArrayPushString(g_aPassOnCmds, szString)
							}
						}
						else if(equal(szString, PASSOFF_COMMANDS))
						{
							while(szValue[0] != EOS && strtok2(szValue, szString, (sizeof(szString)-1), szValue, (sizeof(szValue)-1), ',', (1<<1)|(1<<2)))
							{
								register_clcmd(szString, "clcmd_passoff")
								ArrayPushString(g_aPassOffCmds, szString)
							}
						}
						else if(equal(szString, SPECALL_COMMANDS))
						{
							while(szValue[0] != EOS && strtok2(szValue, szString, (sizeof(szString)-1), szValue, (sizeof(szValue)-1), ',', (1<<1)|(1<<2)))
							{
								register_clcmd(szString, "clcmd_specall")
								ArrayPushString(g_aSpecAllCmds, szString)
							}
						}
						else if(equal(szString, RESTART_COMMANDS))
						{
							while(szValue[0] != EOS && strtok2(szValue, szString, (sizeof(szString)-1), szValue, (sizeof(szValue)-1), ',', (1<<1)|(1<<2)))
							{
								register_clcmd(szString, "clcmd_restart")
							}
						}
						else if(equal(szString, SCORE_COMMANDS))
						{
							while(szValue[0] != EOS && strtok2(szValue, szString, (sizeof(szString)-1), szValue, (sizeof(szValue)-1), ',', (1<<1)|(1<<2)))
							{
								register_clcmd(szString, "clcmd_score")
							}
						}
						else if(equal(szString, CT_COMMANDS))
						{
							while(szValue[0] != EOS && strtok2(szValue, szString, (sizeof(szString)-1), szValue, (sizeof(szValue)-1), ',', (1<<1)|(1<<2)))
							{
								register_clcmd(szString, "clcmd_ct")
								ArrayPushString(g_aCTCmds, szString)
							}
						}
						else if(equal(szString, T_COMMANDS))
						{
							while(szValue[0] != EOS && strtok2(szValue, szString, (sizeof(szString)-1), szValue, (sizeof(szValue)-1), ',', (1<<1)|(1<<2)))
							{
								register_clcmd(szString, "clcmd_t")
								ArrayPushString(g_aTCmds, szString)
							}
						}
						else if(equal(szString, SPEC_COMMANDS))
						{
							while(szValue[0] != EOS && strtok2(szValue, szString, (sizeof(szString)-1), szValue, (sizeof(szValue)-1), ',', (1<<1)|(1<<2)))
							{
								register_clcmd(szString, "clcmd_spec")
								ArrayPushString(g_aSpecCmds, szString)
							}
						}
						else if(equal(szString, STARTDEMO_COMMANDS))
						{
							while(szValue[0] != EOS && strtok2(szValue, szString, (sizeof(szString)-1), szValue, (sizeof(szValue)-1), ',', (1<<1)|(1<<2)))
							{
								register_clcmd(szString, "clcmd_start_demo")
								ArrayPushString(g_aStartDemoCmds, szString)
							}
						}
						else if(equal(szString, STOPDEMO_COMMANDS))
						{
							while(szValue[0] != EOS && strtok2(szValue, szString, (sizeof(szString)-1), szValue, (sizeof(szValue)-1), ',', (1<<1)|(1<<2)))
							{
								register_clcmd(szString, "clcmd_stop_demo")
								ArrayPushString(g_aStopDemoCmds, szString)
							}
						}
												else if(equal(szString, PAUSE_COMMANDS))
						{
							while(szValue[0] != EOS && strtok2(szValue, szString, (sizeof(szString)-1), szValue, (sizeof(szValue)-1), ',', (1<<1)|(1<<2)))
							{
								register_clcmd(szString, "clcmd_say_pause")
							}
						}
					}
				}
				case WARM_SETTINGS:
				{
					if(szData[0] == '[')
						continue

					strtok2(szData, szString, (sizeof(szString)-1), szValue, (sizeof(szValue)-1), '=', (1<<1)|(1<<2))

					if(equal(szString, WARM_TYPE))
					{
						g_eWarmSettings[bWarmType] = (str_to_num(szValue) == 1 ? true : false)
					}
					else if(equal(szString, WARM_SPAWN_MONEY))
					{
						g_eWarmSettings[iWarmMoney] = str_to_num(szValue)
					}
					else if(equal(szString, WARM_WEAPON_CT))
					{
						copy(g_eWarmSettings[szWeaponCT], (sizeof(g_eWarmSettings[szWeaponCT])-1), szValue)
					}
					else if(equal(szString, WARM_WEAPON_TERO))
					{
						copy(g_eWarmSettings[szWeaponT], (sizeof(g_eWarmSettings[szWeaponT])-1), szValue)
					}
					else if(equal(szString, WARM_PISTOL))
					{
						copy(g_eWarmSettings[szPistol], (sizeof(g_eWarmSettings[szPistol])-1), szValue)
					}
					else if(equal(szString, WARM_BP_AMMO))
					{
						g_eWarmSettings[iBpAmmo] = str_to_num(szValue)
					}
				}
				case HUD_SETTINGS:
				{
					if(szData[0] == '[')
						continue

					strtok2(szData, szString, (sizeof(szString)-1), szValue, (sizeof(szValue)-1), '=', (1<<1)|(1<<2))

					if(equal(szString, HUD_COLORS))
					{
						new szHudColorR[4], szHudColorG[4], szHudColorB[4]

						parse(szValue, szHudColorR, (sizeof(szHudColorR)-1), szHudColorG, (sizeof(szHudColorG)-1), szHudColorB, (sizeof(szHudColorB)-1))

						g_eHudSettings[iHudColorR] = str_to_num(szHudColorR)
						g_eHudSettings[iHudColorG] = str_to_num(szHudColorG)
						g_eHudSettings[iHudColorB] = str_to_num(szHudColorB)
					}
					else if(equal(szString, HUD_POSITION))
					{
						new szHudPosX[5], szHudPosY[5]
						parse(szValue, szHudPosX, (sizeof(szHudPosX)-1), szHudPosY, (sizeof(szHudPosY)-1))

						g_eHudSettings[fHudPosX] = str_to_float(szHudPosX)
						g_eHudSettings[fHudPosY] = str_to_float(szHudPosY)

#line 875
					}
				}
				case DEMO_SETTINGS:
				{
					if(szData[0] == '[')
						continue

					strtok2(szData, szString, (sizeof(szString)-1), szValue, (sizeof(szValue)-1), '=', (1<<1)|(1<<2))

					if(equal(szString, DEMO_AUTO))
					{
						g_eDemoSettings[iDemoAuto] = str_to_num(szValue)
					}
					else if(equal(szString, DEMO_TYPE))
					{
						g_eDemoSettings[iDemoType] = str_to_num(szValue)
					}
					else if(equal(szString, DEMO_NAME))
					{
						copy(g_eDemoSettings[szDemoName], (sizeof(g_eDemoSettings[szDemoName])-1), szValue)
					}
				}
							}
		}
	}


	g_iTimer = g_ePluginSettings[iPauseTime] - 1
}


public client_putinserver(id)
{
	get_user_authid(id, g_szAuthID[id], (sizeof(g_szAuthID[])-1))
	get_user_name(id, g_szName[id], (sizeof(g_szName[])-1))

		g_iPlayerKills[id] = 0

	g_eBooleans[bCanChat][id] = true

	if(g_eBooleans[bIsMixOn])
	{
		if(get_user_flags(id) & read_flags(g_ePluginSettings[szAdminFlags]))
		{
			g_eBooleans[bCanChat][id] = true
		}
		else 
		{
			g_eBooleans[bCanChat][id] = false
		}
	}
}

public client_disconnected(id)
{
	if(is_bot(id))
		return

	if(g_eBooleans[bIsMixOn] && !(id == 0 || is_entity(id) == false))
	{
		new iData[Pdata]
		iData[STEAMID] = g_szAuthID[id]
		iData[DEATHS] = get_user_deaths(id)
		iData[KILLS] = get_user_frags(id)
		iData[MONEY] = get_member_s(id, m_iAccount)
		ArrayPushArray(g_aPlayerData, iData)

		g_ePlayerScore[id][iKILLS] = 0
		g_ePlayerScore[id][iDEATHS] = 0
	}

	}

#line 951

#line 956

public RG_Weapon_Remove(iEnt, const szModelName[])
{
	if(g_eBooleans[bIsWarm] || g_eBooleans[bIsKnife])
	{
		static szClass[32]
		get_entvar(iEnt, var_classname, szClass, (sizeof(szClass)-1))

		if(!equal(szClass, "weaponbox"))
			return HC_CONTINUE

		set_entvar(iEnt, var_nextthink, get_gametime() + 1)
	}

	return HC_CONTINUE
}

public RG_CSGameRules_CanHavePlayerItem_Pre(id, item)
{
	if(g_eBooleans[bIsKnife] || get_member_game(m_bCTCantBuy) || get_member_game(m_bTCantBuy))
	{
		if(get_member_s(item, m_iId) == WEAPON_KNIFE)
			return

		SetHookChainReturn(ATYPE_INTEGER, 0)
	}

	if(g_eBooleans[bIsWarm])
	{
		if(get_member_s(item, m_iId) == WEAPON_C4)
			SetHookChainReturn(ATYPE_INTEGER, 0)
	}
}

public RG_ChooseTeam_Pre(id, MenuChooseTeam:slot)
{
	if(g_eBooleans[bIsMixOn])
	{
		new iCT = get_playersnum_ex(GetPlayers_MatchTeam, "CT")
		new iTero = get_playersnum_ex(GetPlayers_MatchTeam, "TERRORIST")

		if(slot == MenuChoose_T && iTero == 5)
		{
			SetHookChainReturn(ATYPE_INTEGER, 0)
			return HC_SUPERCEDE
		}
		else if(slot == MenuChoose_CT && iCT == 5)
		{
			SetHookChainReturn(ATYPE_INTEGER, 0)
			return HC_SUPERCEDE
		}
		else if(slot == MenuChoose_AutoSelect)
		{
			SetHookChainReturn(ATYPE_INTEGER, 0)
			return HC_SUPERCEDE
		}
	}
	return HC_CONTINUE
}

public RG_ChooseTeam_Post(id, MenuChooseTeam:slot)
{
	if(g_eBooleans[bIsWarm])
	{
		set_task(1.0, "task_revive", id + TASK_REVIVE)
	}

	if(g_eBooleans[bIsMixOn])
	{
		new iData[Pdata]
		new pID = ArrayFindString(g_aPlayerData, g_szAuthID[id])

		if(pID != -1)
		{
			ArrayGetArray(g_aPlayerData, pID, iData)
			set_user_frags(id, iData[KILLS])
			cs_set_user_deaths(id, iData[DEATHS], true)
			set_member_s(id, m_iAccount, iData[MONEY])

			ArrayDeleteItem(g_aPlayerData, pID)
		}
	}
}

public clcmd_fullupdate(id)
{
	return 2
}

public StartCount()
{
	g_iDuration += 1
}

public ev_DeathMsg()
{
	new killer = read_data(1)
	if(!is_user_connected(killer))
	{
		return 1
	}
	read_data(4, g_szWeapon[killer], (sizeof(g_szWeapon[])-1))

	return 1
}

public RG_PlayerTakeDamage_Pre(iVictim, pevInflictor, iAttacker, Float:flDamage, bitsDamageType)
{
	if(!g_eBooleans[bIsMixOn])
		return

	g_ePlayerStats[iAttacker][iVictim][PlayerHealth] = get_user_health(iVictim)
}

public RG_PlayerTakeDamage_Post(iVictim, pevInflictor, iAttacker, Float:flDamage, bitsDamageType)
{
	if(!g_eBooleans[bIsMixOn])
		return

	new iAfter = g_ePlayerStats[iAttacker][iVictim][PlayerHealth] - get_user_health( iVictim )

	new iCalculation = (iAfter) < 0 ? g_ePlayerStats[iAttacker][iVictim][PlayerHealth] : iAfter

	g_ePlayerStats[iAttacker][iVictim][DamageGiven] += iCalculation;
	g_ePlayerStats[iAttacker][iVictim][HitsGiven] += 1
}

public RG_Player_Killed_Post(iVictim, iKiller, iInflictor)
{
	if(((1 <= iVictim <= 32) && is_user_connected(iVictim)) && g_eBooleans[bIsWarm])
	{
		set_task(1.0, "task_revive", iVictim + TASK_REVIVE)
	}

	if(g_eBooleans[bIsMixOn] && !g_eBooleans[bIsWarm])
	{
		if(!((1 <= iKiller <= 32) && is_user_connected(iKiller)) || !((1 <= iVictim <= 32) && is_user_connected(iVictim)))
		{
			return HC_CONTINUE
		}

		if(iKiller == iVictim)
		{
						goto _return
		}

		new bool:bHeadshot = get_member_s(iVictim, m_bHeadshotKilled)

				g_iPlayerKills[iKiller] += 1

		ExecuteForward(g_eForwards[Kill], g_iRet, iVictim, iKiller, bHeadshot ? 1 : 0, g_szName[iKiller], g_szAuthID[iKiller])
	}
	_return:
	return HC_CONTINUE
}

public task_revive(iPlayer)
{
	iPlayer -= TASK_REVIVE

	if(((1 <= iPlayer <= 32) && is_user_connected(iPlayer)))
	{
		new CsTeams:iTeam = cs_get_user_team(iPlayer)
		if(iTeam == CS_TEAM_SPECTATOR || iTeam == CS_TEAM_UNASSIGNED)
		{
			return HC_CONTINUE
		}

		set_entvar(iPlayer, var_health, 100)

		rg_round_respawn(iPlayer)
		rg_set_user_armor(iPlayer, 100, ARMOR_VESTHELM)

		switch(g_eWarmSettings[bWarmType])
		{
			case false:
			{
				set_task(1.0, "task_set_money", iPlayer + TASK_SET_MONEY)
			}
			case true:
			{
				set_task(1.0, "task_give_weapon", iPlayer + TASK_GIVE_WEAPON)
			}
		}
	}

	return 1
}



stock PrintCmdArray(id, Array:array, ML[])
{
	new iSize = ArraySize(array)
	if(iSize <= 0)
		return

	static szCmd[64]
	for(new i = 0; i < iSize; i++)
	{
		ArrayGetString(array, i, szCmd, (sizeof(szCmd)-1))
		console_print(id, "  [%L] %s", 0, ML, szCmd)
	}
}

public clcmd_showcmds(id)
{
	if(!(get_user_flags(id) & read_flags(g_ePluginSettings[szAdminAccess])))
	{
		client_print_color(id, id, "^4%s %L", g_ePluginSettings[szPrefix], 0, "YOU_DONT_HAVE_ACCESS")
		return 1
	}



	console_print(id, "=-=-==-=-=---=-=-==-=-=-=-=-=-=-=-=-=-=-=-=-=-=-=-=-=-=-=-=-=-=-=-=-=-")

	PrintCmdArray(id, g_aStartCmds,    "MIX_START_COMMANDS_ARE")
	PrintCmdArray(id, g_aStopCmds,     "MIX_STOP_COMMANDS_ARE")
	PrintCmdArray(id, g_aWarmCmds,     "MIX_WARM_COMMANDS_ARE")
	PrintCmdArray(id, g_aKnifeCmds,    "MIX_KNIFE_COMMANDS_ARE")
	PrintCmdArray(id, g_aChatOnCmds,   "MIX_CHAT_ON_COMMANDS_ARE")
	PrintCmdArray(id, g_aChatOffCmds,  "MIX_CHAT_OFF_COMMANDS_ARE")
	PrintCmdArray(id, g_aOvertimeCmds, "MIX_OVERTIME_COMMANDS_ARE")
	PrintCmdArray(id, g_aPassOnCmds,   "MIX_PASSON_COMMANDS_ARE")
	PrintCmdArray(id, g_aPassOffCmds,  "MIX_PASSOFF_COMMANDS_ARE")
	PrintCmdArray(id, g_aSpecAllCmds,  "MIX_SPEC_ALL_COMMANDS_ARE")
	PrintCmdArray(id, g_aCTCmds,       "MIX_CT_MOVE_COMMANDS_ARE")
	PrintCmdArray(id, g_aTCmds,        "MIX_T_MOVE_COMMANDS_ARE")
	PrintCmdArray(id, g_aSpecCmds,     "MIX_SPEC_MOVE_COMMANDS_ARE")
	PrintCmdArray(id, g_aStartDemoCmds,"MIX_START_DEMO_COMMANDS_ARE")
	PrintCmdArray(id, g_aStopDemoCmds, "MIX_STOP_DEMO_COMMANDS_ARE")

	console_print(id, "=-=-==-=-=---=-=-==-=-=-=-=-=-=-=-=-=-=-=-=-=-=-=-=-=-=-=-=-=-=-=-=-=-")

	client_print_color(id, id, "^4%s ^1%L", g_ePluginSettings[szPrefix], 0, "OPEN_CONSOLE_FOR_CMDS")
	client_cmd(id, "toggleconsole")

	return 1
}

stock GetArrayCmd(id, Array:array, item, ML[])
{
	static temp[32]
	static szTemp[64]
	temp[0] = 0
	szTemp[0] = 0

	ArrayGetString(array, item, temp, (sizeof(temp)-1))
	formatex(szTemp, (sizeof(szTemp)-1), "%L: %s", 0, ML, temp)
	console_print(id, szTemp)
}

stock HLTV_StartRecording(const szDemoPrefix[])
{
	new szMapName[32], iDate[3], iTime[3]
	enum { iYear = 0, iMonth, iDay }
	enum { iHour = 0, iMin, iSec }
	get_mapname(szMapName, (sizeof(szMapName)-1))
	date(iDate[iYear], iDate[iMonth], iDate[iDay])
	time(iTime[iHour], iTime[iMin], iTime[iSec])

	formatex(g_szHltvDemoName, (sizeof(g_szHltvDemoName)-1), "%s_%04d-%02d-%02d_%02d-%02d", szDemoPrefix, iDate[iYear], iDate[iMonth], iDate[iDay], iTime[iHour], iTime[iMin])

	new fp = fopen("hltv_cmd.txt", "wt")
	if(fp)
	{
		fprintf(fp, "record %s^n", g_szHltvDemoName)
		fclose(fp)
	}

	new fp_rec = fopen("hltv_recording.txt", "wt")
	if(fp_rec)
	{
		fprintf(fp_rec, "%s^n", g_szHltvDemoName)
		fclose(fp_rec)
	}

	client_print_color(0, print_team_default, "^4[GAMELAND HLTV] ^1Demo recording ^3STARTED^1: ^4%s", g_szHltvDemoName)
	server_print("[GAMELAND HLTV] Demo recording STARTED: %s", g_szHltvDemoName)
}

stock HLTV_StopRecording()
{
	new fp = fopen("hltv_cmd.txt", "wt")
	if(fp)
	{
		fprintf(fp, "stoprecording^n")
		fclose(fp)
	}

	if(file_exists("hltv_recording.txt"))
	{
		delete_file("hltv_recording.txt")
	}

	new fp_q = fopen("ready_to_compress.txt", "at")
	if(fp_q)
	{
		if(g_szHltvDemoName[0])
		{
			fprintf(fp_q, "%s^n", g_szHltvDemoName)
		}
		else
		{
			fprintf(fp_q, "ALL^n")
		}
		fclose(fp_q)
	}

	if(g_szHltvDemoName[0])
	{
		client_print_color(0, print_team_default, "^4[GAMELAND HLTV] ^1Demo recording ^3STOPPED^1: ^4%s ^1-> Queued for Web Panel!", g_szHltvDemoName)
		server_print("[GAMELAND HLTV] Demo recording STOPPED: %s -> Queued for Web Panel!", g_szHltvDemoName)
		g_szHltvDemoName[0] = 0
	}
	else
	{
		client_print_color(0, print_team_default, "^4[GAMELAND HLTV] ^1Demo recording ^3STOPPED^1 -> Queued for Web Panel!")
		server_print("[GAMELAND HLTV] Demo recording STOPPED -> Queued for Web Panel!")
	}
}

stock gregorian_to_jalali(g_y, g_m, g_d, &j_y, &j_m, &j_d)
{
	new g_days_in_month[] = {31, 28, 31, 30, 31, 30, 31, 31, 30, 31, 30, 31}
	new j_days_in_month[] = {31, 31, 31, 31, 31, 31, 30, 30, 30, 30, 30, 29}

	new gy = g_y - 1600
	new gm = g_m - 1
	new gd = g_d - 1

	new g_day_no = 365*gy + floatround(float((gy+3)/4)) - floatround(float((gy+99)/100)) + floatround(float((gy+399)/400))

	for(new i=0; i<gm; ++i)
		g_day_no += g_days_in_month[i]

	if (gm > 1 && ((gy%4==0 && gy%100!=0) || (gy%400==0)))
		g_day_no++

	g_day_no += gd
	new j_day_no = g_day_no - 79

	new j_np = j_day_no / 12053
	j_day_no = j_day_no % 12053

	j_y = 979 + 33*j_np + 4 * (j_day_no/1461)
	j_day_no %= 1461

	if (j_day_no >= 366) {
		j_y += (j_day_no-1)/365
		j_day_no = (j_day_no-1)%365
	}

	for (new i = 0; i < 11 && j_day_no >= j_days_in_month[i]; ++i) {
		j_day_no -= j_days_in_month[i]
		j_m = i + 1
	}
	j_m++
	j_d = j_day_no + 1
}

stock Client_StartRecordingAll(const szDemoPrefix[])
{
	new szMapName[32], szDate[12], szTime[12]
	get_mapname(szMapName, (sizeof(szMapName)-1))

	get_time("%Y", szDate, (sizeof(szDate)-1))
	new iYear = str_to_num(szDate)
	get_time("%m", szDate, (sizeof(szDate)-1))
	new iMonth = str_to_num(szDate)
	get_time("%d", szDate, (sizeof(szDate)-1))
	new iDay = str_to_num(szDate)

	get_time("%H-%M-%S", szTime, (sizeof(szTime)-1))

	new jy, jm, jd
	gregorian_to_jalali(iYear, iMonth, iDay, jy, jm, jd)

	static iPlayer, iPlayers[32], iNum
	get_players(iPlayers, iNum, "ch") 

	new szPlayerName[32], szSafeName[32], szDemoName[128]
	for(new i = 0; i < iNum; i++)
	{
		iPlayer = iPlayers[i]
		get_user_name(iPlayer, szPlayerName, (sizeof(szPlayerName)-1))

		copy(szSafeName, (sizeof(szSafeName)-1), szPlayerName)
		replace_all(szSafeName, (sizeof(szSafeName)-1), " ", "_")
		replace_all(szSafeName, (sizeof(szSafeName)-1), "^"", "_")
		replace_all(szSafeName, (sizeof(szSafeName)-1), "\", "_")
		replace_all(szSafeName, (sizeof(szSafeName)-1), "/", "_")
		replace_all(szSafeName, (sizeof(szSafeName)-1), ":", "_")
		replace_all(szSafeName, (sizeof(szSafeName)-1), "*", "_")
		replace_all(szSafeName, (sizeof(szSafeName)-1), "?", "_")
		replace_all(szSafeName, (sizeof(szSafeName)-1), "<", "_")
		replace_all(szSafeName, (sizeof(szSafeName)-1), ">", "_")
		replace_all(szSafeName, (sizeof(szSafeName)-1), "|", "_")


		formatex(szDemoName, (sizeof(szDemoName)-1), "%s_%s_%s_%04d-%02d-%02d_%s", szDemoPrefix, szSafeName, szMapName, jy, jm, jd, szTime)

		client_cmd(iPlayer, "record ^"%s^"", szDemoName)
		client_print_color(iPlayer, iPlayer, "^4[GAMELAND] ^1Auto POV Demo recording ^3STARTED^1: ^4%s.dem", szDemoName)
	}
}

stock Client_StopRecordingAll()
{
	static iPlayer, iPlayers[32], iNum
	get_players(iPlayers, iNum, "ch")

	for(new i = 0; i < iNum; i++)
	{
		iPlayer = iPlayers[i]
		client_cmd(iPlayer, "stop")
		client_print_color(iPlayer, iPlayer, "^4[GAMELAND] ^1Auto POV Demo recording ^3STOPPED^1. File saved in your cstrike folder.")
	}
}


public clcmd_startmix(id, bool:bKnife)
{
	if(!(get_user_flags(id) & read_flags(g_ePluginSettings[szAdminAccess])))
	{
		client_print_color(id, id, "^4%s %L", g_ePluginSettings[szPrefix], 0, "YOU_DONT_HAVE_ACCESS")
		return 1
	}

	if(g_eBooleans[bIsMixOn] || g_eBooleans[bIsKnife])
	{
		client_print_color(id, id, "^4%s %L", g_ePluginSettings[szPrefix], 0, "MIX_ALREADY_STARTED")
		return 1
	}

	if(g_ePluginSettings[bRequireTen])
	{
		new iTemp[7]
		rg_initialize_player_counts(iTemp[0], iTemp[1], iTemp[2], iTemp[3])
		iTemp[4] = iTemp[0] + iTemp[2]
		iTemp[5] = iTemp[1] + iTemp[3]
		iTemp[6] = iTemp[5] + iTemp[4]

		if(iTemp[6] < 10)
		{
			client_print_color(id, id, "^4%s %L", g_ePluginSettings[szPrefix], 0, "MIX_NEEDS_TEN_PLAYERS")
			return 1
		}
	}

#line 1408
	if(g_eBooleans[bWasKnife])
#line 1410
	{
		ExecuteForward(g_eForwards[GameBeginPre], g_iRet)
	}

	new szMapName[32], iDate[3], iTime[3]
	enum { iYear = 0, iMonth, iDay }
	enum { iHour = 0, iMin, iSec }
	get_mapname(szMapName, (sizeof(szMapName)-1))
	date(iDate[iYear], iDate[iMonth], iDate[iDay])
	time(iTime[iHour], iTime[iMin], iTime[iSec])

	HLTV_StartRecording("GL_Mix")
	Client_StartRecordingAll("GL_Mix")

	static iPlayer, iPlayers[32], iNum
	get_players(iPlayers, iNum, "ch")

	g_eInformations[MIX_STARTER] = id

	new CsTeams:iTeam

	for(new i; i < iNum ; i++)
	{
		iPlayer = iPlayers[i]

		g_eBooleans[bCanChat][iPlayer] = true

#line 1438
		if(g_eBooleans[bWasKnife] && bKnife)
		{
#line 1441
			if(g_eInformations[MIX_STARTER] == iPlayer)
			{
				client_print_color(iPlayer, iPlayer, "^4%s %L", g_ePluginSettings[szPrefix], -1, "MIX_STARTED_BY_YOU")
			}
			else
			{
				client_print_color(iPlayer, iPlayer, "^4%s %L", g_ePluginSettings[szPrefix], 0, "MIX_STARTED_BY_X", g_szName[g_eInformations[MIX_STARTER]])
			}



			iTeam = cs_get_user_team(iPlayer)

			if(iTeam == CS_TEAM_CT || iTeam == CS_TEAM_T)
			{

							}
#line 1459
		}
#line 1461
	}

	g_eBooleans[bCanChat][id] = false

	g_iStart = 0

	ResetScore()

#line 1470
	if(!g_eBooleans[bWasKnife])
	{
		g_eBooleans[bWasKnife] = true
		clcmd_knife(id)
		return 1
	}

	if(!bKnife)
	{
		return 1
	}
#line 1482

	g_eBooleans[bIsMixOn] = true
	g_eBooleans[bOvertime] = false
	g_eBooleans[bIsStoppingMix] = false
	g_eInformations[ACE] = -1
	g_eInformations[SEMI_ACE] = -1
	g_eTeamPause[CT_PAUSE] = 0
	g_eTeamPause[TERO_PAUSE] = 0

	StartConfig()

	server_cmd("sv_restart 1")
	set_task(3.0, "task_mix_restart1")
	set_task(8.0, "task_mix_restart2")
	set_task(13.0, "task_mix_live")

	set_task(1.0, "StartCount", TASK_COUNT_DURATION, .flags = "b")

	return 0
}

public clcmd_stopmix(id)
{
	if(!(get_user_flags(id) & read_flags(g_ePluginSettings[szAdminAccess])))
	{
		client_print_color(id, id, "^4%s %L", g_ePluginSettings[szPrefix], 0, "YOU_DONT_HAVE_ACCESS")
		return 1
	}

#line 1514

	if(!g_eBooleans[bIsKnife] && !g_eBooleans[bIsMixOn])
	{
		client_print_color(id, id, "^4%s %L", g_ePluginSettings[szPrefix], 0, "MIX_NOT_STARTED_YET")
		return 1
	}

	g_eBooleans[bIsStoppingMix] = true

	static iPlayer, iPlayers[32], iNum
	get_players(iPlayers, iNum, "ch")

	new CsTeams:iTeam

	g_eInformations[MIX_STOPER] = id

	for(new i; i < iNum; i++)
	{
		iPlayer = iPlayers[i]

		if(g_eInformations[MIX_STOPER] == iPlayer)
		{
			client_print_color(iPlayer, iPlayer, "^4%s %L", g_ePluginSettings[szPrefix], -1, "MIX_STOPPED_BY_YOU")
		}
		else
		{
			client_print_color(iPlayer, iPlayer, "^4%s %L", g_ePluginSettings[szPrefix], 0, "MIX_STOPPED_BY_X", g_szName[g_eInformations[MIX_STOPER]])
		}

		iTeam = cs_get_user_team(iPlayer)

		if(iTeam == CS_TEAM_CT || iTeam == CS_TEAM_T)
		{
					}

			}

#line 1552
	g_eBooleans[bWasKnife] = false
#line 1554

	ResetScore()
	StopConfig()

	HLTV_StopRecording()

	server_cmd("sv_restart 1")

	return 0
}

public clcmd_warm(id)
{
	if(is_user_connected(id))
	{
		if(!(get_user_flags(id) & read_flags(g_ePluginSettings[szAdminAccess])))
		{
			client_print_color(id, id, "^4%s %L", g_ePluginSettings[szPrefix], 0, "YOU_DONT_HAVE_ACCESS")
			return 1
		}
	}

	if(g_eBooleans[bIsMixOn] || g_eBooleans[bIsKnife] || task_exists(TASK_CHECKVOTES))
	{
		clcmd_stopmix(id)
	}


	static iPlayer, iPlayers[32], iNum
	get_players(iPlayers, iNum, "ch")

	g_eInformations[WARM_CALLER] = id

	for(new i; i < iNum; i++)
	{
		iPlayer = iPlayers[i]

		if(g_eInformations[WARM_CALLER] == iPlayer)
		{
			client_print_color(iPlayer, iPlayer, "^4%s %L", g_ePluginSettings[szPrefix], -1, "WARM_STARTED_BY_YOU")
		}
		else
		{
			client_print_color(iPlayer, iPlayer, "^4%s %L", g_ePluginSettings[szPrefix], 0, "WARM_STARTED_BY_X", strlen(g_szName[g_eInformations[WARM_CALLER]]) ? 
			                   g_szName[g_eInformations[WARM_CALLER]] : "Server")
		}

		set_task(2.0, "Task_Warmup", iPlayer + TASK_WARM)
	}

	g_eBooleans[bIsWarm] = true
	g_eBooleans[bOvertime] = false
#line 1607
	g_eBooleans[bWasKnife] = false
#line 1609

	StopConfig()

	server_cmd("mp_freezetime 0")

	server_cmd("mp_buytime 99999")

	server_cmd("sv_restart 1")

	SetGameDesc(MATCHSTATE_WARM)

	return 0
}

public Task_Warmup(iPlayer)
{
	iPlayer -= TASK_WARM

	if(g_eBooleans[bIsWarm] && is_user_connected(iPlayer))
	{
		rg_set_user_armor(iPlayer, 100, ARMOR_VESTHELM)

		switch(g_eWarmSettings[bWarmType])
		{
			case false:
			{
				set_task(1.0, "task_set_money", iPlayer + TASK_SET_MONEY)
			}
			case true:
			{
				set_task(1.0, "task_give_weapon", iPlayer + TASK_GIVE_WEAPON)
			}
		}
	}
	return 0
}

public task_set_money(id)
{
	id -= TASK_SET_MONEY

	if(!((1 <= id <= 32) && is_user_connected(id)) || !g_eBooleans[bIsWarm])
	{
		return 1
	}

	rg_add_account(id, g_eWarmSettings[iWarmMoney], AS_ADD, true)

#line 1660

	return 0
}

public task_give_weapon(id)
{
	id -= TASK_GIVE_WEAPON

	if(!((1 <= id <= 32) && is_user_connected(id)) || !g_eBooleans[bIsWarm] || !is_user_connected(id))
	{
		return 1
	}

	new TeamName:iTeam = get_member_s(id, m_iTeam)
	new iWeaponID[3]

	iWeaponID[0] = rg_get_weapon_info(g_eWarmSettings[szWeaponT], WI_ID)
	iWeaponID[1] = rg_get_weapon_info(g_eWarmSettings[szWeaponCT], WI_ID)
	iWeaponID[2] = rg_get_weapon_info(g_eWarmSettings[szPistol], WI_ID)

	switch(iTeam)
	{
		case TEAM_TERRORIST:
		{
			rg_give_item(id, g_eWarmSettings[szWeaponT], GT_REPLACE)
			rg_give_item(id, g_eWarmSettings[szPistol], GT_REPLACE)
			rg_set_user_bpammo(id, WeaponIdType:iWeaponID[0], g_eWarmSettings[iBpAmmo])
			rg_set_user_bpammo(id, WeaponIdType:iWeaponID[2], g_eWarmSettings[iBpAmmo])
		}
		case TEAM_CT:
		{
			rg_give_item(id, g_eWarmSettings[szWeaponCT], GT_REPLACE)
			rg_give_item(id, g_eWarmSettings[szPistol], GT_REPLACE)
			rg_set_user_bpammo(id, WeaponIdType:iWeaponID[1], g_eWarmSettings[iBpAmmo])
			rg_set_user_bpammo(id, WeaponIdType:iWeaponID[2], g_eWarmSettings[iBpAmmo])
		}
	}

#line 1701

	return 1
}

public clcmd_knife(id)
{
	if(!(get_user_flags(id) & read_flags(g_ePluginSettings[szAdminAccess])))
	{
		client_print_color(id, id, "^4%s %L", g_ePluginSettings[szPrefix], 0, "YOU_DONT_HAVE_ACCESS")
		return 1
	}

	if(g_eBooleans[bIsMixOn])
	{
		client_print_color(id, id, "^4%s %L", g_ePluginSettings[szPrefix], 0, "MIX_NEED_STOPPED")
		return 1
	}

	static iPlayer, iPlayers[32], iNum
	get_players(iPlayers, iNum, "ch")

	g_eInformations[KNIFE_STRATER] = id

	for(new i; i < iNum; i++)
	{
		iPlayer = iPlayers[i]

#line 1738
		client_print_color(iPlayer, iPlayer, "^4%s %L", g_ePluginSettings[szPrefix], 0, "KNIFE_STARTED")
#line 1740
	}

	g_iKnifes = 0

	ResetScore()

	g_eBooleans[bIsKnife] = true

	g_iKnifes += 1

	StopConfig()

	server_cmd("mp_freezetime 3")
	server_cmd("mp_startmoney 800")

	server_cmd("sv_restart 1")

	SetGameDesc(MATCHSTATE_KNIFE_ROUND)

	return 0
}

public RG_EndRound(WinStatus:status, ScenarioEventEndRound:event, Float:tmDelay)
{
	if(get_playersnum() < 1)
	{
		return
	}

	if(event == ROUND_GAME_RESTART || event == ROUND_GAME_COMMENCE)
	{
		if(g_eBooleans[bIsWarm])
		{
			set_task(0.5, "task_reapply_warm")
		}
		return
	}

	set_task(1.0, "task_end_round", any:status)
}

public task_end_round(index)
{
	new WinStatus:status = WinStatus:index

	new szTeamWon[12]
#line 1787
	new TeamName:iWTeam
#line 1789

	switch(status)
	{
		case WINSTATUS_CTS:
		{
			formatex(szTeamWon, (sizeof(szTeamWon)-1), "%L", 0, "CT_TEAM")
#line 1796
			iWTeam = TEAM_CT
#line 1798

			if(g_eBooleans[bIsMixOn])
			{
				if(!g_eBooleans[bOvertime])
				{
					g_iScore[CT_SCORE] += 1
					g_iRoundNum += 1
				}
				else
				{
					g_iOvertimeScore[CT_OVER_SCORE] += 1
				}
			}
		}
		case WINSTATUS_TERRORISTS:
		{
			formatex(szTeamWon, (sizeof(szTeamWon)-1), "%L", 0, "TERO_TEAM")
#line 1816
			iWTeam = TEAM_TERRORIST
#line 1818

			if(g_eBooleans[bIsMixOn])
			{
				if(!g_eBooleans[bOvertime])
				{
					g_iScore[TERO_SCORE] += 1
					g_iRoundNum += 1
				}
				else
				{
					g_iOvertimeScore[TERO_OVER_SCORE] += 1
				}
			}
		}
	}

	if(g_eBooleans[bIsMixOn])
		SetGameDesc(g_eBooleans[bOvertime] ? MATCHSTATE_OVERTIME : MATCHSTATE_IN_MATCH)
	else if(g_ePluginSettings[bForceWarmup] && !g_eBooleans[bIsWarm] && !g_eBooleans[bIsKnife])
	{
		clcmd_warm(0)
	}

	if(g_iKnifes >= 1 && (status == WINSTATUS_CTS || status == WINSTATUS_TERRORISTS))
	{
		if(g_eBooleans[bIsKnife] && !g_eBooleans[bIsStoppingMix])
		{
			set_pcvar_num(g_cFreezeTime, g_ePluginSettings[iKnifeStartDelay])
			static iPlayer, iPlayers[32], iNum
			get_players(iPlayers, iNum, "ch")

			for(new i; i < iNum; i++)
			{
				iPlayer = iPlayers[i]

				client_print_color(iPlayer, iPlayer, "^4%s %L", g_ePluginSettings[szPrefix], 0, "KNIFE_ROUND_WON_BY_X_TEAM", szTeamWon)
				client_print_color(iPlayer, iPlayer, "^4%s %L", g_ePluginSettings[szPrefix], 0, "KNIFE_ROUND_MATCH_START_IN", g_ePluginSettings[iKnifeStartDelay])

#line 1857
				if(get_member_s(iPlayer, m_iTeam) == iWTeam)
				{
					g_iPlayers += 1
					set_task(0.2, "task_ask_player", iPlayer + TASK_ASK)
				}
#line 1863
			}

#line 1866
			if(!task_exists(TASK_CHECKVOTES))
			{
				set_task(float(g_ePluginSettings[iKnifeStartDelay]), "task_do_change", TASK_CHECKVOTES)
			}
#line 1871
			g_eBooleans[bIsKnife] = false
			g_iKnifes = 3

			ResetScore()
		}
	}

	if(CanOvertime() && g_ePluginSettings[iAutoOvertime] && !g_eBooleans[bOvertime])
	{
		g_eBooleans[bOvertime] = true
		g_eOvertime[FirstOvertime] = true

		new iPlayer, iPlayers[32], iNum
		get_players(iPlayers, iNum, "ch")

		for(new i; i < iNum; i++)
		{
			iPlayer = iPlayers[i]

			if(!((1 <= iPlayer <= 32) && is_user_connected(iPlayer)))
			{
				continue
			}

#line 1898
			client_print_color(iPlayer, iPlayer, "^4%s %L", g_ePluginSettings[szPrefix], 0, "OVERTIME_AUTOMATIC_WILL_START")
#line 1900
		}

		g_eBooleans[bTeamSwap] = false

		OvertimeConfig()

		set_pcvar_num(g_cFreezeTime, 15)
		set_task(0.2, "task_delayed_swap")
		set_task(2.5, "task_show_overtime_start")
		set_task(12.0, "task_halftime_restart1")
		set_task(17.0, "task_halftime_restart2")
		set_task(22.0, "task_overtime_live")
	}

	if(g_eBooleans[bOvertime])
	{
		CheckOvertimePhase()
	}

 	if(g_eBooleans[bIsKnife])
 	{
		g_iKnifes += 1
 	}

 	if(g_eBooleans[bIsMixOn])
 	{
 		g_bPaused = false
 		g_iTimer = g_ePluginSettings[iPauseTime] - 1

	 	static iPlayer, iPlayers[32], iNum
		get_players(iPlayers, iNum, "ch")

		new iDamageGiven, iDamageTaken, iHitsGiven, iHitsTaken, iVictim, CsTeams:iTeam

		for(new i; i < iNum; i++)
		{
			iPlayer = iPlayers[i]

			if(false                                                  )
			{
				for(new j; j < iNum; j++)
				{
					iVictim = iPlayers[j]

					iTeam = cs_get_user_team(iVictim)

					if(iTeam == CS_TEAM_CT || iTeam == CS_TEAM_T)
					{
						iDamageGiven = g_ePlayerStats[iPlayer][iVictim][DamageGiven]
						iDamageTaken = g_ePlayerStats[iVictim][iPlayer][DamageGiven]

						if(iDamageGiven > 100)
						{
							iDamageGiven = 100
						}

						if(iDamageTaken > 100)
						{
							iDamageTaken = 100
						}

						if(i != j && iTeam != cs_get_user_team(iPlayer))
						{
							if(!(iDamageGiven || iDamageTaken))
								continue

							iHitsGiven = g_ePlayerStats[iPlayer][iVictim][HitsGiven]
							iHitsTaken = g_ePlayerStats[iVictim][iPlayer][HitsGiven]

							client_print_color(iPlayer, iPlayer, "^4%s ^1%s (^4%d ^1%L^4 %d^1) %L, (^4%d^1 %L^4 %d^1) %L.", 
							                   g_ePluginSettings[szPrefix], g_szName[iVictim], iDamageGiven, -1, "IN",
							                    iHitsGiven, -1, "DAMAGE", iDamageTaken, -1, "IN", iHitsTaken, -1, "RECEIVED")
						}
					}
				}
			}

			if(g_iPlayerKills[iPlayer] == 5)
			{
				g_eInformations[ACE] = iPlayer
			}

			if(g_iPlayerKills[iPlayer] == 4)
			{
				g_eInformations[SEMI_ACE] = iPlayer
			}
		}

		for(new i; i < iNum; i++)
		{
			iPlayer = iPlayers[i]

			if(g_eInformations[ACE] != -1)
			{
				if(g_eInformations[ACE] == iPlayer)
				{
									}
				else
				{
					client_print_color(iPlayer, iPlayer, "^4%s %L", g_ePluginSettings[szPrefix], 0, "X_SCORED_ACE", g_szName[g_eInformations[ACE]])
				}
			}

			if(g_eInformations[SEMI_ACE] != -1)
			{
				if(g_eInformations[SEMI_ACE] == iPlayer)
				{
									}
				else
				{
					client_print_color(iPlayer, iPlayer, "^4%s %L", g_ePluginSettings[szPrefix], 0, "X_SCORED_SEMIACE", g_szName[g_eInformations[SEMI_ACE]])
				}
			}

					}

		for(new i = 1; i <= 32; i++)
		{
			for(new j = 1; j <= 32; j++)
			{
				g_ePlayerStats[i][j][DamageGiven] = 0
				g_ePlayerStats[i][j][HitsGiven] = 0
				g_ePlayerStats[i][j][PlayerHealth] = 0
			}
		}

		if(g_eTeamPause[TERO_PAUSE] == 1)
		{
			set_pcvar_num(g_cFreezeTime, g_ePluginSettings[iPauseTime])
			server_cmd("mp_buytime 0.80")
			g_eTeamPause[TERO_PAUSE] += 1
			g_bPaused = true
		}
		else if(g_eTeamPause[CT_PAUSE] == 1)
		{
			set_pcvar_num(g_cFreezeTime, g_ePluginSettings[iPauseTime])
			server_cmd("mp_buytime 0.80")
			g_eTeamPause[CT_PAUSE] += 1
			g_bPaused = true
		}

		if(!g_bPaused && !task_exists(TASK_CHECKVOTES))
		{
			set_pcvar_num(g_cFreezeTime, g_iFreezeTime)
		}

		if(IsHalf() && !g_eBooleans[bOvertime] && !g_eBooleans[bTeamSwap])
		{
			set_pcvar_num(g_cFreezeTime, g_ePluginSettings[iFreezetimeSwap])
			set_task(0.1, "task_swap_score")
			set_task(0.2, "task_delayed_swap")
			set_task(2.5, "task_show_halftime")
			set_task(12.0, "task_halftime_restart1")
			set_task(17.0, "task_halftime_restart2")
			set_task(22.0, "task_halftime_live")
		}
	}

	return HC_CONTINUE
}

#line 2062
public task_ask_player(id)
{
	id -= TASK_ASK

	new szTemp[64]

	formatex(szTemp, (sizeof(szTemp)-1), "\r%s \w%L", g_ePluginSettings[szPrefix], 0, "MENU_ASK_PLAYER")
	new menu = menu_create(szTemp, "handle_ask_menu")

	formatex(szTemp, (sizeof(szTemp)-1), "\y%L", 0, "ASK_MENU_SWITCH")
	menu_additem(menu, szTemp)

	formatex(szTemp, (sizeof(szTemp)-1), "\y%L", 0, "ASK_MENU_STAY")
	menu_additem(menu, szTemp)

	_MenuDisplay(id, menu)
}

public handle_ask_menu(id, menu, item)
{
	if(item == -3 || !((1 <= id <= 32) && is_user_connected(id)) || g_bVoted || g_eBooleans[bIsMixOn])
	{
		return _MenuExit(menu)
	}

	switch(item)
	{
		case 0:
		{
			g_iAnswer[SWITCH] += 1
		}
		case 1:
		{
			g_iAnswer[STAY] += 1
		}
	}

	CheckVotes(g_iAnswer)

	return _MenuExit(menu)
}

public CheckVotes(any:iAnswer[])
{
	if(iAnswer[SWITCH] > iAnswer[STAY])
	{
		g_iVote = 1
	}
	else if(iAnswer[SWITCH] < iAnswer[STAY])
	{
		g_iVote = 0
	}
	else if(iAnswer[SWITCH] == iAnswer[STAY])
	{
		g_iVote = 0
	}
	else 
	{
		g_iVote = 0
	}
}

public task_do_change(iTaskID)
{
	g_bVoted = true

	new szTemp[128]

	switch(g_iVote)
	{
		case 0:
		{
			formatex(szTemp, (sizeof(szTemp)-1), "%L", 0, "STAY")
		}
		case 1:
		{
			formatex(szTemp, (sizeof(szTemp)-1), "%L", 0, "SWITCH")
		}
	}

	client_print_color(0, 0, "^4%s %L %s", g_ePluginSettings[szPrefix], 0, "TEAM_VOTED", szTemp)

	if(g_iVote) 
	{
		rg_swap_all_players()
	}

	g_eBooleans[bCanShowStats] = false

	clcmd_startmix(g_eInformations[MIX_STARTER], true)

	return 1
}
#line 2156

public ev_NewRound()
{
#line 2160
	if(g_eBooleans[bIsMixOn] && g_iKnifes == 3)
#line 2164
	{
		set_task(1.0, "task_show_score")

		g_eBooleans[bCanShowStats] = true

		if(g_bPaused)
		{
			set_task(0.01, "task_show_dhud")
		}
	}
}

public ev_GameRestart()
{
	set_task(1.0, "task_change_bool", TASK_CHANGE_BOOL)
}

public task_change_bool(taskid)
{
	g_eBooleans[bIsStoppingMix] = false

	remove_task(TASK_CHANGE_BOOL)
}

public CS_OnBuyAttempt(id, item)
{
	if(g_eBooleans[bIsWarm] && g_eWarmSettings[bWarmType])
	{
		return 1
	}

	if(g_eBooleans[bIsKnife])
	{
		if(item != 31 && item != 32)
		{
			return 1
		}
	}

	if(item == 99 || item == 34 || item == 13 || item == 24 || item == 35)
	{
		return 1
	}

	return 0
}

public clcmd_chat_on(id)
{
	if(!(get_user_flags(id) & read_flags(g_ePluginSettings[szAdminAccess])))
	{
		client_print_color(id, id, "^4%s %L", g_ePluginSettings[szPrefix], 0, "YOU_DONT_HAVE_ACCESS")
		return 1
	}

#line 2222

	if(!g_eBooleans[bIsMixOn])
	{
		client_print_color(id, id, "^4%s %L", g_ePluginSettings[szPrefix], 0, "MIX_NOT_STARTED_YET")
		return 1
	}

	static iPlayer, iPlayers[32], iNum
	get_players(iPlayers, iNum, "ch")

	g_eInformations[CHAT] = id

	for(new i; i < iNum; i++)
	{
		iPlayer = iPlayers[i]

		if(g_eInformations[CHAT] == iPlayer)
		{
			client_print_color(iPlayer, iPlayer, "^4%s %L", g_ePluginSettings[szPrefix], 0, "CHAT_OPENED_BY_YOU")
		}
		else
		{
			client_print_color(iPlayer, iPlayer, "^4%s %L", g_ePluginSettings[szPrefix], 0, "CHAT_OPENED_BY_X", g_szName[g_eInformations[CHAT]])
		}

		g_eBooleans[bCanChat][iPlayer] = true
	}

	return 1
}

public clcmd_chat_off(id)
{
	if(!(get_user_flags(id) & read_flags(g_ePluginSettings[szAdminAccess])))
	{
		client_print_color(id, id, "^4%s %L", g_ePluginSettings[szPrefix], 0, "YOU_DONT_HAVE_ACCESS")
		return 1
	}

#line 2264

	if(!g_eBooleans[bIsMixOn])
	{
		client_print_color(id, id, "^4%s %L", g_ePluginSettings[szPrefix], 0, "MIX_NOT_STARTED_YET")
		return 1
	}

	static iPlayer, iPlayers[32], iNum
	get_players(iPlayers, iNum, "ch")

	g_eInformations[CHAT] = id

	for(new i; i < iNum; i++)
	{
		iPlayer = iPlayers[i]

		if(g_eInformations[CHAT] == iPlayer)
		{
			client_print_color(iPlayer, iPlayer, "^4%s %L", g_ePluginSettings[szPrefix], 0, "CHAT_CLOSED_BY_YOU")
		}
		else
		{
			client_print_color(iPlayer, iPlayer, "^4%s %L", g_ePluginSettings[szPrefix], 0, "CHAT_CLOSED_BY_X", g_szName[g_eInformations[CHAT]])
		}

		if(!(get_user_flags(iPlayer) & read_flags(g_ePluginSettings[szAdminFlags])))
		{
			g_eBooleans[bCanChat][iPlayer] = false
		}
	}

	return 1
}

public plugin_cfg()
{
	set_task(3.0, "task_start_warm")
}

public hook_say(id)
{
	if(!is_user_connected(id))
		return 0

	if(!g_eBooleans[bCanChat][id] && g_eBooleans[bIsMixOn])
	{
		if(!(get_user_flags(id) & read_flags(g_ePluginSettings[szAdminFlags])))
		{
			return 1
		}
		else if(get_user_flags(id) & read_flags(g_ePluginSettings[szAdminFlags]))
		{
			return 0
		}
	}

	new sArg[32], szMessage[180]
	read_argv(1, sArg, (sizeof(sArg)-1))
	read_args(szMessage, (sizeof(szMessage)-1))
	remove_quotes(szMessage)

	if(equal(szMessage, "hs1") || equal(szMessage, "/hs1") || equal(szMessage, ".hs1"))
	{
		clcmd_hs1(id)
		return 1
	}
	if(equal(szMessage, "hs0") || equal(szMessage, "/hs0") || equal(szMessage, ".hs0"))
	{
		clcmd_hs0(id)
		return 1
	}

	if(strlen(szMessage) != 0)
	{
		if(szMessage[0] == '/')
		{
			switch(szMessage[1])
			{
				case 's':
				{
					if(szMessage[2] == 'p' && szMessage[5] != 'a')
					{
						clcmd_move_spec(id, szMessage, (sizeof(szMessage)-1), 1)
						return 1
					}
				}
				case 't':
				{
					if(szMessage[2] == ' ')
					{
						clcmd_move_t(id, szMessage, (sizeof(szMessage)-1), 1)
						return 1
					}
				}
				case 'c':
				{
					if(szMessage[2] == 't')
					{
						clcmd_move_ct(id, szMessage, (sizeof(szMessage)-1), 1)
						return 1
					}
				}
				case 'p':
				{
					if(szMessage[2] == 'a' && szMessage[5] == ' ')
					{
						clcmd_passon(id, szMessage, 1)
						return 1
					}
				}
			}
		}

		new iPlayer, iPlayers[32], iNum
		get_players(iPlayers, iNum, "c")

		if(is_user_alive(id))
		{
			format(szMessage, (sizeof(szMessage)-1), "^3%n^1: %s", id, szMessage)
		}
		else
		{
			format(szMessage, (sizeof(szMessage)-1), "^1*[DEAD] ^3%n^1: %s", id, szMessage)
		}

		for(new i; i < iNum; i++)
		{
			iPlayer = iPlayers[i]

			client_print_color(iPlayer, id, szMessage)
		}
	}

	return 0
}

public HookSay(iMsgID, Msg, iDest)
{
	new szBuffer[64]
	get_msg_arg_string(2, szBuffer, (sizeof(szBuffer)-1))

	if(g_eBooleans[bIsMixOn] || g_eBooleans[bIsStoppingMix])
	{
		if(equal(szBuffer, "#Cstrike_Name_Change"))
		{
	        return 1
		}
	}

	if(equal(szBuffer, "#Cstrike_Chat_CT") || equal(szBuffer, "#Cstrike_Chat_T") || equal(szBuffer, "#Cstrike_Chat_CT_Dead") || equal(szBuffer, "#Cstrike_Chat_T_Dead"))
	{
		return 0
	}

	return 1
}

public clcmd_overtime(id)
{
	if(!(get_user_flags(id) & read_flags(g_ePluginSettings[szAdminAccess])))
	{
		client_print_color(id, id, "^4%s %L", g_ePluginSettings[szPrefix], 0, "YOU_DONT_HAVE_ACCESS")
		return 1
	}

#line 2432

	if(!g_eBooleans[bIsMixOn])
	{
		client_print_color(id, id, "^4%s %L", g_ePluginSettings[szPrefix], 0, "MIX_NOT_STARTED_YET")
		return 1
	}

	if(!CanOvertime())
	{
		client_print_color(id, id, "^4%s ^1%L", g_ePluginSettings[szPrefix], 0, "CANT_START_OVERTIME_YET")
		return 1
	}

	if(g_eBooleans[bOvertime])
	{
		client_print_color(id, id, "^4%s ^1%L", g_ePluginSettings[szPrefix], 0, "OVERTIME_ALREADY_STARTED")
		return 1
	}

	static iPlayer, iPlayers[32], iNum
	get_players(iPlayers, iNum, "ch")

	g_eInformations[OVERTIME_STARTER] = id

	for(new i; i < iNum; i++)
	{
		iPlayer = iPlayers[i]

		if(g_eInformations[OVERTIME_STARTER] == iPlayer)
		{
			client_print_color(iPlayer, iPlayer, "^4%s %L", g_ePluginSettings[szPrefix], 0, "OVERTIME_STARTED_BY_YOU")
		}
		else
		{
			client_print_color(iPlayer, iPlayer, "^4%s %L", g_ePluginSettings[szPrefix], 0, "OVERTIME_STARTED_BY_X", g_szName[g_eInformations[OVERTIME_STARTER]])
		}
	}

	OvertimeConfig()

	set_pcvar_num(g_cFreezeTime, 15)
	set_task(0.2, "task_delayed_swap")
	set_task(2.5, "task_show_overtime_start")
	set_task(12.0, "task_halftime_restart1")
	set_task(17.0, "task_halftime_restart2")
	set_task(22.0, "task_overtime_live")

	g_eBooleans[bOvertime] = true

	g_eBooleans[bTeamSwap] = false

	g_eOvertime[FirstOvertime] = true

	return 1
}

public clcmd_passon(id, szMessage[180], IsSay)
{
	if(!(get_user_flags(id) & read_flags(g_ePluginSettings[szAdminAccess])))
	{
		client_print_color(id, id, "^4%s %L", g_ePluginSettings[szPrefix], 0, "YOU_DONT_HAVE_ACCESS")
		return 1
	}

#line 2499

	if(!g_eBooleans[bIsMixOn])
	{
		client_print_color(id, id, "^4%s %L", g_ePluginSettings[szPrefix], 0, "MIX_NOT_STARTED_YET")
		return 1
	}

	if(IsSay)
	{
		read_argv(1, szMessage, (sizeof(szMessage)-1))
		replace_all(szMessage, (sizeof(szMessage)-1), "/pass", "")
	}

	server_cmd("sv_password %s", szMessage)

	static iPlayer, iPlayers[32], iNum
	get_players(iPlayers, iNum, "ch")

	g_eInformations[PASSON_CALLER] = id

	for(new i; i < iNum; i++)
	{
		iPlayer = iPlayers[i]

		if(g_eInformations[PASSON_CALLER] == iPlayer)
		{
			client_print_color(iPlayer, iPlayer, "^4%s %L", g_ePluginSettings[szPrefix], 0, "PASSWORD_SETTED_BY_YOU", szMessage)
		}
		else if((get_user_flags(id) & read_flags(g_ePluginSettings[szAdminAccess])))
		{
			client_print_color(iPlayer, iPlayer, "^4%s %L", g_ePluginSettings[szPrefix], 0, "PASSWORD_SETTED_BY_X_ADMIN", g_szName[g_eInformations[PASSON_CALLER]], szMessage)
		}
		else
		{
			client_print_color(iPlayer, iPlayer, "^4%s %L", g_ePluginSettings[szPrefix], 0, "PASSWORD_SETTED_BY_X", g_szName[g_eInformations[PASSON_CALLER]])
		}
	}

	return 1
}

public clcmd_passoff(id)
{
	if(!(get_user_flags(id) & read_flags(g_ePluginSettings[szAdminAccess])))
	{
		client_print_color(id, id, "^4%s %L", g_ePluginSettings[szPrefix], 0, "YOU_DONT_HAVE_ACCESS")
		return 1
	}

#line 2551

	if(!g_eBooleans[bIsMixOn])
	{
		client_print_color(id, id, "^4%s %L", g_ePluginSettings[szPrefix], 0, "MIX_NOT_STARTED_YET")
		return 1
	}

	server_cmd("sv_password ^"^"")

	static iPlayer, iPlayers[32], iNum
	get_players(iPlayers, iNum, "ch")

	g_eInformations[PASSOFF_CALLER] = id

	for(new i; i < iNum; i++)
	{
		iPlayer = iPlayers[i]

		if(g_eInformations[PASSOFF_CALLER] == iPlayer)
		{
			client_print_color(iPlayer, iPlayer, "^4%s %L", g_ePluginSettings[szPrefix], 0, "PASSWORD_REMOVED_BY_YOU")
		}
		else
		{
			client_print_color(iPlayer, iPlayer, "^4%s %L", g_ePluginSettings[szPrefix], 0, "PASSWORD_REMOVED_BY_X", g_szName[g_eInformations[PASSOFF_CALLER]])
		}
	}

	return 1
}

public task_show_score()
{
	new iPlayer, iPlayers[32], iNum
	get_players(iPlayers, iNum, "ch")

	for(new i; i < iNum; i++)
	{
		iPlayer = iPlayers[i]

		if(!IsHalf() && !IsLastRound() && !g_eBooleans[bOvertime] && !IsPreLastRound())
		{
			if(!g_iStart)
			{
				client_print_color(iPlayer, iPlayer, "^4%s %L", g_ePluginSettings[szPrefix], 0, "MIX_SCORE_IS", 0, "CT_TEAM", g_iScore[CT_SCORE], 0, "TERO_TEAM", g_iScore[TERO_SCORE])
			}
			else
			{
				client_print_color(iPlayer, iPlayer, "^4%s %L", g_ePluginSettings[szPrefix], 0, "MIX_SCORE_IS_WITH_END", 0, "CT_TEAM", g_iScore[CT_SCORE], 0, "TERO_TEAM", g_iScore[TERO_SCORE])
			}
		}

		if(IsHalf() && !g_eBooleans[bOvertime] && !g_eBooleans[bTeamSwap])
		{
			set_pcvar_num(g_cFreezeTime, g_ePluginSettings[iFreezetimeSwap])
			if(!IsPreLastRound())
			{
				client_print_color(iPlayer, iPlayer, "^4%s %L", g_ePluginSettings[szPrefix], 0, "MIX_HALF_SCORE", 0, "CT_TEAM", g_iScore[CT_SCORE], 0, "TERO_TEAM", g_iScore[TERO_SCORE])
			}

#line 2614
		}

		if(IsPreLastRound() && !g_eBooleans[bOvertime])
		{
			new szTemp[16]
			LastRoundUntilWin(szTemp, (sizeof(szTemp)-1))

			client_print_color(iPlayer, iPlayer, "^4%s %L", g_ePluginSettings[szPrefix], 0, "MIX_LAST_ROUND_FOR_X_TEAM", szTemp)
			client_print_color(iPlayer, iPlayer, "^4%s %L", g_ePluginSettings[szPrefix], 0, "MIX_SCORE_IS_WITH_END", 0, "CT_TEAM", g_iScore[CT_SCORE], 0, "TERO_TEAM", g_iScore[TERO_SCORE])
		}

		if(IsLastRound())
		{
			new szTemp[16]
			WinnerTeam(szTemp, (sizeof(szTemp)-1))


			client_print_color(iPlayer, iPlayer, "^4%s %L", g_ePluginSettings[szPrefix], 0, "MIX_WON_BY_X_TEAM", szTemp)
			client_print_color(iPlayer, iPlayer, "^4%s %L", g_ePluginSettings[szPrefix], -1, "MIX_END_SCORE", 0, "CT_TEAM", g_iScore[CT_SCORE], 0, "TERO_TEAM", g_iScore[TERO_SCORE])


		}

		if(g_eOvertime[FirstOvertime] && !IsHalf() && !OvertimeFinished())
		{
#line 2640
			if(!g_eOvertime[SecondOvertime] && !g_eBooleans[bTeamSwap])
			{
				client_print_color(iPlayer, iPlayer, "^4%s %L", g_ePluginSettings[szPrefix], 0, "FIRST_OVERTIME_SCORE_IS", 0, "CT_TEAM", g_iOvertimeScore[CT_OVER_SCORE], 0, "TERO_TEAM", g_iOvertimeScore[TERO_OVER_SCORE])
			}

			if(g_eOvertime[SecondOvertime] && g_eBooleans[bTeamSwap])
			{
				client_print_color(iPlayer, iPlayer, "^4%s %L", g_ePluginSettings[szPrefix], 0, "SECOND_OVERTIME_SCORE_IS", 0, "CT_TEAM", g_iOvertimeScore[CT_OVER_SCORE], 0, "TERO_TEAM", g_iOvertimeScore[TERO_OVER_SCORE])
			}
#line 2655
		}

		if(OvertimeFinished())
		{
			new szTemp[16]
			WinnerTeam(szTemp, (sizeof(szTemp)-1))


			client_print_color(iPlayer, iPlayer, "^4%s %L", g_ePluginSettings[szPrefix], 0, "MIX_WON_BY_X_TEAM_IN_OVERTIME", szTemp)
			client_print_color(iPlayer, iPlayer, "^4%s %L", g_ePluginSettings[szPrefix], -1, "MIX_OVERTIME_END_SCORE", 0, "CT_TEAM", g_iOvertimeScore[CT_OVER_SCORE], 0, "TERO_TEAM", g_iOvertimeScore[TERO_OVER_SCORE])


		}

		g_iPlayerKills[iPlayer] = 0
	}

	ExecuteForward(g_eForwards[NewRound], g_iRet, g_iScore[CT_SCORE], g_iScore[TERO_SCORE], g_iDuration)

	if(IsLastRound() || OvertimeFinished())
	{
		set_task(5.0, "task_start_warm")

		HLTV_StopRecording()
	}

	g_eBooleans[bIsStoppingMix] = false
	g_eInformations[ACE] = -1
	g_eInformations[SEMI_ACE] = -1

	g_iStart = 1
}

public task_show_dhud()
{
	if(g_iTimer > 0)
	{
		static szMsg[64]
		formatex(szMsg, (sizeof(szMsg)-1), "%s %L [%d]", g_ePluginSettings[szPrefix], 0, "MIX_TIMEOUTED", g_iTimer)
		set_dhudmessage(255, 255, 255, -1.0, 0.2, 0, 0.0, 1.00)
		show_dhudmessage(0, szMsg)

		g_iTimer--

		if(g_bPaused)
		{
			set_task(1.0, "task_show_dhud")
		}
	}
}

public task_delayed_swap()
{
	new iPlayer, iPlayers[32], iNum
	get_players(iPlayers, iNum, "ch")

	for(new i; i < iNum; i++)
	{
		iPlayer = iPlayers[i]
		g_ePlayerScore[iPlayer][iKILLS] = get_user_frags(iPlayer)
		g_ePlayerScore[iPlayer][iDEATHS] = get_user_deaths(iPlayer)
	}

	rg_swap_all_players()

	for(new i; i < iNum; i++)
	{
		iPlayer = iPlayers[i]

		new TeamName:iTeam = get_member_s(iPlayer, m_iTeam)

		if(iTeam == TEAM_UNASSIGNED || iTeam == TEAM_SPECTATOR)
			continue 
		SetMembers()
		set_member_game(m_bCTCantBuy, true)
		set_member_game(m_bTCantBuy, true)
		rg_add_account(iPlayer, get_cvar_num("mp_startmoney"), AS_SET)
		rg_remove_all_items(iPlayer, true)

		set_task(1.4, "task_give_equipment", iPlayer + TASK_GIVE_EQUIPMENT)
	}

	rg_round_end(1.0, WINSTATUS_NONE, ROUND_GAME_OVER)

	set_task(1.2, "task_delayed_members")
}

public SetMembers()
{

	set_member_game(m_iAccountTerrorist, 0)
	set_member_game(m_iAccountCT, 0)
	set_member_game(m_iNumTerroristWins, 0)
	set_member_game(m_iNumCTWins, 0)
	set_member_game(m_iNumConsecutiveTerroristLoses, 0)
	set_member_game(m_iNumConsecutiveCTLoses, 0)
	set_member_game(m_iLoserBonus, rg_get_account_rules(RR_LOSER_BONUS_DEFAULT))
}

public task_delayed_members()
{
	set_member_game(m_bCTCantBuy, false)
	set_member_game(m_bTCantBuy, false)
	g_iGaveC4 = false

	new iCT, iT
	if(g_eBooleans[bOvertime])
	{
		iCT = g_iOvertimeScore[CT_OVER_SCORE]
		iT = g_iOvertimeScore[TERO_OVER_SCORE]
	}
	else
	{
		iCT = g_iScore[CT_SCORE]
		iT = g_iScore[TERO_SCORE]
	}


	set_member_game(m_iNumCTWins, iCT)
	set_member_game(m_iNumTerroristWins, iT)
	rg_update_teamscores(iCT, iT, false)

	new iPlayer, iPlayers[32], iNum
	get_players(iPlayers, iNum, "ch")

	for(new i; i < iNum; i++)
	{
		iPlayer = iPlayers[i]
		set_user_frags(iPlayer, g_ePlayerScore[iPlayer][iKILLS])
		cs_set_user_deaths(iPlayer, g_ePlayerScore[iPlayer][iDEATHS])

		message_begin(2, get_user_msgid("ScoreInfo"))
		write_byte(iPlayer)
		write_short(g_ePlayerScore[iPlayer][iKILLS])
		write_short(g_ePlayerScore[iPlayer][iDEATHS])
		write_short(0)
		write_short(get_member_s(iPlayer, m_iTeam))
		message_end()
	}
}

public task_halftime_restart1()
{
	server_cmd("sv_restart 1")
	set_task(1.5, "task_delayed_members")
	client_print_color(0, print_team_default, "^4%s ^1Restart ^4[1/3]", g_ePluginSettings[szPrefix])
}

public task_halftime_restart2()
{
	server_cmd("sv_restart 1")
	set_task(1.5, "task_delayed_members")
	client_print_color(0, print_team_default, "^4%s ^1Restart ^4[2/3]", g_ePluginSettings[szPrefix])
}

public task_halftime_live()
{
	server_cmd("sv_restart 1")
	set_task(1.5, "task_delayed_members")
	set_task(1.5, "task_show_live")
}

public task_mix_restart1()
{
	server_cmd("sv_restart 1")
	client_print_color(0, print_team_default, "^4%s ^1Restart ^4[1/3]", g_ePluginSettings[szPrefix])
}

public task_mix_restart2()
{
	server_cmd("sv_restart 1")
	client_print_color(0, print_team_default, "^4%s ^1Restart ^4[2/3]", g_ePluginSettings[szPrefix])
}

public task_mix_live()
{
	server_cmd("sv_restart 1")
	set_task(2.5, "task_show_live")
}

public task_give_equipment(iPlayer)
{
	iPlayer -= TASK_GIVE_EQUIPMENT

	if(!is_user_alive(iPlayer))
		return

	new szDefaultWeap[48]

	new TeamName:iTeam = get_member_s(iPlayer, m_iTeam)

	if(iTeam == TEAM_UNASSIGNED || iTeam == TEAM_SPECTATOR)
		return 

	rg_remove_all_items(iPlayer, false)
	rg_set_user_armor(iPlayer, 100, ARMOR_KEVLAR)
	rg_give_item(iPlayer, "weapon_knife")

	switch(iTeam)
	{
		case TEAM_TERRORIST:
		{
			get_cvar_string("mp_t_default_weapons_secondary", szDefaultWeap, (sizeof(szDefaultWeap)-1))

			if(get_member_game(m_bMapHasBombZone) && !g_iGaveC4)
			{
				rg_give_item(iPlayer, "weapon_c4", GT_REPLACE)
				g_iGaveC4 = true
			}
		}
		case TEAM_CT:
		{
			get_cvar_string("mp_ct_default_weapons_secondary", szDefaultWeap, (sizeof(szDefaultWeap)-1))
		}
	}

	format(szDefaultWeap, (sizeof(szDefaultWeap)-1), "weapon_%s", szDefaultWeap)
	rg_give_item(iPlayer, szDefaultWeap)
	new WeaponIdType:wid = rg_get_weapon_info(szDefaultWeap, WI_ID)

	if(!wid)
		return

	rg_set_user_bpammo(iPlayer, wid, rg_get_global_iteminfo(wid, ItemInfo_iMaxClip) * 2)
}

public task_swap_score()
{
	g_eBooleans[bTeamSwap] = true

#line 2888

	new temp[6]
	if(g_eBooleans[bOvertime])
	{
			temp[2] = g_iOvertimeScore[CT_OVER_SCORE]
			temp[3] = g_iOvertimeScore[TERO_OVER_SCORE]
			g_iOvertimeScore[TERO_OVER_SCORE] = temp[2]
			g_iOvertimeScore[CT_OVER_SCORE] = temp[3]

#line 2900
	}
	else
	{
		temp[0] = g_iScore[CT_SCORE]
		temp[1] = g_iScore[TERO_SCORE]
		g_iScore[TERO_SCORE] = temp[0]
		g_iScore[CT_SCORE] = temp[1]

#line 2913
	}

	temp[4] = g_eTeamPause[CT_PAUSE]
	temp[5] = g_eTeamPause[TERO_PAUSE]
	g_eTeamPause[TERO_PAUSE] = temp[4]
	g_eTeamPause[CT_PAUSE] = temp[5]

	set_pcvar_num(g_cFreezeTime, g_iFreezeTime)

	for(new i; i < ArraySize(g_aPlayerData); i++)
	{
		ArrayDeleteItem(g_aPlayerData, i)
	}
}

public clcmd_specall(id)
{
	if(!(get_user_flags(id) & read_flags(g_ePluginSettings[szAdminAccess])))
	{
		client_print_color(id, id, "^4%s %L", g_ePluginSettings[szPrefix], 0, "YOU_DONT_HAVE_ACCESS")
		return 1
	}

	if(g_eBooleans[bIsMixOn])
	{
		client_print_color(id, id, "^4%s %L", g_ePluginSettings[szPrefix], 0, "MIX_NEED_STOPPED")
		return 1
	}

	static iPlayer, iPlayers[32], iNum
	get_players(iPlayers, iNum, "ch")

	g_eInformations[SPECALL_CALLER] = id

	for(new i; i < iNum; i++)
	{
		iPlayer = iPlayers[i]

		if(g_eInformations[SPECALL_CALLER] == iPlayer)
		{
			client_print_color(iPlayer, iPlayer, "^4%s %L", g_ePluginSettings[szPrefix], 0, "PLAYERS_MOVED_SPEC_BY_YOU")
		}
		else
		{
			client_print_color(iPlayer, iPlayer, "^4%s %L", g_ePluginSettings[szPrefix], 0, "PLAYERS_MOVED_SPEC_BY_X", g_szName[g_eInformations[SPECALL_CALLER]])
		}

		rg_join_team(iPlayer, TEAM_SPECTATOR)
		rg_round_end(1.0, WINSTATUS_DRAW, ROUND_END_DRAW, "ROUND DRAW", "ROUND DRAW", true)
	}

	return 1
}

public task_specall(id)
{
	id -= TASK_SPECALL

	if(!is_user_connected(id))
	{
		return
	}

	rg_join_team(id, TEAM_SPECTATOR)
}

public clcmd_restart(id)
{
	if(!(get_user_flags(id) & read_flags(g_ePluginSettings[szAdminAccess])))
	{
		client_print_color(id, id, "^4%s %L", g_ePluginSettings[szPrefix], 0, "YOU_DONT_HAVE_ACCESS")
		return 1
	}

	if(g_eBooleans[bIsKnife])
	{
		g_iKnifes = 0

#line 2992
		g_bVoted = false
		remove_task(TASK_CHECKVOTES)
		arrayset(g_iAnswer, 0, sizeof(g_iAnswer))
#line 2996
	}

	new iPlayer, iPlayers[32], iNum
	get_players(iPlayers, iNum, "ch")
	for(new i; i < iNum; i++)
	{
		iPlayer = iPlayers[i]
		g_ePlayerScore[iPlayer][iKILLS] = get_user_frags(iPlayer)
		g_ePlayerScore[iPlayer][iDEATHS] = get_user_deaths(iPlayer)
	}

	server_cmd("sv_restart 1")
	set_task(1.5, "task_delayed_members")
	client_print_color(0, print_team_default, "^4%s %L", g_ePluginSettings[szPrefix], 0, "MIX_HAS_BEEN_RESTARTED")

	return 1
}

public task_set_score()
{
	rg_update_teamscores(g_iScore[CT_SCORE], g_iScore[TERO_SCORE], false)
}

public clcmd_score(id)
{
	if(!g_eBooleans[bIsMixOn])
	{
		client_print_color(id, id, "^4%s %L", g_ePluginSettings[szPrefix], 0, "MIX_NOT_STARTED_YET")
		return 1
	}

	if(!IsHalf() && !IsLastRound() && !g_eBooleans[bOvertime] && !IsPreLastRound())
	{
		if(!g_iStart)
		{
			client_print_color(id, id, "^4%s %L", g_ePluginSettings[szPrefix], 0, "MIX_SCORE_IS", 0, "CT_TEAM", g_iScore[CT_SCORE], 0, "TERO_TEAM", g_iScore[TERO_SCORE])
		}
		else
		{
			client_print_color(id, id, "^4%s %L", g_ePluginSettings[szPrefix], 0, "MIX_SCORE_IS_WITH_END", 0, "CT_TEAM", g_iScore[CT_SCORE], 0, "TERO_TEAM", g_iScore[TERO_SCORE])
		}
	}

	if(g_eOvertime[FirstOvertime] && !IsHalf() && !OvertimeFinished())
	{
		if(!g_eOvertime[SecondOvertime] && !g_eBooleans[bTeamSwap])
		{
			client_print_color(id, id, "^4%s %L", g_ePluginSettings[szPrefix], 0, "FIRST_OVERTIME_SCORE_IS", 0, "CT_TEAM", g_iOvertimeScore[CT_OVER_SCORE], 0, "TERO_TEAM", g_iOvertimeScore[TERO_OVER_SCORE])
		}
	}

	if(IsPreLastRound() && !g_eBooleans[bOvertime])
	{
		new szTemp[16]
		LastRoundUntilWin(szTemp, (sizeof(szTemp)-1))

		client_print_color(id, id, "^4%s %L", g_ePluginSettings[szPrefix], 0, "MIX_LAST_ROUND_FOR_X_TEAM", szTemp)
		client_print_color(id, id, "^4%s %L", g_ePluginSettings[szPrefix], 0, "MIX_SCORE_IS_WITH_END", 0, "CT_TEAM", g_iScore[CT_SCORE], 0, "TERO_TEAM", g_iScore[TERO_SCORE])
	}

	return 0
}

public clcmd_ct(id)
{
	new arg1[32]
	read_argv(1, arg1, (sizeof(arg1)-1))

	clcmd_move_ct(id, arg1, (sizeof(arg1)-1))

	return 1
}

stock clcmd_move_ct(id, szMessage[], iLen, IsSay = -1)
{
	if(!(get_user_flags(id) & read_flags(g_ePluginSettings[szAdminAccess])))
	{
		client_print_color(id, id, "^4%s %L", g_ePluginSettings[szPrefix], 0, "YOU_DONT_HAVE_ACCESS")
		return 1
	}

	new target

	if(IsSay)
	{
		replace_all(szMessage, iLen, "/ct ", "")
		replace_all(szMessage, iLen, "^"", "")
	}

	target = cmd_target(id, szMessage, (1<<1))

	if(!target)
	{
		client_print_color(id, id, "^4%s %L", g_ePluginSettings[szPrefix], 0, "PLAYER_NOT_FOUND")
		return 1
	}

	static iPlayer, iPlayers[32], iNum, szTeam[22]
	get_players(iPlayers, iNum, "ch")

	GetTeam(CT, szTeam, (sizeof(szTeam)-1))

	for(new i; i < iNum; i++)
	{
		iPlayer = iPlayers[i]

		if(id == iPlayer)
		{
			client_print_color(iPlayer, iPlayer, "^4%s %L", g_ePluginSettings[szPrefix], 0, "PLAYER_X_MOVED_X_BY_YOU", g_szName[target], szTeam)
		}
		else if(target == iPlayer)
		{
			client_print_color(iPlayer, iPlayer, "^4%s %L", g_ePluginSettings[szPrefix], 0, "YOU_WERE_MOVED_X_BY_X", szTeam, g_szName[id])
		}
		else
		{
			client_print_color(iPlayer, iPlayer, "^4%s %L", g_ePluginSettings[szPrefix], 0, "PLAYER_X_MOVED_X_BY_X", g_szName[target], szTeam, g_szName[id])
		}
	}

	rg_join_team(target, TEAM_CT)

	return 1
}

public clcmd_t(id)
{
	new arg1[32]
	read_argv(1, arg1, (sizeof(arg1)-1))

	clcmd_move_t(id, arg1, (sizeof(arg1)-1))

	return 1
}

stock clcmd_move_t(id, szMessage[], iLen, IsSay = -1)
{
	if(!(get_user_flags(id) & read_flags(g_ePluginSettings[szAdminAccess])))
	{
		client_print_color(id, id, "^4%s %L", g_ePluginSettings[szPrefix], 0, "YOU_DONT_HAVE_ACCESS")
		return 1
	}

	new target

	if(IsSay)
	{
		replace_all(szMessage, iLen, "/t ", "")
		replace_all(szMessage, iLen, "^"", "")
	}

	target = cmd_target(id, szMessage, (1<<1))

	if(!target)
	{
		client_print_color(id, id, "^4%s %L", g_ePluginSettings[szPrefix], 0, "PLAYER_NOT_FOUND")
		return 1
	}

	static iPlayer, iPlayers[32], iNum, szTeam[22]
	get_players(iPlayers, iNum, "ch")

	GetTeam(TERO, szTeam, (sizeof(szTeam)-1))

	for(new i; i < iNum; i++)
	{
		iPlayer = iPlayers[i]

		if(id == iPlayer)
		{
			client_print_color(iPlayer, iPlayer, "^4%s %L", g_ePluginSettings[szPrefix], 0, "PLAYER_X_MOVED_X_BY_YOU", g_szName[target], szTeam)
		}
		else if(target == iPlayer)
		{
			client_print_color(iPlayer, iPlayer, "^4%s %L", g_ePluginSettings[szPrefix], 0, "YOU_WERE_MOVED_X_BY_X", szTeam, g_szName[id])
		}
		else
		{
			client_print_color(iPlayer, iPlayer, "^4%s %L", g_ePluginSettings[szPrefix], 0, "PLAYER_X_MOVED_X_BY_X", g_szName[target], szTeam, g_szName[id])
		}
	}

	rg_join_team(target, TEAM_TERRORIST)

	return 1
}

public clcmd_spec(id)
{
	new arg1[32]
	read_argv(1, arg1, (sizeof(arg1)-1))

	clcmd_move_spec(id, arg1, (sizeof(arg1)-1))

	return 1
}

stock clcmd_move_spec(id, szMessage[], iLen, IsSay = -1)
{
	if(!(get_user_flags(id) & read_flags(g_ePluginSettings[szAdminAccess])))
	{
		client_print_color(id, id, "^4%s %L", g_ePluginSettings[szPrefix], 0, "YOU_DONT_HAVE_ACCESS")
		return 1
	}

	new target

	if(IsSay)
	{
		replace_all(szMessage, iLen, "/spec ", "")
		replace_all(szMessage, iLen, "^"", "")
	}

	target = cmd_target(id, szMessage, (1<<1))

	if(!target)
	{
		client_print_color(id, id, "^4%s %L", g_ePluginSettings[szPrefix], 0, "PLAYER_NOT_FOUND")
		return 1
	}

	static iPlayer, iPlayers[32], iNum, szTeam[22]
	get_players(iPlayers, iNum, "ch")

	GetTeam(SPEC, szTeam, (sizeof(szTeam)-1))

	for(new i; i < iNum; i++)
	{
		iPlayer = iPlayers[i]

		if(id == iPlayer)
		{
			client_print_color(iPlayer, iPlayer, "^4%s %L", g_ePluginSettings[szPrefix], 0, "PLAYER_X_MOVED_X_BY_YOU", g_szName[target], szTeam)
		}
		else if(target == iPlayer)
		{
			client_print_color(iPlayer, iPlayer, "^4%s %L", g_ePluginSettings[szPrefix], 0, "YOU_WERE_MOVED_X_BY_X", szTeam, g_szName[id])
		}
		else
		{
			client_print_color(iPlayer, iPlayer, "^4%s %L", g_ePluginSettings[szPrefix], 0, "PLAYER_X_MOVED_X_BY_X", g_szName[target], szTeam, g_szName[id])
		}
	}

	rg_join_team(target, TEAM_SPECTATOR)


	return 1
}

public clcmd_start_demo(id)
{
	if(!(get_user_flags(id) & read_flags(g_ePluginSettings[szAdminAccess])))
	{
		client_print_color(id, id, "^4%s %L", g_ePluginSettings[szPrefix], 0, "YOU_DONT_HAVE_ACCESS")
		return 1
	}

#line 3257

	if(!g_eBooleans[bIsMixOn])
	{
		client_print_color(id, id, "^4%s %L", g_ePluginSettings[szPrefix], 0, "MIX_NOT_STARTED_YET")
		return 1
	}

	new arg1[32], arg2[32], target
	read_argv(1, arg1, (sizeof(arg1)-1))

	if(g_eDemoSettings[iDemoType] == DEMO_CIN_NAME)
	{
		read_argv(2, arg2, (sizeof(arg2)-1))
	}

#line 3275
	target = cmd_target(id, arg1)
#line 3277

	if(!target)
	{
		client_print_color(id, id, "^4%s %L", g_ePluginSettings[szPrefix], 0, "PLAYER_NOT_FOUND")
		return 1
	}

	new len = strlen(arg2)
	if(g_eDemoSettings[iDemoType] == DEMO_CIN_NAME)
	{
		if(len < 2)
		{
			client_print_color(id, id, "^4%s %L", g_ePluginSettings[szPrefix], 0, "DEMO_NAME_REQUIRED")
			return 1
		}
	}

	static iPlayer, iPlayers[32], iNum
	get_players(iPlayers, iNum, "ch")

	for(new i; i < iNum; i++)
	{
		iPlayer = iPlayers[i]

		if(get_user_flags(iPlayer) & read_flags(g_ePluginSettings[szAdminFlags]))
		{
			if(iPlayer == id)
			{
				client_print_color(iPlayer, iPlayer, "^4%s %L", g_ePluginSettings[szPrefix], 0, "DEMO_STARTED_BY_YOU_FOR_X", g_szName[target])
			}
			else
			{
				client_print_color(iPlayer, iPlayer, "^4%s %L", g_ePluginSettings[szPrefix], 0, "DEMO_STARTED_BY_X_FOR_X", g_szName[id], g_szName[target])
			}
		}
	}

	switch(g_eDemoSettings[iDemoType])
	{
		case DEMO_MAPNAME:
		{
			new szMapName[32]
			get_mapname(szMapName, (sizeof(szMapName)-1))

			client_cmd(target, "record ^"%s^"", szMapName)
		}
		case DEMO_CUSTOM_NAME:
		{
			client_cmd(target, "record ^"%s^"", g_eDemoSettings[szDemoName])
		}
		case DEMO_CIN_NAME:
		{
			client_cmd(target, "record ^"%s^"", arg2)
		}
	}

	return 1
}

public clcmd_stop_demo(id)
{
	if(!(get_user_flags(id) & read_flags(g_ePluginSettings[szAdminAccess])))
	{
		client_print_color(id, id, "^4%s %L", g_ePluginSettings[szPrefix], 0, "YOU_DONT_HAVE_ACCESS")
		return 1
	}

#line 3347

	if(!g_eBooleans[bIsMixOn])
	{
		client_print_color(id, id, "^4%s %L", g_ePluginSettings[szPrefix], 0, "MIX_NOT_STARTED_YET")
		return 1
	}

	new arg1[32], target
	read_argv(1, arg1, (sizeof(arg1)-1))

#line 3360
	target = cmd_target(id, arg1)
#line 3362

	if(!target)
	{
		client_print_color(id, id, "^4%s %L", g_ePluginSettings[szPrefix], 0, "PLAYER_NOT_FOUND")
		return 1
	}

	static iPlayer, iPlayers[32], iNum
	get_players(iPlayers, iNum, "ch")

	for(new i; i < iNum; i++)
	{
		iPlayer = iPlayers[i]

		if(get_user_flags(iPlayer) & read_flags(g_ePluginSettings[szAdminFlags]))
		{
			if(iPlayer == id)
			{
				client_print_color(iPlayer, iPlayer, "^4%s %L", g_ePluginSettings[szPrefix], 0, "DEMO_STOPPED_BY_YOU_FOR_X", g_szName[target])
			}
			else
			{
				client_print_color(iPlayer, iPlayer, "^4%s %L", g_ePluginSettings[szPrefix], 0, "DEMO_STOPPED_BY_X_FOR_X", g_szName[id], g_szName[target])
			}
		}
	}

	client_cmd(target, "stop")

	return 1
}


public clcmd_say_pause(id)
{
	if(!g_eBooleans[bIsMixOn])
	{
		client_print_color(id, id, "^4%s %L", g_ePluginSettings[szPrefix], 0, "MIX_NOT_STARTED_YET")
		return 1
	}

	new CsTeams:iTeam = cs_get_user_team(id)

	switch(iTeam)
	{
		case CS_TEAM_T:
		{
			if(!g_eTeamPause[TERO_PAUSE])
			{
				g_eTeamPause[TERO_PAUSE] = 1
				client_print_color(0, 0, "^4%s %L", g_ePluginSettings[szPrefix], 0, "PLAYER_X_REQUESTED_TIMEOUT", g_szName[id])
			}
			else
			{
				client_print_color(id, id, "^4%s %L", g_ePluginSettings[szPrefix], 0, "YOUR_TEAM_ALREADY_TIMEOUT")
			}
		}
		case CS_TEAM_CT:
		{
			if(!g_eTeamPause[CT_PAUSE])
			{
				g_eTeamPause[CT_PAUSE] = 1
				client_print_color(0, 0, "^4%s %L", g_ePluginSettings[szPrefix], 0, "PLAYER_X_REQUESTED_TIMEOUT", g_szName[id])
			}
			else
			{
				client_print_color(id, id, "^4%s %L", g_ePluginSettings[szPrefix], 0, "YOUR_TEAM_ALREADY_TIMEOUT")
			}
		}
	}

	return 0
}


ResetScore()
{
	g_iScore[TERO_SCORE] = 0
	g_iScore[CT_SCORE] = 0
	g_iOvertimeScore[CT_OVER_SCORE] = 0
	g_iOvertimeScore[TERO_OVER_SCORE] = 0
	g_eTeamPause[CT_PAUSE] = 0
	g_eTeamPause[TERO_PAUSE] = 0
	g_iRoundNum = 0
	for(new i; i < 32; i++ )
	{
		g_eBooleans[bCanChat][i] = true
	}
	g_eBooleans[bIsMixOn] = false

	HLTV_StopRecording()
	Client_StopRecordingAll()
	g_eBooleans[bOvertime] = false  
	g_eBooleans[bTeamSwap] = false
	g_eBooleans[bIsWarm] = false
	g_eOvertime[FirstOvertime] = false
	g_eOvertime[SecondOvertime] = false
	g_eBooleans[bIsKnife] = false

#line 3462
	g_bVoted = false
	arrayset(g_iAnswer, 0, sizeof(g_iAnswer))
#line 3465
	server_cmd("sv_restart 1")
}

stock StartConfig()
{
	GetConfigsDir()

	server_cmd("exec %s/%s", g_szConfigsDir, g_ePluginSettings[szStartCfg])
}

stock StopConfig()
{
	GetConfigsDir()

	server_cmd("exec %s/%s", g_szConfigsDir, g_ePluginSettings[szStopCfg])
}

stock OvertimeConfig()
{
	GetConfigsDir()

	server_cmd("exec %s/%s", g_szConfigsDir, g_ePluginSettings[szOvertimeCfg])
}

stock GetConfigsDir()
{
	if(g_szConfigsDir[0] == EOS)
	{
		get_configsdir(g_szConfigsDir, (sizeof(g_szConfigsDir)-1))
	}
}

stock bool:is_bot(id)
{
	if(is_user_bot(id) || is_user_hltv(id))
	{
		return true
	}
	return false
}

public task_stop_mix()
{
	g_iDuration = 0

	remove_task(TASK_COUNT_DURATION)

	ResetScore()
}

stock bool:IsHalf()
{
	if(!g_eBooleans[bTeamSwap] && g_iRoundNum == 15 && !g_eBooleans[bOvertime])
	{
		return true
	}
	return false
}

stock bool:IsLastRound()
{
	if(g_eBooleans[bTeamSwap] && g_iScore[CT_SCORE] == g_ePluginSettings[iMixEndRound] && !g_eBooleans[bOvertime] || g_eBooleans[bTeamSwap] && g_iScore[TERO_SCORE] == g_ePluginSettings[iMixEndRound] && !g_eBooleans[bOvertime])
	{
		return true
	}
	return false
}

stock bool:IsPreLastRound()
{
	if(g_eBooleans[bTeamSwap] && g_iScore[CT_SCORE] == g_ePluginSettings[iOvertimeScore] && !g_eBooleans[bOvertime] || g_eBooleans[bTeamSwap] && g_iScore[TERO_SCORE] == g_ePluginSettings[iOvertimeScore] && !g_eBooleans[bOvertime])
	{
		return true
	}
	return false
}

stock bool:CanOvertime()
{
	if(IsPreLastRound() && g_iScore[CT_SCORE] == g_iScore[TERO_SCORE])
	{
		return true
	}
	return false
}

stock bool:OvertimeFinished()
{
#line 3554
	if(g_eBooleans[bOvertime] && g_eOvertime[SecondOvertime])
	{
		if(CheckOverScore() == g_ePluginSettings[iRoundOvertime] * 2)
		{
			return true
		}
		return false
	}
#line 3572
	return false
}

stock CheckOvertimePhase()
{
	if((CheckOverScore() == g_ePluginSettings[iRoundOvertime]) && g_eOvertime[FirstOvertime])
	{
		if(g_eBooleans[bOvertime] && !OvertimeFinished() && !g_eBooleans[bTeamSwap] && !g_eOvertime[SecondOvertime])
		{
			g_eOvertime[FirstOvertime] = true
			g_eOvertime[SecondOvertime] = true

			set_pcvar_num(g_cFreezeTime, 15)
			set_task(0.1, "task_swap_score")
			set_task(0.2, "task_delayed_swap")
			set_task(2.5, "task_show_halftime")
			set_task(12.0, "task_halftime_restart1")
			set_task(17.0, "task_halftime_restart2")
			set_task(22.0, "task_overtime_halftime_live")
		}
	}

#line 3597
}

stock CheckOverScore()
{
	new iResult
	iResult = g_iOvertimeScore[CT_OVER_SCORE] + g_iOvertimeScore[TERO_OVER_SCORE]

	return iResult
}

stock LastRoundUntilWin(output[], len)
{
	if(IsPreLastRound())
	{
		switch(CheckScore())
		{
			case CT_LAST:
			{
				formatex(output, len, "CTs")
			}
			case T_LAST:
			{
				formatex(output, len, "TERORISTs")
			}
		}
	}
}

stock CheckWinner()
{
	new iResult

	if(!g_eBooleans[bOvertime])
	{
		if(g_iScore[CT_SCORE] == g_ePluginSettings[iMixEndRound])
		{
			iResult = CT_SCORE

#line 3638
		}
		else if(g_iScore[TERO_SCORE] == g_ePluginSettings[iMixEndRound])
		{
			iResult = TERO_SCORE

#line 3646
		}
	}
	else 
	{
		if(CheckOverScore() == (g_ePluginSettings[iRoundOvertime] * 2))
		{
			if(g_iOvertimeScore[CT_OVER_SCORE] > g_iOvertimeScore[TERO_OVER_SCORE])
			{
				iResult = CT_OVER_SCORE

#line 3659
			}
			else if(g_iOvertimeScore[TERO_OVER_SCORE] > g_iOvertimeScore[CT_OVER_SCORE])
			{
				iResult = TERO_OVER_SCORE

#line 3667
			}
			else if(g_iOvertimeScore[TERO_OVER_SCORE] == g_iOvertimeScore[CT_OVER_SCORE])
			{
				iResult = DRAW

#line 3675
			}
		}
	}

#line 3682

	return iResult
}

stock WinnerTeam(output[], len)
{
	if(IsLastRound() || OvertimeFinished())
	{
		switch(CheckWinner())
		{
			case CT_SCORE, CT_OVER_SCORE:
			{
				formatex(output, len, "%L", 0, "CT_TEAM")
			}
			case TERO_SCORE, TERO_OVER_SCORE:
			{
				formatex(output, len, "%L", 0, "TERO_TEAM")
			}
			case DRAW:
			{
				formatex(output, len, "%L", 0, "DRAW")
			}
		}
	}
}

stock GiveTeamReward(iPlayer, iPoints)
{
	if(IsLastRound() || OvertimeFinished())
	{
		client_print_color(iPlayer, iPlayer, "^4%s ^1%L", g_ePluginSettings[szPrefix], 0, "MIX_YOUR_TEAM_WON", g_ePointSystem[PointsTeamWin])

		g_iPoints[iPlayer] += iPoints
	}
}

stock CheckScore()
{
	new iResult
	if(!g_eBooleans[bOvertime])
	{
		if(g_iScore[CT_SCORE] == (g_ePluginSettings[iMixEndRound] - 1 ))
		{
			iResult = CT_LAST
		}

		if(g_iScore[TERO_SCORE] == (g_ePluginSettings[iMixEndRound] - 1))
		{
			iResult = T_LAST
		}
	}

	return iResult
}

stock GetTeam(iNum, output[], len)
{
	switch(iNum)
	{
		case SPEC:
		{
			formatex(output, len, "%L", 0, "SPEC_TEAM")
		}
		case TERO:
		{
			formatex(output, len, "%L", 0, "TERO_TEAM")
		}
		case CT:
		{
			formatex(output, len, "%L", 0, "CT_TEAM")
		}
	}
}

stock _MenuExit(menu)
{
	menu_destroy(menu)
	return 1
}

stock _MenuDisplay(id, menu)
{
	menu_display(id, menu)
	set_member_s(id, m_iMenu, Menu_OFF)
	return 1
}

stock mysql_escape_string(const source[], dest[], length)
{
	SQL_QuoteString(Empty_Handle, dest, length, source)
}

stock SetGameDesc(MatchState:matchState)
{
	new szTemp[30]
	switch(matchState)
	{
		case MATCHSTATE_WARM:
		{
			formatex(szTemp, (sizeof(szTemp)-1), "%L", 0, "MATCHSTATE_WARM")
		}
		case MATCHSTATE_IN_MATCH:
		{
			formatex(szTemp, (sizeof(szTemp)-1), "%L", 0, "MATCHSTATE_IN_MATCH", g_iScore[CT_SCORE], g_iScore[TERO_SCORE])
		}
		case MATCHSTATE_KNIFE_ROUND:
		{
			formatex(szTemp, (sizeof(szTemp)-1), "%L", 0, "MATCHSTATE_KNIFE_ROUND")
		}
		case MATCHSTATE_OVERTIME:
		{
			formatex(szTemp, (sizeof(szTemp)-1), "%L", 0, "MATCHSTATE_OVERTIME", g_iOvertimeScore[CT_OVER_SCORE], g_iOvertimeScore[TERO_OVER_SCORE])
		}
	}

	set_member_game(m_GameDesc, szTemp)
}

public native_is_half(iPluginID, iParamNum)
{
	return IsHalf()
}

public native_is_last_round(iPluginID, iParamNum)
{
	return IsLastRound()
}

public native_is_prelast_round(iPluginID, iParamNum)
{
	return IsPreLastRound()
}

public native_can_overtime(iPluginID, iParamNum)
{
	return CanOvertime()
}

public native_is_started(iPluginID, iParamNum)
{
	return g_eBooleans[bIsMixOn]
}

public native_is_warm(iPluginID, iParamNum)
{
	return g_eBooleans[bIsWarm]
}	

public native_get_prefix(iPluginID, iParamNum)
{
	set_string(1, g_ePluginSettings[szPrefix], get_param(2))
}

public native_get_username(iPluginID, iParamNum)
{
	if (iParamNum != 3)
	{
		log_error(10, "%s Invalid param num ! Valid: (PlayerID, Name[], Len)", g_ePluginSettings[szPrefix])
		return -1
	}
	new id = get_param(1)

	if(!is_user_connected(id))
	{
		log_error(10, "%s Player is not connected (%d)", g_ePluginSettings[szPrefix], id)
		return -1
	}

	set_string(2, g_szName[id], get_param(3))

	return 1
}


public native_has_points_sys(iPluginID, iParamNum)
{
	return false
}

public task_start_warm()
{
	clcmd_warm(0)
}

public task_show_live()
{
	fnScreenFade(0, 5, 5, {0, 255, 0}, 75, 0x0000)
	set_dhudmessage(0, 255, 0, -1.0, 0.3, 2, 0.1, 5.0, 0.1, 5.0)
	show_dhudmessage(0, "=== LIVE LIVE LIVE ===")
}

public task_show_halftime()
{
	fnScreenFade(0, 5, 5, {0, 150, 255}, 75, 0x0000)
	set_dhudmessage(0, 150, 255, -1.0, 0.3, 2, 0.1, 5.0, 0.1, 5.0)
	show_dhudmessage(0, "=== HALF TIME ===")
}

public task_reapply_warm()
{
	server_cmd("mp_freezetime 0")
	server_cmd("mp_buytime 99999")
	server_cmd("mp_startmoney 16000")
	new iPlayer, iPlayers[32], iNum
	get_players(iPlayers, iNum, "ch")
	for(new i; i < iNum; i++)
	{
		iPlayer = iPlayers[i]
		if(is_user_connected(iPlayer))
			rg_add_account(iPlayer, 16000, AS_SET)
	}
}

stock fnScreenFade(id, Timer, FadeTime, Colors[3], Alpha, Type)
{
	if(id == 0)
	{
		message_begin(0, g_iMsgScreenFade)
	}
	else
	{
		if(!is_user_connected(id)) return
		message_begin(8, g_iMsgScreenFade, _, id)
	}
	write_short((1<<12) * Timer)
	write_short((1<<12) * FadeTime)
	write_short(Type)
	write_byte(Colors[0])
	write_byte(Colors[1])
	write_byte(Colors[2])
	write_byte(Alpha)
	message_end()
}

public task_overtime_live()
{
	server_cmd("sv_restart 1")
	set_pcvar_num(g_cFreezeTime, 12)
	set_task(2.5, "task_show_overtime_start")
}

public task_show_overtime_start()
{
	fnScreenFade(0, 5, 5, {255, 100, 0}, 75, 0x0000)
	set_dhudmessage(255, 100, 0, -1.0, 0.3, 2, 0.1, 5.0, 0.1, 5.0)

	new szMsg[128]
	formatex(szMsg, (sizeof(szMsg)-1), "=== OVERTIME STARTED ===^nWINNER GETS %d ROUNDS TOTAL", g_ePluginSettings[iRoundOvertime] + 1)
	show_dhudmessage(0, szMsg)
}

public task_overtime_halftime_live()
{
	server_cmd("sv_restart 1")
	set_pcvar_num(g_cFreezeTime, 12)
	set_task(2.5, "task_show_halftime")
}

public clcmd_hs1(id)
{
	if(id && !(get_user_flags(id) & read_flags(g_ePluginSettings[szAdminAccess])))
	{
		client_print_color(id, id, "^4%s %L", g_ePluginSettings[szPrefix], 0, "YOU_DONT_HAVE_ACCESS")
		return 1
	}

	HLTV_StartRecording("GL_Mix")
	Client_StartRecordingAll("GL_Mix")
	return 1
}

public clcmd_hs0(id)
{
	if(id && !(get_user_flags(id) & read_flags(g_ePluginSettings[szAdminAccess])))
	{
		client_print_color(id, id, "^4%s %L", g_ePluginSettings[szPrefix], 0, "YOU_DONT_HAVE_ACCESS")
		return 1
	}

	HLTV_StopRecording()
	Client_StopRecordingAll()
	return 1
}
